# This file uses centimeters as units for non-parametric coordinates.

mtllib juegos1.mtl
v -0.429951 0.005025 1.546508
v -0.420934 0.005004 1.570790
v -0.429951 0.004980 1.595046
v -0.429951 0.865411 1.548626
v -0.420934 0.857801 1.571795
v -0.429951 0.850446 1.595047
v -0.452984 0.868213 1.539499
v -0.452984 0.847390 1.604092
v -0.476017 0.865411 1.548626
v -0.485034 0.857801 1.571795
v -0.476017 0.850446 1.595047
v -0.476017 0.005025 1.546508
v -0.485034 0.005004 1.570790
v -0.476017 0.004980 1.595046
v -0.452984 0.005035 1.537021
v -0.452984 0.005002 1.570777
v -0.452984 0.004972 1.604559
v -0.485034 0.404396 1.520397
v -0.476309 0.396349 1.495651
v -0.429658 0.396349 1.495651
v -0.420934 0.404396 1.520397
v -0.429951 0.404375 1.544784
v -0.452984 0.404396 1.554330
v -0.476017 0.404375 1.544784
v -0.476017 0.686253 1.557871
v -0.485034 0.686386 1.533991
v -0.476017 0.686520 1.510134
v -0.429951 0.686520 1.510134
v -0.420934 0.686386 1.533991
v -0.429951 0.686253 1.557871
v -0.452984 0.686200 1.567203
v -0.485034 0.347930 1.528129
v -0.476309 0.357680 1.500315
v -0.452984 0.346790 1.494556
v -0.429658 0.357680 1.500315
v -0.420934 0.347930 1.528129
v -0.429951 0.347891 1.552516
v -0.452984 0.347930 1.562063
v -0.476017 0.347891 1.552516
v -0.481127 0.375267 1.498041
v -0.485034 0.375459 1.524360
v -0.476017 0.375430 1.548746
v -0.452984 0.375459 1.558293
v -0.429951 0.375430 1.548746
v -0.420934 0.375459 1.524360
v -0.424841 0.375267 1.498041
v -0.476309 0.396349 1.109816
v -0.481127 0.375267 1.109850
v -0.452984 0.405535 1.109732
v -0.429658 0.396349 1.109816
v -0.476309 0.357680 1.109884
v -0.452984 0.346790 1.109800
v -0.429658 0.357680 1.109884
v -0.424841 0.375267 1.109850
v -0.476309 0.380567 1.067604
v -0.481127 0.363557 1.080058
v -0.452984 0.387939 1.062122
v -0.429658 0.380567 1.067604
v -0.476309 0.349369 1.090451
v -0.452984 0.340522 1.096801
v -0.429658 0.349369 1.090451
v -0.424841 0.363557 1.080058
v -0.476309 0.342444 1.038091
v -0.481127 0.336043 1.058178
v -0.452984 0.345168 1.029317
v -0.429658 0.342444 1.038091
v -0.476309 0.330707 1.074936
v -0.452984 0.327304 1.085280
v -0.429658 0.330707 1.074936
v -0.424841 0.336043 1.058178
v -0.476309 0.299199 1.026024
v -0.481127 0.296208 1.046893
v -0.452984 0.300434 1.016921
v -0.429658 0.299199 1.026024
v -0.476309 0.293718 1.064302
v -0.452984 0.292073 1.075068
v -0.429658 0.293718 1.064302
v -0.424841 0.296208 1.046893
v -0.476309 0.006645 1.026024
v -0.481127 0.006571 1.046893
v -0.452984 0.006676 1.016921
v -0.429658 0.006645 1.026024
v -0.476309 0.006509 1.064302
v -0.452984 0.006469 1.075068
v -0.429658 0.006509 1.064302
v -0.424841 0.006571 1.046893
v -0.476296 0.412335 1.495815
v -0.452984 0.412284 1.489928
v -0.476309 0.412285 1.109816
v -0.452984 0.412257 1.109732
v -0.429672 0.412335 1.495815
v -0.429658 0.412285 1.109816
v -0.424841 0.375267 1.407866
v -0.429658 0.357680 1.407854
v -0.452984 0.346790 1.407884
v -0.476309 0.357680 1.407854
v -0.481127 0.375267 1.407866
v -0.476309 0.396349 1.407879
v -0.476309 0.412285 1.407843
v -0.452984 0.412257 1.407859
v -0.429658 0.412285 1.407843
v -0.429658 0.396349 1.407878
v -0.424841 0.375267 1.394309
v -0.429658 0.357680 1.394308
v -0.452984 0.346790 1.394312
v -0.476309 0.357680 1.394308
v -0.481127 0.375267 1.394309
v -0.476309 0.396349 1.394641
v -0.476309 0.412285 1.394473
v -0.452984 0.412257 1.394435
v -0.429658 0.412285 1.394473
v -0.429658 0.396349 1.394641
v -0.424841 0.375267 1.310619
v -0.429658 0.357680 1.310611
v -0.452984 0.346790 1.310632
v -0.476309 0.357680 1.310611
v -0.481127 0.375267 1.310619
v -0.476309 0.396349 1.310632
v -0.476309 0.412285 1.310066
v -0.452984 0.412257 1.310169
v -0.429658 0.412285 1.310066
v -0.429658 0.396349 1.310628
v -0.424841 0.375267 1.295193
v -0.429658 0.357680 1.295210
v -0.452984 0.346790 1.295167
v -0.476309 0.357680 1.295210
v -0.481127 0.375267 1.295193
v -0.476309 0.396349 1.295171
v -0.476309 0.412285 1.295221
v -0.452984 0.412257 1.295250
v -0.429658 0.412285 1.295221
v -0.429658 0.396349 1.295175
v -0.424841 0.375267 1.207619
v -0.429658 0.357680 1.207618
v -0.452984 0.346790 1.207619
v -0.476309 0.357680 1.207618
v -0.481127 0.375267 1.207619
v -0.476309 0.396349 1.207620
v -0.476309 0.412285 1.207544
v -0.452984 0.412257 1.207552
v -0.429658 0.412285 1.207544
v -0.429658 0.396349 1.207620
v -0.424841 0.375267 1.195606
v -0.429658 0.357680 1.195609
v -0.452984 0.346790 1.195602
v -0.476309 0.357680 1.195609
v -0.481127 0.375267 1.195606
v -0.476309 0.396349 1.195600
v -0.476309 0.412285 1.195747
v -0.452984 0.412257 1.195758
v -0.429658 0.412285 1.195747
v -0.429658 0.396349 1.195600
v -0.528708 0.396349 1.495651
v -0.528708 0.396349 1.407843
v -0.528708 0.412285 1.407843
v -0.528708 0.412285 1.495695
v -0.528708 0.396349 1.394473
v -0.528708 0.412285 1.394473
v -0.528708 0.396349 1.310066
v -0.528708 0.412285 1.310066
v -0.528708 0.396349 1.294902
v -0.528708 0.412285 1.295221
v -0.528708 0.396349 1.207544
v -0.528708 0.412285 1.207544
v -0.528708 0.396349 1.195747
v -0.528708 0.412285 1.195747
v -0.528708 0.396349 1.109816
v -0.528708 0.412285 1.109816
v -0.453017 0.398772 1.196074
v -0.453017 0.398772 1.207909
v -0.453224 0.398762 1.295710
v -0.453224 0.398762 1.310438
v -0.453009 0.398679 1.394647
v -0.453009 0.398679 1.407917
v -0.487121 0.813134 1.558949
v -0.477517 0.813179 1.534621
v -0.452984 0.813197 1.525050
v -0.428450 0.813179 1.534621
v -0.418846 0.813134 1.558949
v -0.428450 0.813090 1.583346
v -0.452984 0.813072 1.592849
v -0.477517 0.813090 1.583346
v -0.436416 0.878689 1.560099
v -0.429930 0.873215 1.576764
v -0.452984 0.880704 1.553534
v -0.436416 0.867924 1.593489
v -0.452984 0.865726 1.599995
v -0.476037 0.873215 1.576764
v -0.469551 0.878689 1.560099
v -0.469551 0.867924 1.593489
v -0.446832 0.883366 1.573194
v -0.444424 0.881333 1.579382
v -0.452984 0.881367 1.579393
v -0.452984 0.884114 1.570756
v -0.446832 0.879369 1.585591
v -0.452984 0.878553 1.588007
v -0.461543 0.881333 1.579382
v -0.459135 0.883366 1.573194
v -0.459135 0.879369 1.585591
v -0.485034 0.557963 1.522048
v -0.476137 0.558236 1.497751
v -0.429831 0.558236 1.497751
v -0.420934 0.557963 1.522048
v -0.429951 0.557972 1.545825
v -0.452984 0.557970 1.555122
v -0.476017 0.557972 1.545825
v -0.476260 0.452927 1.496251
v -0.452984 0.453011 1.490026
v -0.429708 0.452927 1.496251
v -0.476137 0.558236 1.484341
v -0.452984 0.558217 1.484351
v -0.452984 0.686523 1.496722
v -0.476017 0.686520 1.496724
v -0.429831 0.558236 1.484341
v -0.429951 0.686520 1.496724
v -0.452984 0.813197 1.521426
v -0.477517 0.813179 1.521428
v -0.428450 0.813179 1.521428
v -0.485125 0.699669 1.535083
v -0.476082 0.699802 1.511204
v -0.476082 0.699802 1.498213
v -0.452984 0.699853 1.498217
v -0.429885 0.699802 1.498213
v -0.429885 0.699802 1.511204
v -0.420843 0.699669 1.535083
v -0.429885 0.699538 1.558985
v -0.452984 0.699485 1.568325
v -0.476082 0.699538 1.558985
v -0.485034 0.579853 1.522766
v -0.476130 0.580106 1.498495
v -0.476130 0.580136 1.485087
v -0.452984 0.580119 1.485087
v -0.429838 0.580136 1.485087
v -0.429838 0.580106 1.498495
v -0.420934 0.579853 1.522766
v -0.429951 0.579142 1.546550
v -0.452984 0.578859 1.555849
v -0.476017 0.579142 1.546550
v -0.485034 0.453032 1.520869
v -0.476260 0.453092 1.483491
v -0.452984 0.453095 1.483485
v -0.429708 0.453092 1.483491
v -0.420934 0.453032 1.520869
v -0.429951 0.453000 1.545081
v -0.452984 0.452988 1.554557
v -0.476017 0.453000 1.545081
v -0.528659 0.686520 1.510134
v -0.528659 0.580128 1.498495
v -0.528659 0.580128 1.485086
v -0.528659 0.686520 1.496724
v -0.528659 0.813179 1.534621
v -0.528659 0.699802 1.511204
v -0.528659 0.699802 1.498213
v -0.528659 0.813179 1.521428
v -0.528659 0.558236 1.497751
v -0.528544 0.452927 1.496251
v -0.528544 0.453092 1.483491
v -0.528659 0.558236 1.484341
v -0.452928 0.699802 1.506189
v -0.452930 0.686520 1.505118
v -0.453245 0.580106 1.493480
v -0.453245 0.558236 1.492736
v 0.677379 0.005025 1.546508
v 0.668362 0.005004 1.570790
v 0.677379 0.004980 1.595046
v 0.677379 0.865411 1.548626
v 0.668362 0.857801 1.571795
v 0.677379 0.850446 1.595047
v 0.700412 0.868213 1.539499
v 0.700412 0.847390 1.604092
v 0.723445 0.865411 1.548626
v 0.732462 0.857801 1.571795
v 0.723445 0.850446 1.595047
v 0.723445 0.005025 1.546508
v 0.732462 0.005004 1.570790
v 0.723445 0.004980 1.595046
v 0.700412 0.005035 1.537021
v 0.700412 0.005002 1.570777
v 0.700412 0.004972 1.604559
v 0.732462 0.404396 1.520397
v 0.723737 0.396349 1.495651
v 0.677086 0.396349 1.495651
v 0.668362 0.404396 1.520397
v 0.677379 0.404375 1.544784
v 0.700412 0.404396 1.554330
v 0.723445 0.404375 1.544784
v 0.723445 0.686253 1.557871
v 0.732462 0.686386 1.533991
v 0.723445 0.686520 1.510134
v 0.677379 0.686520 1.510134
v 0.668362 0.686386 1.533991
v 0.677379 0.686253 1.557871
v 0.700412 0.686200 1.567203
v 0.732462 0.347930 1.528129
v 0.723737 0.357680 1.500315
v 0.700412 0.346790 1.494556
v 0.677086 0.357680 1.500315
v 0.668362 0.347930 1.528129
v 0.677379 0.347891 1.552516
v 0.700412 0.347930 1.562063
v 0.723445 0.347891 1.552516
v 0.728554 0.375267 1.498041
v 0.732462 0.375459 1.524360
v 0.723445 0.375430 1.548746
v 0.700412 0.375459 1.558293
v 0.677379 0.375430 1.548746
v 0.668362 0.375459 1.524360
v 0.672269 0.375267 1.498041
v 0.723737 0.396349 1.109816
v 0.728554 0.375267 1.109850
v 0.700412 0.405535 1.109732
v 0.677086 0.396349 1.109816
v 0.723737 0.357680 1.109884
v 0.700412 0.346790 1.109800
v 0.677086 0.357680 1.109884
v 0.672269 0.375267 1.109850
v 0.723737 0.380567 1.067604
v 0.728554 0.363557 1.080058
v 0.700412 0.387939 1.062122
v 0.677086 0.380567 1.067604
v 0.723737 0.349369 1.090451
v 0.700412 0.340522 1.096801
v 0.677086 0.349369 1.090451
v 0.672269 0.363557 1.080058
v 0.723737 0.342444 1.038091
v 0.728554 0.336043 1.058178
v 0.700412 0.345168 1.029317
v 0.677086 0.342444 1.038091
v 0.723737 0.330707 1.074936
v 0.700412 0.327304 1.085280
v 0.677086 0.330707 1.074936
v 0.672269 0.336043 1.058178
v 0.723737 0.299199 1.026024
v 0.728554 0.296208 1.046893
v 0.700412 0.300434 1.016921
v 0.677086 0.299199 1.026024
v 0.723737 0.293718 1.064302
v 0.700412 0.292073 1.075068
v 0.677086 0.293718 1.064302
v 0.672269 0.296208 1.046893
v 0.723737 0.006645 1.026024
v 0.728554 0.006571 1.046893
v 0.700412 0.006676 1.016921
v 0.677086 0.006645 1.026024
v 0.723737 0.006509 1.064302
v 0.700412 0.006469 1.075068
v 0.677086 0.006509 1.064302
v 0.672269 0.006571 1.046893
v 0.723707 0.412262 1.496013
v 0.700412 0.412262 1.489973
v 0.723737 0.412285 1.109816
v 0.700412 0.412257 1.109732
v 0.677116 0.412262 1.496013
v 0.677086 0.412285 1.109816
v 0.672269 0.375267 1.407866
v 0.677086 0.357680 1.407854
v 0.700412 0.346790 1.407884
v 0.723737 0.357680 1.407854
v 0.728554 0.375267 1.407866
v 0.723737 0.396349 1.407879
v 0.723737 0.412285 1.407843
v 0.700412 0.412257 1.407859
v 0.677086 0.412285 1.407843
v 0.677086 0.396349 1.407878
v 0.672269 0.375267 1.394309
v 0.677086 0.357680 1.394308
v 0.700412 0.346790 1.394312
v 0.723737 0.357680 1.394308
v 0.728554 0.375267 1.394309
v 0.723737 0.396349 1.394641
v 0.723737 0.412285 1.394473
v 0.700412 0.412257 1.394435
v 0.677086 0.412285 1.394473
v 0.677086 0.396349 1.394641
v 0.672269 0.375267 1.310619
v 0.677086 0.357680 1.310611
v 0.700412 0.346790 1.310632
v 0.723737 0.357680 1.310611
v 0.728554 0.375267 1.310619
v 0.723737 0.396349 1.310632
v 0.723737 0.412285 1.310066
v 0.700412 0.412257 1.310169
v 0.677086 0.412285 1.310066
v 0.677086 0.396349 1.310628
v 0.672269 0.375267 1.295193
v 0.677086 0.357680 1.295210
v 0.700412 0.346790 1.295167
v 0.723737 0.357680 1.295210
v 0.728554 0.375267 1.295193
v 0.723737 0.396349 1.295171
v 0.723737 0.412285 1.295221
v 0.700412 0.412257 1.295250
v 0.677086 0.412285 1.295221
v 0.677086 0.396349 1.295175
v 0.672269 0.375267 1.207619
v 0.677086 0.357680 1.207618
v 0.700412 0.346790 1.207619
v 0.723737 0.357680 1.207618
v 0.728554 0.375267 1.207619
v 0.723737 0.396349 1.207620
v 0.723737 0.412285 1.207544
v 0.700412 0.412257 1.207552
v 0.677086 0.412285 1.207544
v 0.677086 0.396349 1.207620
v 0.672269 0.375267 1.195606
v 0.677086 0.357680 1.195609
v 0.700412 0.346790 1.195602
v 0.723737 0.357680 1.195609
v 0.728554 0.375267 1.195606
v 0.723737 0.396349 1.195600
v 0.723737 0.412285 1.195747
v 0.700412 0.412257 1.195758
v 0.677086 0.412285 1.195747
v 0.677086 0.396349 1.195600
v 0.776136 0.396349 1.495651
v 0.776136 0.396349 1.407843
v 0.776136 0.412285 1.407843
v 0.776136 0.412285 1.495695
v 0.776136 0.396349 1.394473
v 0.776136 0.412285 1.394473
v 0.776136 0.396349 1.310066
v 0.776136 0.412285 1.310066
v 0.776136 0.396349 1.294902
v 0.776136 0.412285 1.295221
v 0.776136 0.396349 1.207544
v 0.776136 0.412285 1.207544
v 0.776136 0.396349 1.195747
v 0.776136 0.412285 1.195747
v 0.776136 0.396349 1.109816
v 0.776136 0.412285 1.109816
v 0.700445 0.398772 1.196074
v 0.700445 0.398772 1.207909
v 0.700652 0.398762 1.295710
v 0.700652 0.398762 1.310438
v 0.700437 0.398679 1.394647
v 0.700437 0.398679 1.407917
v 0.734549 0.813134 1.558949
v 0.724945 0.813179 1.534621
v 0.700412 0.813197 1.525050
v 0.675878 0.813179 1.534621
v 0.666274 0.813134 1.558949
v 0.675878 0.813090 1.583346
v 0.700412 0.813072 1.592849
v 0.724945 0.813090 1.583346
v 0.683844 0.878689 1.560099
v 0.677358 0.873215 1.576764
v 0.700412 0.880704 1.553534
v 0.683844 0.867924 1.593489
v 0.700412 0.865726 1.599995
v 0.723465 0.873215 1.576764
v 0.716979 0.878689 1.560099
v 0.716979 0.867924 1.593489
v 0.694260 0.883366 1.573194
v 0.691852 0.881333 1.579382
v 0.700412 0.881367 1.579393
v 0.700412 0.884114 1.570756
v 0.694260 0.879369 1.585591
v 0.700412 0.878553 1.588007
v 0.708971 0.881333 1.579382
v 0.706563 0.883366 1.573194
v 0.706563 0.879369 1.585591
v 0.732462 0.557963 1.522048
v 0.723565 0.558236 1.497751
v 0.677258 0.558236 1.497751
v 0.668362 0.557963 1.522048
v 0.677379 0.557972 1.545825
v 0.700412 0.557970 1.555122
v 0.723445 0.557972 1.545825
v 0.723688 0.452927 1.496251
v 0.700412 0.453011 1.490026
v 0.677136 0.452927 1.496251
v 0.723565 0.558236 1.484341
v 0.700412 0.558217 1.484351
v 0.700412 0.686523 1.496722
v 0.723445 0.686520 1.496724
v 0.677258 0.558236 1.484341
v 0.677379 0.686520 1.496724
v 0.700412 0.813197 1.521426
v 0.724945 0.813179 1.521428
v 0.675878 0.813179 1.521428
v 0.732553 0.699669 1.535083
v 0.723510 0.699802 1.511204
v 0.723510 0.699802 1.498213
v 0.700412 0.699853 1.498217
v 0.677313 0.699802 1.498213
v 0.677313 0.699802 1.511204
v 0.668271 0.699669 1.535083
v 0.677313 0.699538 1.558985
v 0.700412 0.699485 1.568325
v 0.723510 0.699538 1.558985
v 0.732462 0.579853 1.522766
v 0.723558 0.580106 1.498495
v 0.723558 0.580136 1.485087
v 0.700412 0.580119 1.485087
v 0.677266 0.580136 1.485087
v 0.677266 0.580106 1.498495
v 0.668362 0.579853 1.522766
v 0.677379 0.579142 1.546550
v 0.700412 0.578859 1.555849
v 0.723445 0.579142 1.546550
v 0.732462 0.453032 1.520869
v 0.723688 0.453092 1.483491
v 0.700412 0.453095 1.483485
v 0.677136 0.453092 1.483491
v 0.668362 0.453032 1.520869
v 0.677379 0.453000 1.545081
v 0.700412 0.452988 1.554557
v 0.723445 0.453000 1.545081
v 0.776087 0.686520 1.510134
v 0.776087 0.580128 1.498495
v 0.776087 0.580128 1.485086
v 0.776087 0.686520 1.496724
v 0.776087 0.813179 1.534621
v 0.776087 0.699802 1.511204
v 0.776087 0.699802 1.498213
v 0.776087 0.813179 1.521428
v 0.776087 0.558236 1.497751
v 0.775972 0.452927 1.496251
v 0.775972 0.453092 1.483491
v 0.776087 0.558236 1.484341
v 0.700356 0.699802 1.506189
v 0.700358 0.686520 1.505118
v 0.700673 0.580106 1.493480
v 0.700673 0.558236 1.492736
v -0.485034 0.412288 1.520526
v -0.476017 0.412288 1.544865
v -0.452984 0.412288 1.554392
v -0.429951 0.412288 1.544865
v -0.420934 0.412288 1.520526
v 0.668362 0.412262 1.520682
v 0.677379 0.412262 1.544963
v 0.700412 0.412262 1.554467
v 0.723445 0.412262 1.544963
v 0.732462 0.412262 1.520682
v 0.469367 0.424291 -0.614282
v 0.469367 0.424291 -0.731518
v 0.493687 0.459676 -0.614282
v 0.493687 0.459676 -0.731518
v 0.459895 0.434593 -0.614282
v 0.459895 0.434593 -0.731518
v 0.459895 0.462477 -0.731518
v 0.459895 0.462477 -0.614282
v 0.605320 0.422540 -0.731518
v 0.493687 0.411792 -0.614282
v 0.498608 0.437685 -0.731518
v 0.750745 0.395094 -0.731518
v 0.605320 0.400014 -0.731518
v 0.498608 0.437685 -0.614282
v 0.750745 0.417620 -0.614282
v 0.605320 0.422540 -0.614282
v 0.605320 0.400014 -0.614282
v 0.493687 0.411792 -0.731518
v 1.032123 0.424291 -0.614282
v 1.032123 0.424291 -0.731518
v 1.007802 0.459676 -0.614282
v 1.007802 0.459676 -0.731518
v 1.041594 0.434593 -0.614282
v 1.041594 0.434593 -0.731518
v 1.041594 0.462477 -0.731518
v 1.041594 0.462477 -0.614282
v 0.896170 0.422540 -0.731518
v 0.750745 0.417620 -0.731518
v 1.007802 0.411792 -0.614282
v 1.002882 0.437685 -0.731518
v 0.896170 0.400014 -0.731518
v 1.002882 0.437685 -0.614282
v 0.896170 0.422540 -0.614282
v 0.896170 0.400014 -0.614282
v 0.750745 0.395094 -0.614282
v 1.007802 0.411792 -0.731518
v 1.053868 1.564324 -0.673531
v 1.053815 1.562479 -0.668460
v 1.053680 1.557806 -0.665762
v 1.053526 1.552493 -0.666699
v 1.053426 1.549025 -0.670833
v 1.053426 1.549025 -0.676229
v 1.053526 1.552493 -0.680362
v 1.053680 1.557806 -0.681300
v 1.053815 1.562479 -0.678601
v 1.078054 1.555212 -0.673531
v 1.076139 1.553879 -0.668460
v 1.071291 1.550503 -0.665762
v 1.065778 1.546665 -0.666699
v 1.062180 1.544160 -0.670833
v 1.062180 1.544160 -0.676229
v 1.065778 1.546665 -0.680362
v 1.071291 1.550503 -0.681300
v 1.076139 1.553879 -0.678601
v 1.079030 1.455583 -0.673531
v 1.076844 1.456716 -0.668460
v 1.071310 1.459585 -0.665762
v 1.065017 1.462847 -0.666699
v 1.060910 1.464976 -0.670833
v 1.060910 1.464976 -0.676229
v 1.065017 1.462847 -0.680362
v 1.071310 1.459585 -0.681300
v 1.076844 1.456716 -0.678601
v 1.027098 1.557707 -0.673531
v 1.029058 1.556404 -0.668460
v 1.034020 1.553102 -0.665762
v 1.039662 1.549349 -0.666699
v 1.043345 1.546899 -0.670833
v 1.043345 1.546899 -0.676229
v 1.039662 1.549349 -0.680362
v 1.034020 1.553102 -0.681300
v 1.029058 1.556404 -0.678601
v 1.022914 1.459200 -0.673531
v 1.025064 1.460363 -0.668460
v 1.030506 1.463309 -0.665762
v 1.036695 1.466658 -0.666699
v 1.040734 1.468844 -0.670833
v 1.040734 1.468844 -0.676229
v 1.036695 1.466658 -0.680362
v 1.030506 1.463309 -0.681300
v 1.025064 1.460363 -0.678601
v 1.053436 1.444427 -0.673531
v 1.053299 1.446270 -0.668460
v 1.052953 1.450937 -0.665762
v 1.052559 1.456245 -0.666699
v 1.052302 1.459710 -0.670833
v 1.052302 1.459710 -0.676229
v 1.052559 1.456245 -0.680362
v 1.052953 1.450937 -0.681300
v 1.053299 1.446270 -0.678601
v 1.041252 1.455738 -0.673531
v 1.044013 1.455702 -0.668460
v 1.051005 1.455612 -0.665762
v 1.058956 1.455510 -0.666699
v 1.064146 1.455444 -0.670833
v 1.064146 1.455444 -0.676229
v 1.058956 1.455510 -0.680362
v 1.051005 1.455612 -0.681300
v 1.044013 1.455702 -0.678601
v 1.019312 0.697444 -0.673531
v 1.022073 0.697409 -0.668460
v 1.029065 0.697319 -0.665762
v 1.037016 0.697216 -0.666699
v 1.042206 0.697150 -0.670833
v 1.042206 0.697150 -0.676229
v 1.037016 0.697216 -0.680362
v 1.029065 0.697319 -0.681300
v 1.022073 0.697409 -0.678601
v 1.018715 0.676823 -0.670134
v 1.021555 0.679509 -0.667610
v 1.028589 0.680867 -0.666267
v 1.036526 0.680262 -0.666734
v 1.041651 0.677977 -0.668791
v 1.041567 0.675080 -0.671477
v 1.036314 0.672928 -0.673534
v 1.028348 0.672528 -0.674000
v 1.021398 0.674066 -0.672657
v 1.012351 0.456861 -0.628448
v 1.015113 0.456834 -0.623377
v 1.022105 0.456748 -0.620679
v 1.030056 0.456645 -0.621616
v 1.035245 0.456571 -0.625750
v 1.035245 0.456562 -0.631146
v 1.030055 0.456622 -0.635280
v 1.022104 0.456722 -0.636217
v 1.015112 0.456817 -0.633519
v 1.018715 0.676823 -0.673325
v 1.021555 0.679509 -0.675849
v 1.028589 0.680867 -0.677192
v 1.036526 0.680262 -0.676725
v 1.041651 0.677977 -0.674668
v 1.041567 0.675080 -0.671982
v 1.036314 0.672928 -0.669925
v 1.028348 0.672528 -0.669459
v 1.021398 0.674066 -0.670802
v 1.012351 0.456861 -0.715011
v 1.015113 0.456834 -0.720082
v 1.022105 0.456748 -0.722780
v 1.030056 0.456645 -0.721843
v 1.035245 0.456571 -0.717709
v 1.035245 0.456562 -0.712313
v 1.030055 0.456622 -0.708179
v 1.022104 0.456722 -0.707242
v 1.015112 0.456817 -0.709940
v 1.031825 0.703368 -0.682220
v 1.030756 0.666412 -0.682220
v 1.036687 0.666336 -0.681433
v 1.037757 0.703291 -0.681433
v 1.041716 0.666271 -0.679193
v 1.042786 0.703227 -0.679193
v 1.045076 0.666228 -0.675840
v 1.046146 0.703184 -0.675840
v 1.046256 0.666213 -0.671885
v 1.047326 0.703168 -0.671885
v 1.045076 0.666228 -0.667929
v 1.046146 0.703184 -0.667929
v 1.041716 0.666271 -0.664576
v 1.042786 0.703227 -0.664576
v 1.036687 0.666336 -0.662336
v 1.037757 0.703291 -0.662336
v 1.030756 0.666412 -0.661549
v 1.031825 0.703368 -0.661549
v 1.024824 0.666488 -0.662336
v 1.025893 0.703444 -0.662336
v 1.019795 0.666553 -0.664576
v 1.020864 0.703509 -0.664576
v 1.016435 0.666596 -0.667929
v 1.017504 0.703552 -0.667929
v 1.015255 0.666611 -0.671885
v 1.016324 0.703567 -0.671885
v 1.016435 0.666596 -0.675840
v 1.017504 0.703552 -0.675840
v 1.019795 0.666553 -0.679193
v 1.020864 0.703509 -0.679193
v 1.024824 0.666488 -0.681433
v 1.025893 0.703444 -0.681433
v 0.445640 1.564325 -0.673531
v 0.445688 1.562480 -0.668460
v 0.445809 1.557807 -0.665762
v 0.445946 1.552494 -0.666699
v 0.446036 1.549026 -0.670833
v 0.446036 1.549026 -0.676229
v 0.445946 1.552494 -0.680362
v 0.445809 1.557807 -0.681300
v 0.445688 1.562480 -0.678601
v 0.470309 1.555807 -0.673531
v 0.468468 1.554429 -0.668460
v 0.463808 1.550938 -0.665762
v 0.458509 1.546968 -0.666699
v 0.455050 1.544376 -0.670833
v 0.455050 1.544376 -0.676229
v 0.458509 1.546968 -0.680362
v 0.463808 1.550938 -0.681300
v 0.468468 1.554429 -0.678601
v 0.476737 1.456269 -0.673531
v 0.474491 1.457348 -0.668460
v 0.468804 1.460080 -0.665762
v 0.462336 1.463187 -0.666699
v 0.458115 1.465215 -0.670833
v 0.458115 1.465215 -0.676229
v 0.462336 1.463187 -0.680362
v 0.468804 1.460080 -0.681300
v 0.474491 1.457348 -0.678601
v 0.419250 1.557062 -0.673531
v 0.421280 1.555807 -0.668460
v 0.426420 1.552629 -0.665762
v 0.432264 1.549015 -0.666699
v 0.436078 1.546656 -0.670833
v 0.436078 1.546656 -0.676229
v 0.432264 1.549015 -0.680362
v 0.426420 1.552629 -0.681300
v 0.421280 1.555807 -0.678601
v 0.420461 1.458518 -0.673531
v 0.422545 1.459733 -0.668460
v 0.427823 1.462809 -0.665762
v 0.433824 1.466307 -0.666699
v 0.437741 1.468590 -0.670833
v 0.437741 1.468590 -0.676229
v 0.433824 1.466307 -0.680362
v 0.427823 1.462809 -0.681300
v 0.422545 1.459733 -0.678601
v 0.451771 1.444497 -0.673531
v 0.451533 1.446336 -0.668460
v 0.450932 1.450992 -0.665762
v 0.450248 1.456287 -0.666699
v 0.449801 1.459743 -0.670833
v 0.449801 1.459743 -0.676229
v 0.450248 1.456287 -0.680362
v 0.450932 1.450992 -0.681300
v 0.451533 1.446336 -0.678601
v 0.439248 1.455508 -0.673531
v 0.442009 1.455539 -0.668460
v 0.449001 1.455620 -0.665762
v 0.456953 1.455711 -0.666699
v 0.462143 1.455770 -0.670833
v 0.462143 1.455770 -0.676229
v 0.456953 1.455711 -0.680362
v 0.449001 1.455620 -0.681300
v 0.442009 1.455539 -0.678601
v 0.458827 0.697185 -0.673531
v 0.461589 0.697217 -0.668460
v 0.468581 0.697297 -0.665762
v 0.476532 0.697388 -0.666699
v 0.481722 0.697448 -0.670833
v 0.481722 0.697448 -0.676229
v 0.476532 0.697388 -0.680362
v 0.468581 0.697297 -0.681300
v 0.461589 0.697217 -0.678601
v 0.459360 0.676563 -0.670134
v 0.462051 0.679317 -0.667610
v 0.469006 0.680845 -0.666267
v 0.476970 0.680433 -0.666734
v 0.482217 0.678274 -0.668791
v 0.482292 0.675378 -0.671477
v 0.477159 0.673100 -0.673534
v 0.469221 0.672505 -0.674000
v 0.462191 0.673873 -0.672657
v 0.465039 0.456593 -0.628448
v 0.467801 0.456633 -0.623377
v 0.474793 0.456718 -0.620679
v 0.482744 0.456807 -0.621616
v 0.487934 0.456860 -0.625750
v 0.487935 0.456851 -0.631146
v 0.482745 0.456784 -0.635280
v 0.474793 0.456692 -0.636217
v 0.467801 0.456616 -0.633519
v 0.459360 0.676563 -0.673325
v 0.462051 0.679317 -0.675849
v 0.469006 0.680845 -0.677192
v 0.476970 0.680433 -0.676725
v 0.482217 0.678274 -0.674668
v 0.482292 0.675378 -0.671982
v 0.477159 0.673100 -0.669925
v 0.469221 0.672505 -0.669459
v 0.462191 0.673873 -0.670802
v 0.465039 0.456593 -0.715011
v 0.467801 0.456633 -0.720082
v 0.474793 0.456718 -0.722780
v 0.482744 0.456807 -0.721843
v 0.487934 0.456860 -0.717709
v 0.487935 0.456851 -0.712313
v 0.482745 0.456784 -0.708179
v 0.474793 0.456692 -0.707242
v 0.467801 0.456616 -0.709940
v 0.472268 0.666456 -0.682220
v 0.471314 0.703413 -0.682220
v 0.478200 0.666524 -0.681433
v 0.477246 0.703481 -0.681433
v 0.483229 0.666582 -0.679193
v 0.482275 0.703539 -0.679193
v 0.486589 0.666620 -0.675840
v 0.485635 0.703577 -0.675840
v 0.487769 0.666634 -0.671885
v 0.486815 0.703591 -0.671885
v 0.486589 0.666620 -0.667929
v 0.485635 0.703577 -0.667929
v 0.483229 0.666582 -0.664576
v 0.482275 0.703539 -0.664576
v 0.478200 0.666524 -0.662336
v 0.477246 0.703481 -0.662336
v 0.472268 0.666456 -0.661549
v 0.471314 0.703413 -0.661549
v 0.466336 0.666388 -0.662336
v 0.465382 0.703345 -0.662336
v 0.461307 0.666330 -0.664576
v 0.460353 0.703287 -0.664576
v 0.457947 0.666292 -0.667929
v 0.456993 0.703249 -0.667929
v 0.456767 0.666278 -0.671885
v 0.455813 0.703235 -0.671885
v 0.457947 0.666292 -0.675840
v 0.456993 0.703249 -0.675840
v 0.461307 0.666330 -0.679193
v 0.460353 0.703287 -0.679193
v 0.466336 0.666388 -0.681433
v 0.465382 0.703345 -0.681433
v 0.483304 1.641037 -0.672900
v 0.481080 1.641037 -0.669319
v 0.475709 1.641037 -0.667836
v 0.470338 1.641037 -0.669319
v 0.468113 1.641037 -0.672900
v 0.470338 1.641037 -0.676481
v 0.475709 1.641037 -0.677964
v 0.481080 1.641037 -0.676481
v 0.482010 1.647589 -0.672900
v 0.479861 1.647206 -0.669319
v 0.474674 1.646279 -0.667836
v 0.469486 1.645352 -0.669319
v 0.467337 1.644968 -0.672900
v 0.469486 1.645352 -0.676481
v 0.474674 1.646279 -0.677964
v 0.479861 1.647206 -0.676481
v 0.478216 1.653696 -0.672900
v 0.476290 1.652954 -0.669319
v 0.471639 1.651164 -0.667836
v 0.466987 1.649374 -0.669319
v 0.465061 1.648632 -0.672900
v 0.466987 1.649374 -0.676481
v 0.471639 1.651164 -0.677964
v 0.476290 1.652954 -0.676481
v 0.472181 1.658939 -0.672900
v 0.470608 1.657891 -0.669319
v 0.466810 1.655359 -0.667836
v 0.463012 1.652827 -0.669319
v 0.461439 1.651778 -0.672900
v 0.463012 1.652827 -0.676481
v 0.466810 1.655359 -0.677964
v 0.470608 1.657891 -0.676481
v 0.464316 1.662963 -0.672900
v 0.463203 1.661679 -0.669319
v 0.460518 1.658578 -0.667836
v 0.457832 1.655477 -0.669319
v 0.456720 1.654192 -0.672900
v 0.457832 1.655477 -0.676481
v 0.460518 1.658578 -0.677964
v 0.463203 1.661679 -0.676481
v 0.455156 1.665492 -0.672900
v 0.454580 1.664060 -0.669319
v 0.453190 1.660601 -0.667836
v 0.451800 1.657143 -0.669319
v 0.451224 1.655710 -0.672900
v 0.451800 1.657143 -0.676481
v 0.453190 1.660601 -0.677964
v 0.454580 1.664060 -0.676481
v 0.445327 1.666355 -0.672900
v 0.445327 1.664872 -0.669319
v 0.445327 1.661291 -0.667836
v 0.445327 1.657711 -0.669319
v 0.445327 1.656228 -0.672900
v 0.445327 1.657711 -0.676481
v 0.445327 1.661291 -0.677964
v 0.445327 1.664872 -0.676481
v 0.435497 1.665492 -0.672900
v 0.436073 1.664060 -0.669319
v 0.437463 1.660601 -0.667836
v 0.438853 1.657143 -0.669319
v 0.439429 1.655710 -0.672900
v 0.438853 1.657143 -0.676481
v 0.437463 1.660601 -0.677964
v 0.436073 1.664060 -0.676481
v 0.426338 1.662963 -0.672900
v 0.427450 1.661679 -0.669319
v 0.430136 1.658578 -0.667836
v 0.432821 1.655477 -0.669319
v 0.433933 1.654192 -0.672900
v 0.432821 1.655477 -0.676481
v 0.430136 1.658578 -0.677964
v 0.427450 1.661679 -0.676481
v 0.418473 1.658939 -0.672900
v 0.420046 1.657891 -0.669319
v 0.423843 1.655359 -0.667836
v 0.427641 1.652827 -0.669319
v 0.429214 1.651778 -0.672900
v 0.427641 1.652827 -0.676481
v 0.423843 1.655359 -0.677964
v 0.420046 1.657891 -0.676481
v 0.412437 1.653696 -0.672900
v 0.414364 1.652954 -0.669319
v 0.419015 1.651164 -0.667836
v 0.423666 1.649374 -0.669319
v 0.425593 1.648632 -0.672900
v 0.423666 1.649374 -0.676481
v 0.419015 1.651164 -0.677964
v 0.414364 1.652954 -0.676481
v 0.408643 1.647589 -0.672900
v 0.410792 1.647206 -0.669319
v 0.415980 1.646279 -0.667836
v 0.421168 1.645352 -0.669319
v 0.423317 1.644968 -0.672900
v 0.421168 1.645352 -0.676481
v 0.415980 1.646279 -0.677964
v 0.410792 1.647206 -0.676481
v 0.407349 1.641037 -0.672900
v 0.409574 1.641037 -0.669319
v 0.414945 1.641037 -0.667836
v 0.420316 1.641037 -0.669319
v 0.422540 1.641037 -0.672900
v 0.420316 1.641037 -0.676481
v 0.414945 1.641037 -0.677964
v 0.409574 1.641037 -0.676481
v 0.408643 1.634484 -0.672900
v 0.410792 1.634867 -0.669319
v 0.415980 1.635794 -0.667836
v 0.421168 1.636721 -0.669319
v 0.423317 1.637105 -0.672900
v 0.421168 1.636721 -0.676481
v 0.415980 1.635794 -0.677964
v 0.410792 1.634867 -0.676481
v 0.412437 1.628377 -0.672900
v 0.414364 1.629119 -0.669319
v 0.419015 1.630909 -0.667836
v 0.423666 1.632699 -0.669319
v 0.425593 1.633441 -0.672900
v 0.423666 1.632699 -0.676481
v 0.419015 1.630909 -0.677964
v 0.414364 1.629119 -0.676481
v 0.418473 1.623134 -0.672900
v 0.420046 1.624182 -0.669319
v 0.423843 1.626714 -0.667836
v 0.427641 1.629246 -0.669319
v 0.429214 1.630295 -0.672900
v 0.427641 1.629246 -0.676481
v 0.423843 1.626714 -0.677964
v 0.420046 1.624182 -0.676481
v 0.426338 1.619110 -0.672900
v 0.427450 1.620394 -0.669319
v 0.430136 1.623495 -0.667836
v 0.432821 1.626596 -0.669319
v 0.433933 1.627881 -0.672900
v 0.432821 1.626596 -0.676481
v 0.430136 1.623495 -0.677964
v 0.427450 1.620394 -0.676481
v 0.435497 1.616581 -0.672900
v 0.436073 1.618013 -0.669319
v 0.437463 1.621472 -0.667836
v 0.438853 1.624931 -0.669319
v 0.439429 1.626363 -0.672900
v 0.438853 1.624931 -0.676481
v 0.437463 1.621472 -0.677964
v 0.436073 1.618013 -0.676481
v 0.445327 1.615718 -0.672900
v 0.445327 1.617201 -0.669319
v 0.445327 1.620782 -0.667836
v 0.445327 1.624362 -0.669319
v 0.445327 1.625845 -0.672900
v 0.445327 1.624362 -0.676481
v 0.445327 1.620782 -0.677964
v 0.445327 1.617201 -0.676481
v 0.455156 1.616581 -0.672900
v 0.454580 1.618013 -0.669319
v 0.453190 1.621472 -0.667836
v 0.451800 1.624931 -0.669319
v 0.451224 1.626363 -0.672900
v 0.451800 1.624931 -0.676481
v 0.453190 1.621472 -0.677964
v 0.454580 1.618013 -0.676481
v 0.464316 1.619110 -0.672900
v 0.463203 1.620394 -0.669319
v 0.460518 1.623495 -0.667836
v 0.457832 1.626596 -0.669319
v 0.456720 1.627881 -0.672900
v 0.457832 1.626596 -0.676481
v 0.460518 1.623495 -0.677964
v 0.463203 1.620394 -0.676481
v 0.472181 1.623134 -0.672900
v 0.470608 1.624182 -0.669319
v 0.466810 1.626714 -0.667836
v 0.463012 1.629246 -0.669319
v 0.461439 1.630295 -0.672900
v 0.463012 1.629246 -0.676481
v 0.466810 1.626714 -0.677964
v 0.470608 1.624182 -0.676481
v 0.478216 1.628377 -0.672900
v 0.476290 1.629119 -0.669319
v 0.471639 1.630909 -0.667836
v 0.466987 1.632699 -0.669319
v 0.465061 1.633441 -0.672900
v 0.466987 1.632699 -0.676481
v 0.471639 1.630909 -0.677964
v 0.476290 1.629119 -0.676481
v 0.482010 1.634484 -0.672900
v 0.479861 1.634867 -0.669319
v 0.474674 1.635794 -0.667836
v 0.469486 1.636721 -0.669319
v 0.467337 1.637105 -0.672900
v 0.469486 1.636721 -0.676481
v 0.474674 1.635794 -0.677964
v 0.479861 1.634867 -0.676481
v 0.445327 1.567824 -0.647581
v 0.439956 1.567824 -0.649065
v 0.437731 1.567824 -0.652645
v 0.439956 1.567824 -0.656226
v 0.445327 1.567824 -0.657709
v 0.450698 1.567824 -0.656226
v 0.452922 1.567824 -0.652645
v 0.450698 1.567824 -0.649065
v 0.445327 1.615602 -0.648444
v 0.439956 1.615091 -0.649877
v 0.437731 1.613857 -0.653335
v 0.439956 1.612623 -0.656794
v 0.445327 1.612112 -0.658226
v 0.450698 1.612623 -0.656794
v 0.452922 1.613857 -0.653335
v 0.450698 1.615091 -0.649877
v 0.445327 1.623733 -0.650973
v 0.439956 1.622745 -0.652258
v 0.437731 1.620362 -0.655359
v 0.439956 1.617978 -0.658460
v 0.445327 1.616990 -0.659744
v 0.450698 1.617978 -0.658460
v 0.452922 1.620362 -0.655359
v 0.450698 1.622745 -0.652258
v 0.445327 1.630715 -0.654997
v 0.439956 1.629318 -0.656046
v 0.437731 1.625947 -0.658578
v 0.439956 1.622576 -0.661110
v 0.445327 1.621180 -0.662158
v 0.450698 1.622576 -0.661110
v 0.452922 1.625947 -0.658578
v 0.450698 1.629318 -0.656046
v 0.445327 1.636073 -0.660241
v 0.439956 1.634362 -0.660982
v 0.437731 1.630233 -0.662773
v 0.439956 1.626104 -0.664563
v 0.445327 1.624394 -0.665304
v 0.450698 1.626104 -0.664563
v 0.452922 1.630233 -0.662773
v 0.450698 1.634362 -0.660982
v 0.445327 1.639440 -0.666347
v 0.439956 1.637533 -0.666731
v 0.437731 1.632928 -0.667658
v 0.439956 1.628322 -0.668584
v 0.445327 1.626415 -0.668968
v 0.450698 1.628322 -0.668584
v 0.452922 1.632928 -0.667658
v 0.450698 1.637533 -0.666731
v 0.445327 1.640589 -0.672900
v 0.439956 1.638614 -0.672900
v 0.437731 1.633847 -0.672900
v 0.439956 1.629079 -0.672900
v 0.445327 1.627104 -0.672900
v 0.450698 1.629079 -0.672900
v 0.452922 1.633847 -0.672900
v 0.450698 1.638614 -0.672900
v 0.445327 1.639440 -0.679453
v 0.439956 1.637533 -0.679069
v 0.437731 1.632928 -0.678142
v 0.439956 1.628322 -0.677216
v 0.445327 1.626415 -0.676832
v 0.450698 1.628322 -0.677216
v 0.452922 1.632928 -0.678142
v 0.450698 1.637533 -0.679069
v 0.445327 1.636073 -0.685559
v 0.439956 1.634362 -0.684818
v 0.437731 1.630233 -0.683027
v 0.439956 1.626104 -0.681237
v 0.445327 1.624394 -0.680495
v 0.450698 1.626104 -0.681237
v 0.452922 1.630233 -0.683027
v 0.450698 1.634362 -0.684818
v 0.445327 1.630715 -0.690803
v 0.439956 1.629318 -0.689754
v 0.437731 1.625947 -0.687222
v 0.439956 1.622576 -0.684690
v 0.445327 1.621180 -0.683642
v 0.450698 1.622576 -0.684690
v 0.452922 1.625947 -0.687222
v 0.450698 1.629318 -0.689754
v 0.445327 1.623733 -0.694826
v 0.439956 1.622745 -0.693542
v 0.437731 1.620362 -0.690441
v 0.439956 1.617978 -0.687340
v 0.445327 1.616990 -0.686056
v 0.450698 1.617978 -0.687340
v 0.452922 1.620362 -0.690441
v 0.450698 1.622745 -0.693542
v 0.445327 1.615602 -0.697356
v 0.439956 1.615091 -0.695923
v 0.437731 1.613857 -0.692465
v 0.439956 1.612623 -0.689006
v 0.445327 1.612112 -0.687573
v 0.450698 1.612623 -0.689006
v 0.452922 1.613857 -0.692465
v 0.450698 1.615091 -0.695923
v 0.445327 1.567824 -0.698218
v 0.439956 1.567824 -0.696735
v 0.437731 1.567824 -0.693155
v 0.439956 1.567824 -0.689574
v 0.445327 1.567824 -0.688091
v 0.450698 1.567824 -0.689574
v 0.452922 1.567824 -0.693155
v 0.450698 1.567824 -0.696735
v 0.445327 1.559099 -0.697356
v 0.439956 1.559610 -0.695923
v 0.437731 1.560844 -0.692465
v 0.439956 1.562078 -0.689006
v 0.445327 1.562589 -0.687573
v 0.450698 1.562078 -0.689006
v 0.452922 1.560844 -0.692465
v 0.450698 1.559610 -0.695923
v 0.445327 1.550968 -0.694826
v 0.439956 1.551956 -0.693542
v 0.437731 1.554339 -0.690441
v 0.439956 1.556723 -0.687340
v 0.445327 1.557711 -0.686056
v 0.450698 1.556723 -0.687340
v 0.452922 1.554339 -0.690441
v 0.450698 1.551956 -0.693542
v 0.445327 1.543986 -0.690803
v 0.439956 1.545382 -0.689754
v 0.437731 1.548754 -0.687222
v 0.439956 1.552125 -0.684690
v 0.445327 1.553521 -0.683642
v 0.450698 1.552125 -0.684690
v 0.452922 1.548754 -0.687222
v 0.450698 1.545382 -0.689754
v 0.445327 1.538629 -0.685559
v 0.439956 1.540339 -0.684818
v 0.437731 1.544468 -0.683027
v 0.439956 1.548597 -0.681237
v 0.445327 1.550307 -0.680495
v 0.450698 1.548597 -0.681237
v 0.452922 1.544468 -0.683027
v 0.450698 1.540339 -0.684818
v 0.445327 1.535261 -0.679453
v 0.439956 1.537168 -0.679069
v 0.437731 1.541773 -0.678142
v 0.439956 1.546379 -0.677216
v 0.445327 1.548286 -0.676832
v 0.450698 1.546379 -0.677216
v 0.452922 1.541773 -0.678142
v 0.450698 1.537168 -0.679069
v 0.445327 1.534112 -0.672900
v 0.439956 1.536087 -0.672900
v 0.437731 1.540854 -0.672900
v 0.439956 1.545622 -0.672900
v 0.445327 1.547597 -0.672900
v 0.450698 1.545622 -0.672900
v 0.452922 1.540854 -0.672900
v 0.450698 1.536087 -0.672900
v 0.445327 1.535261 -0.666347
v 0.439956 1.537168 -0.666731
v 0.437731 1.541773 -0.667658
v 0.439956 1.546379 -0.668584
v 0.445327 1.548286 -0.668968
v 0.450698 1.546379 -0.668584
v 0.452922 1.541773 -0.667658
v 0.450698 1.537168 -0.666731
v 0.445327 1.538629 -0.660241
v 0.439956 1.540339 -0.660982
v 0.437731 1.544468 -0.662773
v 0.439956 1.548597 -0.664563
v 0.445327 1.550307 -0.665304
v 0.450698 1.548597 -0.664563
v 0.452922 1.544468 -0.662773
v 0.450698 1.540339 -0.660982
v 0.445327 1.543986 -0.654997
v 0.439956 1.545382 -0.656046
v 0.437731 1.548754 -0.658578
v 0.439956 1.552125 -0.661110
v 0.445327 1.553521 -0.662158
v 0.450698 1.552125 -0.661110
v 0.452922 1.548754 -0.658578
v 0.450698 1.545382 -0.656046
v 0.445327 1.550968 -0.650973
v 0.439956 1.551956 -0.652258
v 0.437731 1.554339 -0.655359
v 0.439956 1.556723 -0.658460
v 0.445327 1.557711 -0.659744
v 0.450698 1.556723 -0.658460
v 0.452922 1.554339 -0.655359
v 0.450698 1.551956 -0.652258
v 0.445327 1.559099 -0.648444
v 0.439956 1.559610 -0.649877
v 0.437731 1.560844 -0.653335
v 0.439956 1.562078 -0.656794
v 0.445327 1.562589 -0.658226
v 0.450698 1.562078 -0.656794
v 0.452922 1.560844 -0.653335
v 0.450698 1.559610 -0.649877
v 1.053102 1.567824 -0.647581
v 1.047731 1.567824 -0.649065
v 1.045506 1.567824 -0.652645
v 1.047731 1.567824 -0.656226
v 1.053102 1.567824 -0.657709
v 1.058473 1.567824 -0.656226
v 1.060697 1.567824 -0.652645
v 1.058473 1.567824 -0.649065
v 1.053102 1.615602 -0.648444
v 1.047731 1.615091 -0.649877
v 1.045506 1.613857 -0.653335
v 1.047731 1.612623 -0.656794
v 1.053102 1.612112 -0.658226
v 1.058473 1.612623 -0.656794
v 1.060697 1.613857 -0.653335
v 1.058473 1.615091 -0.649877
v 1.053102 1.623733 -0.650973
v 1.047731 1.622745 -0.652258
v 1.045506 1.620362 -0.655359
v 1.047731 1.617978 -0.658460
v 1.053102 1.616990 -0.659744
v 1.058473 1.617978 -0.658460
v 1.060697 1.620362 -0.655359
v 1.058473 1.622745 -0.652258
v 1.053102 1.630715 -0.654997
v 1.047731 1.629318 -0.656046
v 1.045506 1.625947 -0.658578
v 1.047731 1.622576 -0.661110
v 1.053102 1.621180 -0.662158
v 1.058473 1.622576 -0.661110
v 1.060697 1.625947 -0.658578
v 1.058473 1.629318 -0.656046
v 1.053102 1.636073 -0.660241
v 1.047731 1.634362 -0.660982
v 1.045506 1.630233 -0.662773
v 1.047731 1.626104 -0.664563
v 1.053102 1.624394 -0.665304
v 1.058473 1.626104 -0.664563
v 1.060697 1.630233 -0.662773
v 1.058473 1.634362 -0.660982
v 1.053102 1.639440 -0.666347
v 1.047731 1.637533 -0.666731
v 1.045506 1.632928 -0.667658
v 1.047731 1.628322 -0.668584
v 1.053102 1.626415 -0.668968
v 1.058473 1.628322 -0.668584
v 1.060697 1.632928 -0.667658
v 1.058473 1.637533 -0.666731
v 1.053102 1.640589 -0.672900
v 1.047731 1.638614 -0.672900
v 1.045506 1.633847 -0.672900
v 1.047731 1.629079 -0.672900
v 1.053102 1.627104 -0.672900
v 1.058473 1.629079 -0.672900
v 1.060697 1.633847 -0.672900
v 1.058473 1.638614 -0.672900
v 1.053102 1.639440 -0.679453
v 1.047731 1.637533 -0.679069
v 1.045506 1.632928 -0.678142
v 1.047731 1.628322 -0.677216
v 1.053102 1.626415 -0.676832
v 1.058473 1.628322 -0.677216
v 1.060697 1.632928 -0.678142
v 1.058473 1.637533 -0.679069
v 1.053102 1.636073 -0.685559
v 1.047731 1.634362 -0.684818
v 1.045506 1.630233 -0.683027
v 1.047731 1.626104 -0.681237
v 1.053102 1.624394 -0.680495
v 1.058473 1.626104 -0.681237
v 1.060697 1.630233 -0.683027
v 1.058473 1.634362 -0.684818
v 1.053102 1.630715 -0.690803
v 1.047731 1.629318 -0.689754
v 1.045506 1.625947 -0.687222
v 1.047731 1.622576 -0.684690
v 1.053102 1.621180 -0.683642
v 1.058473 1.622576 -0.684690
v 1.060697 1.625947 -0.687222
v 1.058473 1.629318 -0.689754
v 1.053102 1.623733 -0.694826
v 1.047731 1.622745 -0.693542
v 1.045506 1.620362 -0.690441
v 1.047731 1.617978 -0.687340
v 1.053102 1.616990 -0.686056
v 1.058473 1.617978 -0.687340
v 1.060697 1.620362 -0.690441
v 1.058473 1.622745 -0.693542
v 1.053102 1.615602 -0.697356
v 1.047731 1.615091 -0.695923
v 1.045506 1.613857 -0.692465
v 1.047731 1.612623 -0.689006
v 1.053102 1.612112 -0.687573
v 1.058473 1.612623 -0.689006
v 1.060697 1.613857 -0.692465
v 1.058473 1.615091 -0.695923
v 1.053102 1.567824 -0.698218
v 1.047731 1.567824 -0.696735
v 1.045506 1.567824 -0.693155
v 1.047731 1.567824 -0.689574
v 1.053102 1.567824 -0.688091
v 1.058473 1.567824 -0.689574
v 1.060697 1.567824 -0.693155
v 1.058473 1.567824 -0.696735
v 1.053102 1.559099 -0.697356
v 1.047731 1.559610 -0.695923
v 1.045506 1.560844 -0.692465
v 1.047731 1.562078 -0.689006
v 1.053102 1.562589 -0.687573
v 1.058473 1.562078 -0.689006
v 1.060697 1.560844 -0.692465
v 1.058473 1.559610 -0.695923
v 1.053102 1.550968 -0.694826
v 1.047731 1.551956 -0.693542
v 1.045506 1.554339 -0.690441
v 1.047731 1.556723 -0.687340
v 1.053102 1.557711 -0.686056
v 1.058473 1.556723 -0.687340
v 1.060697 1.554339 -0.690441
v 1.058473 1.551956 -0.693542
v 1.053102 1.543986 -0.690803
v 1.047731 1.545382 -0.689754
v 1.045506 1.548754 -0.687222
v 1.047731 1.552125 -0.684690
v 1.053102 1.553521 -0.683642
v 1.058473 1.552125 -0.684690
v 1.060697 1.548754 -0.687222
v 1.058473 1.545382 -0.689754
v 1.053102 1.538629 -0.685559
v 1.047731 1.540339 -0.684818
v 1.045506 1.544468 -0.683027
v 1.047731 1.548597 -0.681237
v 1.053102 1.550307 -0.680495
v 1.058473 1.548597 -0.681237
v 1.060697 1.544468 -0.683027
v 1.058473 1.540339 -0.684818
v 1.053102 1.535261 -0.679453
v 1.047731 1.537168 -0.679069
v 1.045506 1.541773 -0.678142
v 1.047731 1.546379 -0.677216
v 1.053102 1.548286 -0.676832
v 1.058473 1.546379 -0.677216
v 1.060697 1.541773 -0.678142
v 1.058473 1.537168 -0.679069
v 1.053102 1.534112 -0.672900
v 1.047731 1.536087 -0.672900
v 1.045506 1.540854 -0.672900
v 1.047731 1.545622 -0.672900
v 1.053102 1.547597 -0.672900
v 1.058473 1.545622 -0.672900
v 1.060697 1.540854 -0.672900
v 1.058473 1.536087 -0.672900
v 1.053102 1.535261 -0.666347
v 1.047731 1.537168 -0.666731
v 1.045506 1.541773 -0.667658
v 1.047731 1.546379 -0.668584
v 1.053102 1.548286 -0.668968
v 1.058473 1.546379 -0.668584
v 1.060697 1.541773 -0.667658
v 1.058473 1.537168 -0.666731
v 1.053102 1.538629 -0.660241
v 1.047731 1.540339 -0.660982
v 1.045506 1.544468 -0.662773
v 1.047731 1.548597 -0.664563
v 1.053102 1.550307 -0.665304
v 1.058473 1.548597 -0.664563
v 1.060697 1.544468 -0.662773
v 1.058473 1.540339 -0.660982
v 1.053102 1.543986 -0.654997
v 1.047731 1.545382 -0.656046
v 1.045506 1.548754 -0.658578
v 1.047731 1.552125 -0.661110
v 1.053102 1.553521 -0.662158
v 1.058473 1.552125 -0.661110
v 1.060697 1.548754 -0.658578
v 1.058473 1.545382 -0.656046
v 1.053102 1.550968 -0.650973
v 1.047731 1.551956 -0.652258
v 1.045506 1.554339 -0.655359
v 1.047731 1.556723 -0.658460
v 1.053102 1.557711 -0.659744
v 1.058473 1.556723 -0.658460
v 1.060697 1.554339 -0.655359
v 1.058473 1.551956 -0.652258
v 1.053102 1.559099 -0.648444
v 1.047731 1.559610 -0.649877
v 1.045506 1.560844 -0.653335
v 1.047731 1.562078 -0.656794
v 1.053102 1.562589 -0.658226
v 1.058473 1.562078 -0.656794
v 1.060697 1.560844 -0.653335
v 1.058473 1.559610 -0.649877
v 1.091080 1.641037 -0.672900
v 1.088855 1.641037 -0.669319
v 1.083484 1.641037 -0.667836
v 1.078113 1.641037 -0.669319
v 1.075889 1.641037 -0.672900
v 1.078113 1.641037 -0.676481
v 1.083484 1.641037 -0.677964
v 1.088855 1.641037 -0.676481
v 1.089786 1.647589 -0.672900
v 1.087637 1.647206 -0.669319
v 1.082449 1.646279 -0.667836
v 1.077261 1.645352 -0.669319
v 1.075112 1.644968 -0.672900
v 1.077261 1.645352 -0.676481
v 1.082449 1.646279 -0.677964
v 1.087637 1.647206 -0.676481
v 1.085992 1.653696 -0.672900
v 1.084065 1.652954 -0.669319
v 1.079414 1.651164 -0.667836
v 1.074762 1.649374 -0.669319
v 1.072836 1.648632 -0.672900
v 1.074762 1.649374 -0.676481
v 1.079414 1.651164 -0.677964
v 1.084065 1.652954 -0.676481
v 1.079956 1.658939 -0.672900
v 1.078383 1.657891 -0.669319
v 1.074585 1.655359 -0.667836
v 1.070788 1.652827 -0.669319
v 1.069214 1.651778 -0.672900
v 1.070788 1.652827 -0.676481
v 1.074585 1.655359 -0.677964
v 1.078383 1.657891 -0.676481
v 1.072091 1.662963 -0.672900
v 1.070978 1.661679 -0.669319
v 1.068293 1.658578 -0.667836
v 1.065608 1.655477 -0.669319
v 1.064495 1.654192 -0.672900
v 1.065608 1.655477 -0.676481
v 1.068293 1.658578 -0.677964
v 1.070978 1.661679 -0.676481
v 1.062931 1.665492 -0.672900
v 1.062356 1.664060 -0.669319
v 1.060965 1.660601 -0.667836
v 1.059575 1.657143 -0.669319
v 1.059000 1.655710 -0.672900
v 1.059575 1.657143 -0.676481
v 1.060965 1.660601 -0.677964
v 1.062356 1.664060 -0.676481
v 1.053102 1.666355 -0.672900
v 1.053102 1.664872 -0.669319
v 1.053102 1.661291 -0.667836
v 1.053102 1.657711 -0.669319
v 1.053102 1.656228 -0.672900
v 1.053102 1.657711 -0.676481
v 1.053102 1.661291 -0.677964
v 1.053102 1.664872 -0.676481
v 1.043272 1.665492 -0.672900
v 1.043848 1.664060 -0.669319
v 1.045238 1.660601 -0.667836
v 1.046628 1.657143 -0.669319
v 1.047204 1.655710 -0.672900
v 1.046628 1.657143 -0.676481
v 1.045238 1.660601 -0.677964
v 1.043848 1.664060 -0.676481
v 1.034113 1.662963 -0.672900
v 1.035225 1.661679 -0.669319
v 1.037911 1.658578 -0.667836
v 1.040596 1.655477 -0.669319
v 1.041709 1.654192 -0.672900
v 1.040596 1.655477 -0.676481
v 1.037911 1.658578 -0.677964
v 1.035225 1.661679 -0.676481
v 1.026248 1.658939 -0.672900
v 1.027821 1.657891 -0.669319
v 1.031618 1.655359 -0.667836
v 1.035416 1.652827 -0.669319
v 1.036989 1.651778 -0.672900
v 1.035416 1.652827 -0.676481
v 1.031618 1.655359 -0.677964
v 1.027821 1.657891 -0.676481
v 1.020212 1.653696 -0.672900
v 1.022139 1.652954 -0.669319
v 1.026790 1.651164 -0.667836
v 1.031441 1.649374 -0.669319
v 1.033368 1.648632 -0.672900
v 1.031441 1.649374 -0.676481
v 1.026790 1.651164 -0.677964
v 1.022139 1.652954 -0.676481
v 1.016418 1.647589 -0.672900
v 1.018567 1.647206 -0.669319
v 1.023755 1.646279 -0.667836
v 1.028943 1.645352 -0.669319
v 1.031092 1.644968 -0.672900
v 1.028943 1.645352 -0.676481
v 1.023755 1.646279 -0.677964
v 1.018567 1.647206 -0.676481
v 1.015124 1.641037 -0.672900
v 1.017349 1.641037 -0.669319
v 1.022720 1.641037 -0.667836
v 1.028091 1.641037 -0.669319
v 1.030315 1.641037 -0.672900
v 1.028091 1.641037 -0.676481
v 1.022720 1.641037 -0.677964
v 1.017349 1.641037 -0.676481
v 1.016418 1.634484 -0.672900
v 1.018567 1.634867 -0.669319
v 1.023755 1.635794 -0.667836
v 1.028943 1.636721 -0.669319
v 1.031092 1.637105 -0.672900
v 1.028943 1.636721 -0.676481
v 1.023755 1.635794 -0.677964
v 1.018567 1.634867 -0.676481
v 1.020212 1.628377 -0.672900
v 1.022139 1.629119 -0.669319
v 1.026790 1.630909 -0.667836
v 1.031441 1.632699 -0.669319
v 1.033368 1.633441 -0.672900
v 1.031441 1.632699 -0.676481
v 1.026790 1.630909 -0.677964
v 1.022139 1.629119 -0.676481
v 1.026248 1.623134 -0.672900
v 1.027821 1.624182 -0.669319
v 1.031618 1.626714 -0.667836
v 1.035416 1.629246 -0.669319
v 1.036989 1.630295 -0.672900
v 1.035416 1.629246 -0.676481
v 1.031618 1.626714 -0.677964
v 1.027821 1.624182 -0.676481
v 1.034113 1.619110 -0.672900
v 1.035225 1.620394 -0.669319
v 1.037911 1.623495 -0.667836
v 1.040596 1.626596 -0.669319
v 1.041709 1.627881 -0.672900
v 1.040596 1.626596 -0.676481
v 1.037911 1.623495 -0.677964
v 1.035225 1.620394 -0.676481
v 1.043272 1.616581 -0.672900
v 1.043848 1.618013 -0.669319
v 1.045238 1.621472 -0.667836
v 1.046628 1.624931 -0.669319
v 1.047204 1.626363 -0.672900
v 1.046628 1.624931 -0.676481
v 1.045238 1.621472 -0.677964
v 1.043848 1.618013 -0.676481
v 1.053102 1.615718 -0.672900
v 1.053102 1.617201 -0.669319
v 1.053102 1.620782 -0.667836
v 1.053102 1.624362 -0.669319
v 1.053102 1.625845 -0.672900
v 1.053102 1.624362 -0.676481
v 1.053102 1.620782 -0.677964
v 1.053102 1.617201 -0.676481
v 1.062931 1.616581 -0.672900
v 1.062355 1.618013 -0.669319
v 1.060965 1.621472 -0.667836
v 1.059575 1.624931 -0.669319
v 1.059000 1.626363 -0.672900
v 1.059575 1.624931 -0.676481
v 1.060965 1.621472 -0.677964
v 1.062355 1.618013 -0.676481
v 1.072091 1.619110 -0.672900
v 1.070978 1.620394 -0.669319
v 1.068293 1.623495 -0.667836
v 1.065608 1.626596 -0.669319
v 1.064495 1.627881 -0.672900
v 1.065608 1.626596 -0.676481
v 1.068293 1.623495 -0.677964
v 1.070978 1.620394 -0.676481
v 1.079956 1.623134 -0.672900
v 1.078383 1.624182 -0.669319
v 1.074585 1.626714 -0.667836
v 1.070788 1.629246 -0.669319
v 1.069214 1.630295 -0.672900
v 1.070788 1.629246 -0.676481
v 1.074585 1.626714 -0.677964
v 1.078383 1.624182 -0.676481
v 1.085992 1.628377 -0.672900
v 1.084065 1.629119 -0.669319
v 1.079414 1.630909 -0.667836
v 1.074762 1.632699 -0.669319
v 1.072836 1.633441 -0.672900
v 1.074762 1.632699 -0.676481
v 1.079414 1.630909 -0.677964
v 1.084065 1.629119 -0.676481
v 1.089786 1.634484 -0.672900
v 1.087637 1.634867 -0.669319
v 1.082449 1.635794 -0.667836
v 1.077261 1.636721 -0.669319
v 1.075112 1.637105 -0.672900
v 1.077261 1.636721 -0.676481
v 1.082449 1.635794 -0.677964
v 1.087637 1.634867 -0.676481
v 0.047250 1.564324 -0.673531
v 0.047196 1.562479 -0.668460
v 0.047061 1.557806 -0.665762
v 0.046908 1.552493 -0.666699
v 0.046807 1.549025 -0.670833
v 0.046807 1.549025 -0.676229
v 0.046908 1.552493 -0.680362
v 0.047061 1.557806 -0.681300
v 0.047196 1.562479 -0.678601
v 0.071435 1.555212 -0.673531
v 0.069521 1.553879 -0.668460
v 0.064673 1.550503 -0.665762
v 0.059160 1.546665 -0.666699
v 0.055561 1.544160 -0.670833
v 0.055561 1.544160 -0.676229
v 0.059160 1.546665 -0.680362
v 0.064673 1.550503 -0.681300
v 0.069521 1.553879 -0.678601
v 0.072411 1.455583 -0.673531
v 0.070226 1.456716 -0.668460
v 0.064692 1.459585 -0.665762
v 0.058399 1.462847 -0.666699
v 0.054292 1.464976 -0.670833
v 0.054292 1.464976 -0.676229
v 0.058399 1.462847 -0.680362
v 0.064692 1.459585 -0.681300
v 0.070226 1.456716 -0.678601
v 0.020480 1.557707 -0.673531
v 0.022440 1.556404 -0.668460
v 0.027402 1.553102 -0.665762
v 0.033044 1.549349 -0.666699
v 0.036727 1.546899 -0.670833
v 0.036727 1.546899 -0.676229
v 0.033044 1.549349 -0.680362
v 0.027402 1.553102 -0.681300
v 0.022440 1.556404 -0.678601
v 0.016296 1.459200 -0.673531
v 0.018445 1.460363 -0.668460
v 0.023888 1.463309 -0.665762
v 0.030077 1.466658 -0.666699
v 0.034116 1.468844 -0.670833
v 0.034116 1.468844 -0.676229
v 0.030077 1.466658 -0.680362
v 0.023888 1.463309 -0.681300
v 0.018445 1.460363 -0.678601
v 0.046817 1.444427 -0.673531
v 0.046681 1.446270 -0.668460
v 0.046334 1.450937 -0.665762
v 0.045941 1.456245 -0.666699
v 0.045684 1.459710 -0.670833
v 0.045684 1.459710 -0.676229
v 0.045941 1.456245 -0.680362
v 0.046334 1.450937 -0.681300
v 0.046681 1.446270 -0.678601
v 0.034633 1.455738 -0.673531
v 0.037395 1.455702 -0.668460
v 0.044387 1.455612 -0.665762
v 0.052338 1.455510 -0.666699
v 0.057527 1.455444 -0.670833
v 0.057527 1.455444 -0.676229
v 0.052338 1.455510 -0.680362
v 0.044387 1.455612 -0.681300
v 0.037395 1.455702 -0.678601
v 0.012693 0.697444 -0.673531
v 0.015455 0.697409 -0.668460
v 0.022447 0.697319 -0.665762
v 0.030398 0.697216 -0.666699
v 0.035588 0.697150 -0.670833
v 0.035588 0.697150 -0.676229
v 0.030398 0.697216 -0.680362
v 0.022447 0.697319 -0.681300
v 0.015455 0.697409 -0.678601
v 0.012097 0.676823 -0.670134
v 0.014937 0.679509 -0.667610
v 0.021971 0.680867 -0.666267
v 0.029907 0.680262 -0.666734
v 0.035033 0.677977 -0.668791
v 0.034949 0.675080 -0.671477
v 0.029695 0.672928 -0.673534
v 0.021729 0.672528 -0.674000
v 0.014779 0.674066 -0.672657
v 0.005733 0.456861 -0.628448
v 0.008494 0.456834 -0.623377
v 0.015487 0.456748 -0.620679
v 0.023438 0.456645 -0.621616
v 0.028627 0.456571 -0.625750
v 0.028627 0.456562 -0.631146
v 0.023437 0.456622 -0.635280
v 0.015486 0.456722 -0.636217
v 0.008494 0.456817 -0.633519
v 0.012097 0.676823 -0.673325
v 0.014937 0.679509 -0.675849
v 0.021971 0.680867 -0.677192
v 0.029907 0.680262 -0.676725
v 0.035033 0.677977 -0.674668
v 0.034949 0.675080 -0.671982
v 0.029695 0.672928 -0.669925
v 0.021729 0.672528 -0.669459
v 0.014779 0.674066 -0.670802
v 0.005733 0.456861 -0.715011
v 0.008494 0.456834 -0.720082
v 0.015487 0.456748 -0.722780
v 0.023438 0.456645 -0.721843
v 0.028627 0.456571 -0.717709
v 0.028627 0.456562 -0.712313
v 0.023437 0.456622 -0.708179
v 0.015486 0.456722 -0.707242
v 0.008494 0.456817 -0.709940
v 0.025206 0.703368 -0.682220
v 0.024137 0.666412 -0.682220
v 0.030069 0.666336 -0.681433
v 0.031138 0.703291 -0.681433
v 0.035098 0.666271 -0.679193
v 0.036167 0.703227 -0.679193
v 0.038458 0.666228 -0.675840
v 0.039527 0.703184 -0.675840
v 0.039638 0.666213 -0.671885
v 0.040707 0.703168 -0.671885
v 0.038458 0.666228 -0.667929
v 0.039527 0.703184 -0.667929
v 0.035098 0.666271 -0.664576
v 0.036167 0.703227 -0.664576
v 0.030069 0.666336 -0.662336
v 0.031138 0.703291 -0.662336
v 0.024137 0.666412 -0.661549
v 0.025206 0.703368 -0.661549
v 0.018205 0.666488 -0.662336
v 0.019275 0.703444 -0.662336
v 0.013177 0.666553 -0.664576
v 0.014246 0.703509 -0.664576
v 0.009816 0.666596 -0.667929
v 0.010886 0.703552 -0.667929
v 0.008637 0.666611 -0.671885
v 0.009706 0.703567 -0.671885
v 0.009816 0.666596 -0.675840
v 0.010886 0.703552 -0.675840
v 0.013177 0.666553 -0.679193
v 0.014246 0.703509 -0.679193
v 0.018205 0.666488 -0.681433
v 0.019275 0.703444 -0.681433
v -0.560978 1.564325 -0.673531
v -0.560930 1.562480 -0.668460
v -0.560810 1.557807 -0.665762
v -0.560672 1.552494 -0.666699
v -0.560583 1.549026 -0.670833
v -0.560583 1.549026 -0.676229
v -0.560672 1.552494 -0.680362
v -0.560810 1.557807 -0.681300
v -0.560930 1.562480 -0.678601
v -0.536310 1.555807 -0.673531
v -0.538150 1.554429 -0.668460
v -0.542810 1.550938 -0.665762
v -0.548109 1.546968 -0.666699
v -0.551568 1.544376 -0.670833
v -0.551568 1.544376 -0.676229
v -0.548109 1.546968 -0.680362
v -0.542810 1.550938 -0.681300
v -0.538150 1.554429 -0.678601
v -0.529882 1.456269 -0.673531
v -0.532127 1.457348 -0.668460
v -0.537815 1.460080 -0.665762
v -0.544282 1.463187 -0.666699
v -0.548503 1.465215 -0.670833
v -0.548503 1.465215 -0.676229
v -0.544282 1.463187 -0.680362
v -0.537815 1.460080 -0.681300
v -0.532127 1.457348 -0.678601
v -0.587368 1.557062 -0.673531
v -0.585338 1.555807 -0.668460
v -0.580199 1.552629 -0.665762
v -0.574355 1.549015 -0.666699
v -0.570540 1.546656 -0.670833
v -0.570540 1.546656 -0.676229
v -0.574355 1.549015 -0.680362
v -0.580199 1.552629 -0.681300
v -0.585338 1.555807 -0.678601
v -0.586157 1.458518 -0.673531
v -0.584073 1.459733 -0.668460
v -0.578796 1.462809 -0.665762
v -0.572794 1.466307 -0.666699
v -0.568877 1.468590 -0.670833
v -0.568877 1.468590 -0.676229
v -0.572794 1.466307 -0.680362
v -0.578796 1.462809 -0.681300
v -0.584073 1.459733 -0.678601
v -0.554847 1.444497 -0.673531
v -0.555085 1.446336 -0.668460
v -0.555687 1.450992 -0.665762
v -0.556371 1.456287 -0.666699
v -0.556817 1.459743 -0.670833
v -0.556817 1.459743 -0.676229
v -0.556371 1.456287 -0.680362
v -0.555687 1.450992 -0.681300
v -0.555085 1.446336 -0.678601
v -0.567371 1.455508 -0.673531
v -0.564609 1.455539 -0.668460
v -0.557617 1.455620 -0.665762
v -0.549666 1.455711 -0.666699
v -0.544476 1.455770 -0.670833
v -0.544476 1.455770 -0.676229
v -0.549666 1.455711 -0.680362
v -0.557617 1.455620 -0.681300
v -0.564609 1.455539 -0.678601
v -0.547791 0.697185 -0.673531
v -0.545030 0.697217 -0.668460
v -0.538037 0.697297 -0.665762
v -0.530086 0.697388 -0.666699
v -0.524896 0.697448 -0.670833
v -0.524896 0.697448 -0.676229
v -0.530086 0.697388 -0.680362
v -0.538037 0.697297 -0.681300
v -0.545030 0.697217 -0.678601
v -0.547259 0.676563 -0.670134
v -0.544568 0.679317 -0.667610
v -0.537613 0.680845 -0.666267
v -0.529648 0.680433 -0.666734
v -0.524401 0.678274 -0.668791
v -0.524326 0.675378 -0.671477
v -0.529459 0.673100 -0.673534
v -0.537397 0.672505 -0.674000
v -0.544427 0.673873 -0.672657
v -0.541579 0.456593 -0.628448
v -0.538818 0.456633 -0.623377
v -0.531826 0.456718 -0.620679
v -0.523874 0.456807 -0.621616
v -0.518684 0.456860 -0.625750
v -0.518684 0.456851 -0.631146
v -0.523874 0.456784 -0.635280
v -0.531825 0.456692 -0.636217
v -0.538817 0.456616 -0.633519
v -0.547259 0.676563 -0.673325
v -0.544568 0.679317 -0.675849
v -0.537613 0.680845 -0.677192
v -0.529648 0.680433 -0.676725
v -0.524401 0.678274 -0.674668
v -0.524326 0.675378 -0.671982
v -0.529459 0.673100 -0.669925
v -0.537397 0.672505 -0.669459
v -0.544427 0.673873 -0.670802
v -0.541579 0.456593 -0.715011
v -0.538818 0.456633 -0.720082
v -0.531826 0.456718 -0.722780
v -0.523874 0.456807 -0.721843
v -0.518684 0.456860 -0.717709
v -0.518684 0.456851 -0.712313
v -0.523874 0.456784 -0.708179
v -0.531825 0.456692 -0.707242
v -0.538817 0.456616 -0.709940
v -0.534350 0.666456 -0.682220
v -0.535304 0.703413 -0.682220
v -0.528418 0.666524 -0.681433
v -0.529372 0.703481 -0.681433
v -0.523389 0.666582 -0.679193
v -0.524343 0.703539 -0.679193
v -0.520029 0.666620 -0.675840
v -0.520983 0.703577 -0.675840
v -0.518849 0.666634 -0.671885
v -0.519803 0.703591 -0.671885
v -0.520029 0.666620 -0.667929
v -0.520983 0.703577 -0.667929
v -0.523389 0.666582 -0.664576
v -0.524343 0.703539 -0.664576
v -0.528418 0.666524 -0.662336
v -0.529372 0.703481 -0.662336
v -0.534350 0.666456 -0.661549
v -0.535304 0.703413 -0.661549
v -0.540282 0.666388 -0.662336
v -0.541236 0.703345 -0.662336
v -0.545311 0.666330 -0.664576
v -0.546265 0.703287 -0.664576
v -0.548671 0.666292 -0.667929
v -0.549626 0.703249 -0.667929
v -0.549851 0.666278 -0.671885
v -0.550806 0.703235 -0.671885
v -0.548671 0.666292 -0.675840
v -0.549626 0.703249 -0.675840
v -0.545311 0.666330 -0.679193
v -0.546265 0.703287 -0.679193
v -0.540282 0.666388 -0.681433
v -0.541236 0.703345 -0.681433
v 0.084994 1.641037 -0.672900
v 0.082770 1.641037 -0.669319
v 0.077399 1.641037 -0.667836
v 0.072028 1.641037 -0.669319
v 0.069803 1.641037 -0.672900
v 0.072028 1.641037 -0.676481
v 0.077399 1.641037 -0.677964
v 0.082770 1.641037 -0.676481
v 0.083700 1.647589 -0.672900
v 0.081551 1.647206 -0.669319
v 0.076364 1.646279 -0.667836
v 0.071176 1.645352 -0.669319
v 0.069027 1.644968 -0.672900
v 0.071176 1.645352 -0.676481
v 0.076364 1.646279 -0.677964
v 0.081551 1.647206 -0.676481
v 0.079906 1.653696 -0.672900
v 0.077980 1.652954 -0.669319
v 0.073328 1.651164 -0.667836
v 0.068677 1.649374 -0.669319
v 0.066750 1.648632 -0.672900
v 0.068677 1.649374 -0.676481
v 0.073328 1.651164 -0.677964
v 0.077980 1.652954 -0.676481
v 0.073871 1.658939 -0.672900
v 0.072298 1.657891 -0.669319
v 0.068500 1.655359 -0.667836
v 0.064702 1.652827 -0.669319
v 0.063129 1.651778 -0.672900
v 0.064702 1.652827 -0.676481
v 0.068500 1.655359 -0.677964
v 0.072298 1.657891 -0.676481
v 0.066006 1.662963 -0.672900
v 0.064893 1.661679 -0.669319
v 0.062208 1.658578 -0.667836
v 0.059522 1.655477 -0.669319
v 0.058410 1.654192 -0.672900
v 0.059522 1.655477 -0.676481
v 0.062208 1.658578 -0.677964
v 0.064893 1.661679 -0.676481
v 0.056846 1.665492 -0.672900
v 0.056270 1.664060 -0.669319
v 0.054880 1.660601 -0.667836
v 0.053490 1.657143 -0.669319
v 0.052914 1.655710 -0.672900
v 0.053490 1.657143 -0.676481
v 0.054880 1.660601 -0.677964
v 0.056270 1.664060 -0.676481
v 0.047017 1.666355 -0.672900
v 0.047017 1.664872 -0.669319
v 0.047017 1.661291 -0.667836
v 0.047017 1.657711 -0.669319
v 0.047017 1.656228 -0.672900
v 0.047017 1.657711 -0.676481
v 0.047017 1.661291 -0.677964
v 0.047017 1.664872 -0.676481
v 0.037187 1.665492 -0.672900
v 0.037763 1.664060 -0.669319
v 0.039153 1.660601 -0.667836
v 0.040543 1.657143 -0.669319
v 0.041119 1.655710 -0.672900
v 0.040543 1.657143 -0.676481
v 0.039153 1.660601 -0.677964
v 0.037763 1.664060 -0.676481
v 0.028028 1.662963 -0.672900
v 0.029140 1.661679 -0.669319
v 0.031826 1.658578 -0.667836
v 0.034511 1.655477 -0.669319
v 0.035623 1.654192 -0.672900
v 0.034511 1.655477 -0.676481
v 0.031826 1.658578 -0.677964
v 0.029140 1.661679 -0.676481
v 0.020162 1.658939 -0.672900
v 0.021736 1.657891 -0.669319
v 0.025533 1.655359 -0.667836
v 0.029331 1.652827 -0.669319
v 0.030904 1.651778 -0.672900
v 0.029331 1.652827 -0.676481
v 0.025533 1.655359 -0.677964
v 0.021736 1.657891 -0.676481
v 0.014127 1.653696 -0.672900
v 0.016054 1.652954 -0.669319
v 0.020705 1.651164 -0.667836
v 0.025356 1.649374 -0.669319
v 0.027283 1.648632 -0.672900
v 0.025356 1.649374 -0.676481
v 0.020705 1.651164 -0.677964
v 0.016054 1.652954 -0.676481
v 0.010333 1.647589 -0.672900
v 0.012482 1.647206 -0.669319
v 0.017670 1.646279 -0.667836
v 0.022858 1.645352 -0.669319
v 0.025007 1.644968 -0.672900
v 0.022858 1.645352 -0.676481
v 0.017670 1.646279 -0.677964
v 0.012482 1.647206 -0.676481
v 0.009039 1.641037 -0.672900
v 0.011264 1.641037 -0.669319
v 0.016635 1.641037 -0.667836
v 0.022005 1.641037 -0.669319
v 0.024230 1.641037 -0.672900
v 0.022005 1.641037 -0.676481
v 0.016635 1.641037 -0.677964
v 0.011264 1.641037 -0.676481
v 0.010333 1.634484 -0.672900
v 0.012482 1.634867 -0.669319
v 0.017670 1.635794 -0.667836
v 0.022858 1.636721 -0.669319
v 0.025007 1.637105 -0.672900
v 0.022858 1.636721 -0.676481
v 0.017670 1.635794 -0.677964
v 0.012482 1.634867 -0.676481
v 0.014127 1.628377 -0.672900
v 0.016054 1.629119 -0.669319
v 0.020705 1.630909 -0.667836
v 0.025356 1.632699 -0.669319
v 0.027283 1.633441 -0.672900
v 0.025356 1.632699 -0.676481
v 0.020705 1.630909 -0.677964
v 0.016054 1.629119 -0.676481
v 0.020162 1.623134 -0.672900
v 0.021736 1.624182 -0.669319
v 0.025533 1.626714 -0.667836
v 0.029331 1.629246 -0.669319
v 0.030904 1.630295 -0.672900
v 0.029331 1.629246 -0.676481
v 0.025533 1.626714 -0.677964
v 0.021736 1.624182 -0.676481
v 0.028028 1.619110 -0.672900
v 0.029140 1.620394 -0.669319
v 0.031826 1.623495 -0.667836
v 0.034511 1.626596 -0.669319
v 0.035623 1.627881 -0.672900
v 0.034511 1.626596 -0.676481
v 0.031826 1.623495 -0.677964
v 0.029140 1.620394 -0.676481
v 0.037187 1.616581 -0.672900
v 0.037763 1.618013 -0.669319
v 0.039153 1.621472 -0.667836
v 0.040543 1.624931 -0.669319
v 0.041119 1.626363 -0.672900
v 0.040543 1.624931 -0.676481
v 0.039153 1.621472 -0.677964
v 0.037763 1.618013 -0.676481
v 0.047017 1.615718 -0.672900
v 0.047017 1.617201 -0.669319
v 0.047017 1.620782 -0.667836
v 0.047017 1.624362 -0.669319
v 0.047017 1.625845 -0.672900
v 0.047017 1.624362 -0.676481
v 0.047017 1.620782 -0.677964
v 0.047017 1.617201 -0.676481
v 0.056846 1.616581 -0.672900
v 0.056270 1.618013 -0.669319
v 0.054880 1.621472 -0.667836
v 0.053490 1.624931 -0.669319
v 0.052914 1.626363 -0.672900
v 0.053490 1.624931 -0.676481
v 0.054880 1.621472 -0.677964
v 0.056270 1.618013 -0.676481
v 0.066006 1.619110 -0.672900
v 0.064893 1.620394 -0.669319
v 0.062208 1.623495 -0.667836
v 0.059522 1.626596 -0.669319
v 0.058410 1.627881 -0.672900
v 0.059522 1.626596 -0.676481
v 0.062208 1.623495 -0.677964
v 0.064893 1.620394 -0.676481
v 0.073871 1.623134 -0.672900
v 0.072298 1.624182 -0.669319
v 0.068500 1.626714 -0.667836
v 0.064702 1.629246 -0.669319
v 0.063129 1.630295 -0.672900
v 0.064702 1.629246 -0.676481
v 0.068500 1.626714 -0.677964
v 0.072298 1.624182 -0.676481
v 0.079906 1.628377 -0.672900
v 0.077980 1.629119 -0.669319
v 0.073328 1.630909 -0.667836
v 0.068677 1.632699 -0.669319
v 0.066750 1.633441 -0.672900
v 0.068677 1.632699 -0.676481
v 0.073328 1.630909 -0.677964
v 0.077980 1.629119 -0.676481
v 0.083700 1.634484 -0.672900
v 0.081551 1.634867 -0.669319
v 0.076364 1.635794 -0.667836
v 0.071176 1.636721 -0.669319
v 0.069027 1.637105 -0.672900
v 0.071176 1.636721 -0.676481
v 0.076364 1.635794 -0.677964
v 0.081551 1.634867 -0.676481
v 0.047017 1.567824 -0.647581
v 0.041646 1.567824 -0.649065
v 0.039421 1.567824 -0.652645
v 0.041646 1.567824 -0.656226
v 0.047017 1.567824 -0.657709
v 0.052387 1.567824 -0.656226
v 0.054612 1.567824 -0.652645
v 0.052387 1.567824 -0.649065
v 0.047017 1.615602 -0.648444
v 0.041646 1.615091 -0.649877
v 0.039421 1.613857 -0.653335
v 0.041646 1.612623 -0.656794
v 0.047017 1.612112 -0.658226
v 0.052387 1.612623 -0.656794
v 0.054612 1.613857 -0.653335
v 0.052387 1.615091 -0.649877
v 0.047017 1.623733 -0.650973
v 0.041646 1.622745 -0.652258
v 0.039421 1.620362 -0.655359
v 0.041646 1.617978 -0.658460
v 0.047017 1.616990 -0.659744
v 0.052387 1.617978 -0.658460
v 0.054612 1.620362 -0.655359
v 0.052387 1.622745 -0.652258
v 0.047017 1.630715 -0.654997
v 0.041646 1.629318 -0.656046
v 0.039421 1.625947 -0.658578
v 0.041646 1.622576 -0.661110
v 0.047017 1.621180 -0.662158
v 0.052387 1.622576 -0.661110
v 0.054612 1.625947 -0.658578
v 0.052387 1.629318 -0.656046
v 0.047017 1.636073 -0.660241
v 0.041646 1.634362 -0.660982
v 0.039421 1.630233 -0.662773
v 0.041646 1.626104 -0.664563
v 0.047017 1.624394 -0.665304
v 0.052387 1.626104 -0.664563
v 0.054612 1.630233 -0.662773
v 0.052387 1.634362 -0.660982
v 0.047017 1.639440 -0.666347
v 0.041646 1.637533 -0.666731
v 0.039421 1.632928 -0.667658
v 0.041646 1.628322 -0.668584
v 0.047017 1.626415 -0.668968
v 0.052387 1.628322 -0.668584
v 0.054612 1.632928 -0.667658
v 0.052387 1.637533 -0.666731
v 0.047017 1.640589 -0.672900
v 0.041646 1.638614 -0.672900
v 0.039421 1.633847 -0.672900
v 0.041646 1.629079 -0.672900
v 0.047017 1.627104 -0.672900
v 0.052387 1.629079 -0.672900
v 0.054612 1.633847 -0.672900
v 0.052387 1.638614 -0.672900
v 0.047017 1.639440 -0.679453
v 0.041646 1.637533 -0.679069
v 0.039421 1.632928 -0.678142
v 0.041646 1.628322 -0.677216
v 0.047017 1.626415 -0.676832
v 0.052387 1.628322 -0.677216
v 0.054612 1.632928 -0.678142
v 0.052387 1.637533 -0.679069
v 0.047017 1.636073 -0.685559
v 0.041646 1.634362 -0.684818
v 0.039421 1.630233 -0.683027
v 0.041646 1.626104 -0.681237
v 0.047017 1.624394 -0.680495
v 0.052387 1.626104 -0.681237
v 0.054612 1.630233 -0.683027
v 0.052387 1.634362 -0.684818
v 0.047017 1.630715 -0.690803
v 0.041646 1.629318 -0.689754
v 0.039421 1.625947 -0.687222
v 0.041646 1.622576 -0.684690
v 0.047017 1.621180 -0.683642
v 0.052387 1.622576 -0.684690
v 0.054612 1.625947 -0.687222
v 0.052387 1.629318 -0.689754
v 0.047017 1.623733 -0.694826
v 0.041646 1.622745 -0.693542
v 0.039421 1.620362 -0.690441
v 0.041646 1.617978 -0.687340
v 0.047017 1.616990 -0.686056
v 0.052387 1.617978 -0.687340
v 0.054612 1.620362 -0.690441
v 0.052387 1.622745 -0.693542
v 0.047017 1.615602 -0.697356
v 0.041646 1.615091 -0.695923
v 0.039421 1.613857 -0.692465
v 0.041646 1.612623 -0.689006
v 0.047017 1.612112 -0.687573
v 0.052387 1.612623 -0.689006
v 0.054612 1.613857 -0.692465
v 0.052387 1.615091 -0.695923
v 0.047017 1.567824 -0.698218
v 0.041646 1.567824 -0.696735
v 0.039421 1.567824 -0.693155
v 0.041646 1.567824 -0.689574
v 0.047017 1.567824 -0.688091
v 0.052387 1.567824 -0.689574
v 0.054612 1.567824 -0.693155
v 0.052387 1.567824 -0.696735
v 0.047017 1.559099 -0.697356
v 0.041646 1.559610 -0.695923
v 0.039421 1.560844 -0.692465
v 0.041646 1.562078 -0.689006
v 0.047017 1.562589 -0.687573
v 0.052387 1.562078 -0.689006
v 0.054612 1.560844 -0.692465
v 0.052387 1.559610 -0.695923
v 0.047017 1.550968 -0.694826
v 0.041646 1.551956 -0.693542
v 0.039421 1.554339 -0.690441
v 0.041646 1.556723 -0.687340
v 0.047017 1.557711 -0.686056
v 0.052387 1.556723 -0.687340
v 0.054612 1.554339 -0.690441
v 0.052387 1.551956 -0.693542
v 0.047017 1.543986 -0.690803
v 0.041646 1.545382 -0.689754
v 0.039421 1.548754 -0.687222
v 0.041646 1.552125 -0.684690
v 0.047017 1.553521 -0.683642
v 0.052387 1.552125 -0.684690
v 0.054612 1.548754 -0.687222
v 0.052387 1.545382 -0.689754
v 0.047017 1.538629 -0.685559
v 0.041646 1.540339 -0.684818
v 0.039421 1.544468 -0.683027
v 0.041646 1.548597 -0.681237
v 0.047017 1.550307 -0.680495
v 0.052387 1.548597 -0.681237
v 0.054612 1.544468 -0.683027
v 0.052387 1.540339 -0.684818
v 0.047017 1.535261 -0.679453
v 0.041646 1.537168 -0.679069
v 0.039421 1.541773 -0.678142
v 0.041646 1.546379 -0.677216
v 0.047017 1.548286 -0.676832
v 0.052387 1.546379 -0.677216
v 0.054612 1.541773 -0.678142
v 0.052387 1.537168 -0.679069
v 0.047017 1.534112 -0.672900
v 0.041646 1.536087 -0.672900
v 0.039421 1.540854 -0.672900
v 0.041646 1.545622 -0.672900
v 0.047017 1.547597 -0.672900
v 0.052387 1.545622 -0.672900
v 0.054612 1.540854 -0.672900
v 0.052387 1.536087 -0.672900
v 0.047017 1.535261 -0.666347
v 0.041646 1.537168 -0.666731
v 0.039421 1.541773 -0.667658
v 0.041646 1.546379 -0.668584
v 0.047017 1.548286 -0.668968
v 0.052387 1.546379 -0.668584
v 0.054612 1.541773 -0.667658
v 0.052387 1.537168 -0.666731
v 0.047017 1.538629 -0.660241
v 0.041646 1.540339 -0.660982
v 0.039421 1.544468 -0.662773
v 0.041646 1.548597 -0.664563
v 0.047017 1.550307 -0.665304
v 0.052387 1.548597 -0.664563
v 0.054612 1.544468 -0.662773
v 0.052387 1.540339 -0.660982
v 0.047017 1.543986 -0.654997
v 0.041646 1.545382 -0.656046
v 0.039421 1.548754 -0.658578
v 0.041646 1.552125 -0.661110
v 0.047017 1.553521 -0.662158
v 0.052387 1.552125 -0.661110
v 0.054612 1.548754 -0.658578
v 0.052387 1.545382 -0.656046
v 0.047017 1.550968 -0.650973
v 0.041646 1.551956 -0.652258
v 0.039421 1.554339 -0.655359
v 0.041646 1.556723 -0.658460
v 0.047017 1.557711 -0.659744
v 0.052387 1.556723 -0.658460
v 0.054612 1.554339 -0.655359
v 0.052387 1.551956 -0.652258
v 0.047017 1.559099 -0.648444
v 0.041646 1.559610 -0.649877
v 0.039421 1.560844 -0.653335
v 0.041646 1.562078 -0.656794
v 0.047017 1.562589 -0.658226
v 0.052387 1.562078 -0.656794
v 0.054612 1.560844 -0.653335
v 0.052387 1.559610 -0.649877
v -0.560759 1.567824 -0.647581
v -0.566129 1.567824 -0.649065
v -0.568354 1.567824 -0.652645
v -0.566129 1.567824 -0.656226
v -0.560759 1.567824 -0.657709
v -0.555388 1.567824 -0.656226
v -0.553163 1.567824 -0.652645
v -0.555388 1.567824 -0.649065
v -0.560759 1.615602 -0.648444
v -0.566129 1.615091 -0.649877
v -0.568354 1.613857 -0.653335
v -0.566129 1.612623 -0.656794
v -0.560759 1.612112 -0.658226
v -0.555388 1.612623 -0.656794
v -0.553163 1.613857 -0.653335
v -0.555388 1.615091 -0.649877
v -0.560759 1.623733 -0.650973
v -0.566129 1.622745 -0.652258
v -0.568354 1.620362 -0.655359
v -0.566129 1.617978 -0.658460
v -0.560759 1.616990 -0.659744
v -0.555388 1.617978 -0.658460
v -0.553163 1.620362 -0.655359
v -0.555388 1.622745 -0.652258
v -0.560759 1.630715 -0.654997
v -0.566129 1.629318 -0.656046
v -0.568354 1.625947 -0.658578
v -0.566129 1.622576 -0.661110
v -0.560759 1.621180 -0.662158
v -0.555388 1.622576 -0.661110
v -0.553163 1.625947 -0.658578
v -0.555388 1.629318 -0.656046
v -0.560759 1.636073 -0.660241
v -0.566129 1.634362 -0.660982
v -0.568354 1.630233 -0.662773
v -0.566129 1.626104 -0.664563
v -0.560759 1.624394 -0.665304
v -0.555388 1.626104 -0.664563
v -0.553163 1.630233 -0.662773
v -0.555388 1.634362 -0.660982
v -0.560759 1.639440 -0.666347
v -0.566129 1.637533 -0.666731
v -0.568354 1.632928 -0.667658
v -0.566129 1.628322 -0.668584
v -0.560759 1.626415 -0.668968
v -0.555388 1.628322 -0.668584
v -0.553163 1.632928 -0.667658
v -0.555388 1.637533 -0.666731
v -0.560759 1.640589 -0.672900
v -0.566129 1.638614 -0.672900
v -0.568354 1.633847 -0.672900
v -0.566129 1.629079 -0.672900
v -0.560759 1.627104 -0.672900
v -0.555388 1.629079 -0.672900
v -0.553163 1.633847 -0.672900
v -0.555388 1.638614 -0.672900
v -0.560759 1.639440 -0.679453
v -0.566129 1.637533 -0.679069
v -0.568354 1.632928 -0.678142
v -0.566129 1.628322 -0.677216
v -0.560759 1.626415 -0.676832
v -0.555388 1.628322 -0.677216
v -0.553163 1.632928 -0.678142
v -0.555388 1.637533 -0.679069
v -0.560759 1.636073 -0.685559
v -0.566129 1.634362 -0.684818
v -0.568354 1.630233 -0.683027
v -0.566129 1.626104 -0.681237
v -0.560759 1.624394 -0.680495
v -0.555388 1.626104 -0.681237
v -0.553163 1.630233 -0.683027
v -0.555388 1.634362 -0.684818
v -0.560759 1.630715 -0.690803
v -0.566129 1.629318 -0.689754
v -0.568354 1.625947 -0.687222
v -0.566129 1.622576 -0.684690
v -0.560759 1.621180 -0.683642
v -0.555388 1.622576 -0.684690
v -0.553163 1.625947 -0.687222
v -0.555388 1.629318 -0.689754
v -0.560759 1.623733 -0.694826
v -0.566129 1.622745 -0.693542
v -0.568354 1.620362 -0.690441
v -0.566129 1.617978 -0.687340
v -0.560759 1.616990 -0.686056
v -0.555388 1.617978 -0.687340
v -0.553163 1.620362 -0.690441
v -0.555388 1.622745 -0.693542
v -0.560759 1.615602 -0.697356
v -0.566129 1.615091 -0.695923
v -0.568354 1.613857 -0.692465
v -0.566129 1.612623 -0.689006
v -0.560759 1.612112 -0.687573
v -0.555388 1.612623 -0.689006
v -0.553163 1.613857 -0.692465
v -0.555388 1.615091 -0.695923
v -0.560759 1.567824 -0.698218
v -0.566129 1.567824 -0.696735
v -0.568354 1.567824 -0.693155
v -0.566129 1.567824 -0.689574
v -0.560759 1.567824 -0.688091
v -0.555388 1.567824 -0.689574
v -0.553163 1.567824 -0.693155
v -0.555388 1.567824 -0.696735
v -0.560759 1.559099 -0.697356
v -0.566129 1.559610 -0.695923
v -0.568354 1.560844 -0.692465
v -0.566129 1.562078 -0.689006
v -0.560759 1.562589 -0.687573
v -0.555388 1.562078 -0.689006
v -0.553163 1.560844 -0.692465
v -0.555388 1.559610 -0.695923
v -0.560759 1.550968 -0.694826
v -0.566129 1.551956 -0.693542
v -0.568354 1.554339 -0.690441
v -0.566129 1.556723 -0.687340
v -0.560759 1.557711 -0.686056
v -0.555388 1.556723 -0.687340
v -0.553163 1.554339 -0.690441
v -0.555388 1.551956 -0.693542
v -0.560759 1.543986 -0.690803
v -0.566129 1.545382 -0.689754
v -0.568354 1.548754 -0.687222
v -0.566129 1.552125 -0.684690
v -0.560759 1.553521 -0.683642
v -0.555388 1.552125 -0.684690
v -0.553163 1.548754 -0.687222
v -0.555388 1.545382 -0.689754
v -0.560759 1.538629 -0.685559
v -0.566129 1.540339 -0.684818
v -0.568354 1.544468 -0.683027
v -0.566129 1.548597 -0.681237
v -0.560759 1.550307 -0.680495
v -0.555388 1.548597 -0.681237
v -0.553163 1.544468 -0.683027
v -0.555388 1.540339 -0.684818
v -0.560759 1.535261 -0.679453
v -0.566129 1.537168 -0.679069
v -0.568354 1.541773 -0.678142
v -0.566129 1.546379 -0.677216
v -0.560759 1.548286 -0.676832
v -0.555388 1.546379 -0.677216
v -0.553163 1.541773 -0.678142
v -0.555388 1.537168 -0.679069
v -0.560759 1.534112 -0.672900
v -0.566129 1.536087 -0.672900
v -0.568354 1.540854 -0.672900
v -0.566129 1.545622 -0.672900
v -0.560759 1.547597 -0.672900
v -0.555388 1.545622 -0.672900
v -0.553163 1.540854 -0.672900
v -0.555388 1.536087 -0.672900
v -0.560759 1.535261 -0.666347
v -0.566129 1.537168 -0.666731
v -0.568354 1.541773 -0.667658
v -0.566129 1.546379 -0.668584
v -0.560759 1.548286 -0.668968
v -0.555388 1.546379 -0.668584
v -0.553163 1.541773 -0.667658
v -0.555388 1.537168 -0.666731
v -0.560759 1.538629 -0.660241
v -0.566129 1.540339 -0.660982
v -0.568354 1.544468 -0.662773
v -0.566129 1.548597 -0.664563
v -0.560759 1.550307 -0.665304
v -0.555388 1.548597 -0.664563
v -0.553163 1.544468 -0.662773
v -0.555388 1.540339 -0.660982
v -0.560759 1.543986 -0.654997
v -0.566129 1.545382 -0.656046
v -0.568354 1.548754 -0.658578
v -0.566129 1.552125 -0.661110
v -0.560759 1.553521 -0.662158
v -0.555388 1.552125 -0.661110
v -0.553163 1.548754 -0.658578
v -0.555388 1.545382 -0.656046
v -0.560759 1.550968 -0.650973
v -0.566129 1.551956 -0.652258
v -0.568354 1.554339 -0.655359
v -0.566129 1.556723 -0.658460
v -0.560759 1.557711 -0.659744
v -0.555388 1.556723 -0.658460
v -0.553163 1.554339 -0.655359
v -0.555388 1.551956 -0.652258
v -0.560759 1.559099 -0.648444
v -0.566129 1.559610 -0.649877
v -0.568354 1.560844 -0.653335
v -0.566129 1.562078 -0.656794
v -0.560759 1.562589 -0.658226
v -0.555388 1.562078 -0.656794
v -0.553163 1.560844 -0.653335
v -0.555388 1.559610 -0.649877
v -0.537252 0.424291 -0.614282
v -0.537252 0.424291 -0.731518
v -0.512931 0.459676 -0.614282
v -0.512931 0.459676 -0.731518
v -0.546723 0.434593 -0.614282
v -0.546723 0.434593 -0.731518
v -0.546723 0.462477 -0.731518
v -0.546723 0.462477 -0.614282
v -0.401298 0.422540 -0.731518
v -0.512931 0.411792 -0.614282
v -0.508011 0.437685 -0.731518
v -0.255874 0.395094 -0.731518
v -0.401298 0.400014 -0.731518
v -0.508011 0.437685 -0.614282
v -0.255874 0.417620 -0.614282
v -0.401298 0.422540 -0.614282
v -0.401298 0.400014 -0.614282
v -0.512931 0.411792 -0.731518
v 0.025505 0.424291 -0.614282
v 0.025505 0.424291 -0.731518
v 0.001184 0.459676 -0.614282
v 0.001184 0.459676 -0.731518
v 0.034976 0.434593 -0.614282
v 0.034976 0.434593 -0.731518
v 0.034976 0.462477 -0.731518
v 0.034976 0.462477 -0.614282
v -0.110449 0.422540 -0.731518
v -0.255874 0.417620 -0.731518
v 0.001184 0.411792 -0.614282
v -0.003736 0.437685 -0.731518
v -0.110449 0.400014 -0.731518
v -0.003736 0.437685 -0.614282
v -0.110449 0.422540 -0.614282
v -0.110449 0.400014 -0.614282
v -0.255874 0.395094 -0.614282
v 0.001184 0.411792 -0.731518
v -0.522781 1.641037 -0.672900
v -0.525005 1.641037 -0.669319
v -0.530376 1.641037 -0.667836
v -0.535747 1.641037 -0.669319
v -0.537972 1.641037 -0.672900
v -0.535747 1.641037 -0.676481
v -0.530376 1.641037 -0.677964
v -0.525005 1.641037 -0.676481
v -0.524075 1.647589 -0.672900
v -0.526224 1.647206 -0.669319
v -0.531412 1.646279 -0.667836
v -0.536599 1.645352 -0.669319
v -0.538748 1.644968 -0.672900
v -0.536599 1.645352 -0.676481
v -0.531412 1.646279 -0.677964
v -0.526224 1.647206 -0.676481
v -0.527869 1.653696 -0.672900
v -0.529795 1.652954 -0.669319
v -0.534447 1.651164 -0.667836
v -0.539098 1.649374 -0.669319
v -0.541025 1.648632 -0.672900
v -0.539098 1.649374 -0.676481
v -0.534447 1.651164 -0.677964
v -0.529795 1.652954 -0.676481
v -0.533904 1.658939 -0.672900
v -0.535477 1.657891 -0.669319
v -0.539275 1.655359 -0.667836
v -0.543073 1.652827 -0.669319
v -0.544646 1.651778 -0.672900
v -0.543073 1.652827 -0.676481
v -0.539275 1.655359 -0.677964
v -0.535477 1.657891 -0.676481
v -0.541770 1.662963 -0.672900
v -0.542882 1.661679 -0.669319
v -0.545567 1.658578 -0.667836
v -0.548253 1.655477 -0.669319
v -0.549365 1.654192 -0.672900
v -0.548253 1.655477 -0.676481
v -0.545567 1.658578 -0.677964
v -0.542882 1.661679 -0.676481
v -0.550929 1.665492 -0.672900
v -0.551505 1.664060 -0.669319
v -0.552895 1.660601 -0.667836
v -0.554285 1.657143 -0.669319
v -0.554861 1.655710 -0.672900
v -0.554285 1.657143 -0.676481
v -0.552895 1.660601 -0.677964
v -0.551505 1.664060 -0.676481
v -0.560758 1.666355 -0.672900
v -0.560758 1.664872 -0.669319
v -0.560758 1.661291 -0.667836
v -0.560758 1.657711 -0.669319
v -0.560758 1.656228 -0.672900
v -0.560758 1.657711 -0.676481
v -0.560758 1.661291 -0.677964
v -0.560758 1.664872 -0.676481
v -0.570588 1.665492 -0.672900
v -0.570012 1.664060 -0.669319
v -0.568622 1.660601 -0.667836
v -0.567232 1.657143 -0.669319
v -0.566656 1.655710 -0.672900
v -0.567232 1.657143 -0.676481
v -0.568622 1.660601 -0.677964
v -0.570012 1.664060 -0.676481
v -0.579747 1.662963 -0.672900
v -0.578635 1.661679 -0.669319
v -0.575949 1.658578 -0.667836
v -0.573264 1.655477 -0.669319
v -0.572152 1.654192 -0.672900
v -0.573264 1.655477 -0.676481
v -0.575949 1.658578 -0.677964
v -0.578635 1.661679 -0.676481
v -0.587613 1.658939 -0.672900
v -0.586040 1.657891 -0.669319
v -0.582242 1.655359 -0.667836
v -0.578444 1.652827 -0.669319
v -0.576871 1.651778 -0.672900
v -0.578444 1.652827 -0.676481
v -0.582242 1.655359 -0.677964
v -0.586040 1.657891 -0.676481
v -0.593648 1.653696 -0.672900
v -0.591721 1.652954 -0.669319
v -0.587070 1.651164 -0.667836
v -0.582419 1.649374 -0.669319
v -0.580492 1.648632 -0.672900
v -0.582419 1.649374 -0.676481
v -0.587070 1.651164 -0.677964
v -0.591721 1.652954 -0.676481
v -0.597442 1.647589 -0.672900
v -0.595293 1.647206 -0.669319
v -0.590105 1.646279 -0.667836
v -0.584917 1.645352 -0.669319
v -0.582769 1.644968 -0.672900
v -0.584917 1.645352 -0.676481
v -0.590105 1.646279 -0.677964
v -0.595293 1.647206 -0.676481
v -0.598736 1.641037 -0.672900
v -0.596511 1.641037 -0.669319
v -0.591141 1.641037 -0.667836
v -0.585770 1.641037 -0.669319
v -0.583545 1.641037 -0.672900
v -0.585770 1.641037 -0.676481
v -0.591141 1.641037 -0.677964
v -0.596511 1.641037 -0.676481
v -0.597442 1.634484 -0.672900
v -0.595293 1.634867 -0.669319
v -0.590105 1.635794 -0.667836
v -0.584917 1.636721 -0.669319
v -0.582769 1.637105 -0.672900
v -0.584917 1.636721 -0.676481
v -0.590105 1.635794 -0.677964
v -0.595293 1.634867 -0.676481
v -0.593648 1.628377 -0.672900
v -0.591721 1.629119 -0.669319
v -0.587070 1.630909 -0.667836
v -0.582419 1.632699 -0.669319
v -0.580492 1.633441 -0.672900
v -0.582419 1.632699 -0.676481
v -0.587070 1.630909 -0.677964
v -0.591721 1.629119 -0.676481
v -0.587613 1.623134 -0.672900
v -0.586040 1.624182 -0.669319
v -0.582242 1.626714 -0.667836
v -0.578444 1.629246 -0.669319
v -0.576871 1.630295 -0.672900
v -0.578444 1.629246 -0.676481
v -0.582242 1.626714 -0.677964
v -0.586040 1.624182 -0.676481
v -0.579747 1.619110 -0.672900
v -0.578635 1.620394 -0.669319
v -0.575949 1.623495 -0.667836
v -0.573264 1.626596 -0.669319
v -0.572152 1.627881 -0.672900
v -0.573264 1.626596 -0.676481
v -0.575949 1.623495 -0.677964
v -0.578635 1.620394 -0.676481
v -0.570588 1.616581 -0.672900
v -0.570012 1.618013 -0.669319
v -0.568622 1.621472 -0.667836
v -0.567232 1.624931 -0.669319
v -0.566656 1.626363 -0.672900
v -0.567232 1.624931 -0.676481
v -0.568622 1.621472 -0.677964
v -0.570012 1.618013 -0.676481
v -0.560758 1.615718 -0.672900
v -0.560758 1.617201 -0.669319
v -0.560758 1.620782 -0.667836
v -0.560758 1.624362 -0.669319
v -0.560758 1.625845 -0.672900
v -0.560758 1.624362 -0.676481
v -0.560758 1.620782 -0.677964
v -0.560758 1.617201 -0.676481
v -0.550929 1.616581 -0.672900
v -0.551505 1.618013 -0.669319
v -0.552895 1.621472 -0.667836
v -0.554285 1.624931 -0.669319
v -0.554861 1.626363 -0.672900
v -0.554285 1.624931 -0.676481
v -0.552895 1.621472 -0.677964
v -0.551505 1.618013 -0.676481
v -0.541770 1.619110 -0.672900
v -0.542882 1.620394 -0.669319
v -0.545567 1.623495 -0.667836
v -0.548253 1.626596 -0.669319
v -0.549365 1.627881 -0.672900
v -0.548253 1.626596 -0.676481
v -0.545567 1.623495 -0.677964
v -0.542882 1.620394 -0.676481
v -0.533904 1.623134 -0.672900
v -0.535477 1.624182 -0.669319
v -0.539275 1.626714 -0.667836
v -0.543073 1.629246 -0.669319
v -0.544646 1.630295 -0.672900
v -0.543073 1.629246 -0.676481
v -0.539275 1.626714 -0.677964
v -0.535477 1.624182 -0.676481
v -0.527869 1.628377 -0.672900
v -0.529795 1.629119 -0.669319
v -0.534447 1.630909 -0.667836
v -0.539098 1.632699 -0.669319
v -0.541025 1.633441 -0.672900
v -0.539098 1.632699 -0.676481
v -0.534447 1.630909 -0.677964
v -0.529795 1.629119 -0.676481
v -0.524075 1.634484 -0.672900
v -0.526224 1.634867 -0.669319
v -0.531412 1.635794 -0.667836
v -0.536599 1.636721 -0.669319
v -0.538748 1.637105 -0.672900
v -0.536599 1.636721 -0.676481
v -0.531412 1.635794 -0.677964
v -0.526224 1.634867 -0.676481
v -0.917635 1.726118 -0.672900
v -0.861999 1.667590 -0.684547
v -0.861999 1.674188 -0.694420
v -0.861999 1.684061 -0.701018
v -0.933907 1.723826 -0.684547
v -0.933907 1.717228 -0.694420
v -0.933907 1.707355 -0.701018
v -0.933907 1.695708 -0.703334
v -0.933907 1.684061 -0.701018
v -0.933907 1.674188 -0.694420
v -0.933907 1.667590 -0.684547
v -0.933907 1.665274 -0.672900
v -0.933907 1.753083 -0.696666
v -0.917635 1.753083 -0.696666
v -0.933907 1.739621 -0.716813
v -0.917635 1.739621 -0.716813
v -0.933907 1.719474 -0.730275
v -0.917635 1.719474 -0.730275
v -0.861999 1.695708 -0.703334
v -0.861999 1.707355 -0.701018
v -0.917635 1.638333 -0.649134
v -0.933907 1.638333 -0.649134
v -0.917635 1.651795 -0.628987
v -0.933907 1.651795 -0.628987
v -0.917635 1.671942 -0.615525
v -0.933907 1.671942 -0.615525
v -0.917635 1.695708 -0.610797
v -0.933907 1.695708 -0.610797
v -0.917635 1.719474 -0.615525
v -0.933907 1.719474 -0.615525
v -0.917635 1.739621 -0.628987
v -0.933907 1.739621 -0.628987
v -0.917635 1.753083 -0.649134
v -0.933907 1.753083 -0.649134
v -0.933907 1.695708 -0.735003
v -0.917635 1.695708 -0.735003
v -0.933907 1.671942 -0.730275
v -0.917635 1.671942 -0.730275
v -0.933907 1.651795 -0.716813
v -0.917635 1.651795 -0.716813
v -0.861999 1.717228 -0.694420
v -0.933907 1.667590 -0.661253
v -0.933907 1.674188 -0.651380
v -0.933907 1.684061 -0.644782
v -0.933907 1.695708 -0.642466
v -0.933907 1.707355 -0.644782
v -0.933907 1.717228 -0.651380
v -0.933907 1.723826 -0.661253
v -0.861999 1.723826 -0.684547
v -0.933907 1.638333 -0.696666
v -0.917635 1.638333 -0.696666
v -0.933907 1.633605 -0.672900
v -0.917635 1.633605 -0.672900
v -0.933907 1.757811 -0.672900
v -0.917635 1.757811 -0.672900
v -0.933907 1.726142 -0.672900
v -0.845727 1.726118 -0.672900
v -0.917635 1.667613 -0.661263
v -0.917635 1.674205 -0.651397
v -0.917635 1.684071 -0.644805
v -0.917635 1.695708 -0.642490
v -0.917635 1.707345 -0.644805
v -0.917635 1.717211 -0.651397
v -0.917635 1.723803 -0.661263
v -0.917635 1.631570 -0.648822
v -0.933907 1.631570 -0.648822
v -0.917635 1.644138 -0.620825
v -0.933907 1.644138 -0.620825
v -0.917635 1.651001 -0.604739
v -0.933907 1.651001 -0.604739
v -0.917635 1.665298 -0.672900
v -0.917635 1.667613 -0.684537
v -0.917635 1.655191 -0.594674
v -0.933907 1.655191 -0.594674
v -0.917635 1.674205 -0.694403
v -0.917635 1.684071 -0.700995
v -0.917635 1.695708 -0.703310
v -0.917635 1.707345 -0.700995
v -0.917635 1.717211 -0.694403
v -0.917635 1.723803 -0.684537
v -0.917635 1.631570 -0.696978
v -0.933907 1.631570 -0.696978
v -0.917635 1.644138 -0.724975
v -0.933907 1.644138 -0.724975
v -0.917635 1.651001 -0.741061
v -0.933907 1.651001 -0.741061
v -0.917635 1.655191 -0.751126
v -0.933907 1.655191 -0.751126
v -0.861999 1.665274 -0.672900
v -0.861999 1.753083 -0.696666
v -0.845727 1.753083 -0.696666
v -0.861999 1.739621 -0.716813
v -0.845727 1.739621 -0.716813
v -0.861999 1.719474 -0.730275
v -0.845727 1.719474 -0.730275
v -0.845727 1.638333 -0.649134
v -0.861999 1.638333 -0.649134
v -0.845727 1.651795 -0.628987
v -0.861999 1.651795 -0.628987
v -0.845727 1.671942 -0.615525
v -0.861999 1.671942 -0.615525
v -0.845727 1.695708 -0.610797
v -0.861999 1.695708 -0.610797
v -0.845727 1.719474 -0.615525
v -0.861999 1.719474 -0.615525
v -0.845727 1.739621 -0.628987
v -0.861999 1.739621 -0.628987
v -0.845727 1.753083 -0.649134
v -0.861999 1.753083 -0.649134
v -0.861999 1.695708 -0.735003
v -0.845727 1.695708 -0.735003
v -0.861999 1.671942 -0.730275
v -0.845727 1.671942 -0.730275
v -0.861999 1.651795 -0.716813
v -0.845727 1.651795 -0.716813
v -0.861999 1.667590 -0.661253
v -0.861999 1.674188 -0.651380
v -0.861999 1.684061 -0.644782
v -0.861999 1.695708 -0.642466
v -0.861999 1.707355 -0.644782
v -0.861999 1.717228 -0.651380
v -0.861999 1.723826 -0.661253
v -0.861999 1.638333 -0.696666
v -0.845727 1.638333 -0.696666
v -0.861999 1.633605 -0.672900
v -0.845727 1.633605 -0.672900
v -0.861999 1.757811 -0.672900
v -0.845727 1.757811 -0.672900
v -0.861999 1.726142 -0.672900
v -0.845727 1.667613 -0.661263
v -0.845727 1.674205 -0.651397
v -0.845727 1.684071 -0.644805
v -0.845727 1.695708 -0.642490
v -0.845727 1.707345 -0.644805
v -0.845727 1.717211 -0.651397
v -0.845727 1.723803 -0.661263
v -0.845727 1.631570 -0.648822
v -0.861999 1.631570 -0.648822
v -0.845727 1.644138 -0.620825
v -0.861999 1.644138 -0.620825
v -0.845727 1.651001 -0.604739
v -0.861999 1.651001 -0.604739
v -0.845727 1.665298 -0.672900
v -0.845727 1.667613 -0.684537
v -0.845727 1.655191 -0.594674
v -0.861999 1.655191 -0.594674
v -0.845727 1.674205 -0.694403
v -0.845727 1.684071 -0.700995
v -0.845727 1.695708 -0.703310
v -0.845727 1.707345 -0.700995
v -0.845727 1.717211 -0.694403
v -0.845727 1.723803 -0.684537
v -0.845727 1.631570 -0.696978
v -0.861999 1.631570 -0.696978
v -0.845727 1.644138 -0.724975
v -0.861999 1.644138 -0.724975
v -0.845727 1.651001 -0.741061
v -0.861999 1.651001 -0.741061
v -0.845727 1.655191 -0.751126
v -0.861999 1.655191 -0.751126
v -0.889817 1.610142 -0.703687
v -0.889817 1.524386 -0.741390
v -0.889817 1.524425 -0.604622
v -0.889817 1.610142 -0.642113
v -0.907957 1.525400 -0.602423
v -0.907957 1.611118 -0.639914
v -0.923336 1.528178 -0.596161
v -0.923336 1.613896 -0.633652
v -0.933611 1.532336 -0.586790
v -0.933611 1.618053 -0.624281
v -0.937220 1.537240 -0.575735
v -0.937220 1.622957 -0.613226
v -0.933611 1.542144 -0.564681
v -0.933611 1.627862 -0.602171
v -0.923336 1.546302 -0.555309
v -0.923336 1.632019 -0.592800
v -0.907957 1.549080 -0.549047
v -0.907957 1.634797 -0.586538
v -0.889817 1.550055 -0.546849
v -0.889817 1.635773 -0.584339
v -0.871676 1.549080 -0.549047
v -0.871676 1.634797 -0.586538
v -0.856298 1.546302 -0.555309
v -0.856298 1.632019 -0.592800
v -0.846022 1.542144 -0.564681
v -0.846022 1.627862 -0.602171
v -0.842414 1.537240 -0.575735
v -0.842414 1.622957 -0.613226
v -0.846022 1.532336 -0.586790
v -0.846022 1.618053 -0.624281
v -0.856298 1.528178 -0.596161
v -0.856298 1.613896 -0.633652
v -0.871676 1.525400 -0.602423
v -0.871676 1.611118 -0.639914
v -0.907957 1.525362 -0.743589
v -0.907957 1.611118 -0.705886
v -0.923336 1.528140 -0.749851
v -0.923336 1.613896 -0.712148
v -0.933611 1.532297 -0.759222
v -0.933611 1.618053 -0.721519
v -0.937220 1.537201 -0.770277
v -0.937220 1.622957 -0.732574
v -0.933611 1.542105 -0.781331
v -0.933611 1.627862 -0.743628
v -0.923336 1.546263 -0.790703
v -0.923336 1.632019 -0.753000
v -0.907957 1.549041 -0.796965
v -0.907957 1.634797 -0.759262
v -0.889817 1.550017 -0.799164
v -0.889817 1.635773 -0.761461
v -0.871676 1.549041 -0.796965
v -0.871676 1.634797 -0.759262
v -0.856298 1.546263 -0.790703
v -0.856298 1.632019 -0.753000
v -0.846022 1.542105 -0.781331
v -0.846022 1.627862 -0.743628
v -0.842414 1.537201 -0.770277
v -0.842414 1.622957 -0.732574
v -0.846022 1.532297 -0.759222
v -0.846022 1.618053 -0.721519
v -0.856298 1.528140 -0.749851
v -0.856298 1.613896 -0.712148
v -0.871676 1.525362 -0.743589
v -0.871676 1.611118 -0.705886
v -0.937472 1.657542 -0.754755
v -0.937472 1.658568 -0.752111
v -0.940598 1.656733 -0.752920
v -0.940598 1.630508 -0.694296
v -0.937472 1.632343 -0.693487
v -0.937472 1.629699 -0.692461
v -0.842162 1.629699 -0.692461
v -0.842162 1.632343 -0.693487
v -0.842162 1.633050 -0.582439
v -0.842162 1.635694 -0.581413
v -0.839035 1.634885 -0.583248
v -0.839035 1.608660 -0.641872
v -0.842162 1.607852 -0.643707
v -0.842162 1.606826 -0.641063
v -0.937472 1.607852 -0.643707
v -0.940598 1.608660 -0.641872
v -0.937472 1.606826 -0.641063
v -0.940598 1.634885 -0.583248
v -0.937472 1.635694 -0.581413
v -0.937472 1.633050 -0.582439
v -0.839035 1.656733 -0.592880
v -0.842162 1.657542 -0.591045
v -0.842162 1.658568 -0.593689
v -0.839035 1.630508 -0.651504
v -0.842162 1.632343 -0.652313
v -0.842162 1.629699 -0.653339
v -0.937472 1.629699 -0.653339
v -0.937472 1.632343 -0.652313
v -0.940598 1.630508 -0.651504
v -0.940598 1.656733 -0.592880
v -0.937472 1.658568 -0.593689
v -0.937472 1.657542 -0.591045
v -0.839035 1.630508 -0.694296
v -0.842162 1.658568 -0.752111
v -0.842162 1.657542 -0.754755
v -0.839035 1.656733 -0.752920
v -0.937472 1.633050 -0.763361
v -0.937472 1.635694 -0.764387
v -0.940598 1.634885 -0.762552
v -0.937472 1.606826 -0.704737
v -0.940598 1.608660 -0.703928
v -0.937472 1.607852 -0.702093
v -0.842162 1.606826 -0.704737
v -0.842162 1.607852 -0.702093
v -0.839035 1.608660 -0.703928
v -0.839035 1.634885 -0.762552
v -0.842162 1.635694 -0.764387
v -0.842162 1.633050 -0.763361
v -0.889817 1.607742 -0.641048
v -0.907957 1.608717 -0.638849
v -0.923336 1.611495 -0.632587
v -0.933611 1.615653 -0.623215
v -0.937220 1.620557 -0.612161
v -0.933611 1.625461 -0.601106
v -0.923336 1.629618 -0.591735
v -0.907957 1.632396 -0.585473
v -0.889817 1.633372 -0.583274
v -0.871676 1.632396 -0.585473
v -0.856298 1.629618 -0.591735
v -0.846022 1.625461 -0.601106
v -0.842414 1.620557 -0.612161
v -0.846022 1.615653 -0.623215
v -0.856298 1.611495 -0.632587
v -0.871676 1.608717 -0.638849
v -0.907957 1.526851 -0.603067
v -0.923336 1.529629 -0.596805
v -0.933611 1.533786 -0.587433
v -0.937220 1.538690 -0.576379
v -0.933611 1.543594 -0.565324
v -0.923336 1.547752 -0.555953
v -0.907957 1.550530 -0.549691
v -0.889817 1.551506 -0.547492
v -0.871676 1.550530 -0.549691
v -0.856298 1.547752 -0.555953
v -0.846022 1.543594 -0.565324
v -0.842414 1.538690 -0.576379
v -0.846022 1.533786 -0.587433
v -0.856298 1.529629 -0.596805
v -0.871676 1.526851 -0.603067
v -0.889817 1.525875 -0.605266
v -0.856298 1.631168 -0.753378
v -0.933611 1.627010 -0.744006
v -0.937220 1.622106 -0.732952
v -0.871676 1.633946 -0.759640
v -0.933611 1.617202 -0.721897
v -0.889817 1.634921 -0.761838
v -0.923336 1.613045 -0.712525
v -0.907957 1.633946 -0.759640
v -0.907957 1.610267 -0.706264
v -0.923336 1.631168 -0.753378
v -0.889817 1.609291 -0.704065
v -0.846022 1.627010 -0.744006
v -0.842414 1.622106 -0.732952
v -0.846022 1.617202 -0.721897
v -0.856298 1.613045 -0.712525
v -0.871676 1.610267 -0.706264
v -0.856298 1.546903 -0.790419
v -0.933611 1.542746 -0.781047
v -0.937220 1.537841 -0.769993
v -0.871676 1.549681 -0.796681
v -0.933611 1.532937 -0.758938
v -0.889817 1.550657 -0.798880
v -0.923336 1.528780 -0.749567
v -0.907957 1.549681 -0.796681
v -0.907957 1.526002 -0.743305
v -0.923336 1.546903 -0.790419
v -0.846022 1.542746 -0.781047
v -0.842414 1.537841 -0.769993
v -0.846022 1.532937 -0.758938
v -0.856298 1.528780 -0.749567
v -0.871676 1.526002 -0.743305
v -0.889817 1.525026 -0.741106
v 1.385386 1.726118 -0.672900
v 1.329750 1.667590 -0.684547
v 1.329750 1.674188 -0.694420
v 1.329750 1.684061 -0.701018
v 1.401658 1.723826 -0.684547
v 1.401658 1.717229 -0.694420
v 1.401658 1.707355 -0.701018
v 1.401658 1.695708 -0.703334
v 1.401658 1.684061 -0.701018
v 1.401658 1.674188 -0.694420
v 1.401658 1.667590 -0.684547
v 1.401658 1.665274 -0.672900
v 1.401659 1.753083 -0.696666
v 1.385386 1.753083 -0.696666
v 1.401658 1.739621 -0.716813
v 1.385386 1.739621 -0.716813
v 1.401658 1.719474 -0.730275
v 1.385386 1.719474 -0.730275
v 1.329750 1.695708 -0.703334
v 1.329750 1.707355 -0.701018
v 1.385386 1.638333 -0.649134
v 1.401659 1.638333 -0.649134
v 1.385386 1.651795 -0.628987
v 1.401659 1.651795 -0.628987
v 1.385386 1.671942 -0.615525
v 1.401659 1.671942 -0.615525
v 1.385386 1.695708 -0.610797
v 1.401659 1.695708 -0.610797
v 1.385386 1.719474 -0.615525
v 1.401659 1.719474 -0.615525
v 1.385386 1.739621 -0.628987
v 1.401659 1.739621 -0.628987
v 1.385386 1.753083 -0.649134
v 1.401659 1.753083 -0.649134
v 1.401658 1.695708 -0.735003
v 1.385386 1.695708 -0.735003
v 1.401658 1.671942 -0.730275
v 1.385386 1.671942 -0.730275
v 1.401658 1.651795 -0.716813
v 1.385386 1.651795 -0.716813
v 1.329750 1.717229 -0.694420
v 1.401659 1.667590 -0.661253
v 1.401659 1.674188 -0.651380
v 1.401659 1.684061 -0.644782
v 1.401659 1.695708 -0.642466
v 1.401659 1.707355 -0.644782
v 1.401659 1.717229 -0.651380
v 1.401659 1.723826 -0.661253
v 1.329750 1.723826 -0.684547
v 1.401658 1.638333 -0.696666
v 1.385386 1.638333 -0.696666
v 1.401658 1.633605 -0.672900
v 1.385386 1.633605 -0.672900
v 1.401659 1.757811 -0.672900
v 1.385386 1.757811 -0.672900
v 1.401659 1.726143 -0.672900
v 1.313478 1.726118 -0.672900
v 1.385386 1.667613 -0.661263
v 1.385386 1.674205 -0.651397
v 1.385386 1.684071 -0.644805
v 1.385386 1.695708 -0.642490
v 1.385386 1.707345 -0.644805
v 1.385386 1.717211 -0.651397
v 1.385386 1.723803 -0.661263
v 1.385386 1.631570 -0.648822
v 1.401659 1.631570 -0.648822
v 1.385386 1.644138 -0.620825
v 1.401659 1.644138 -0.620825
v 1.385386 1.651001 -0.604739
v 1.401659 1.651001 -0.604739
v 1.385386 1.665298 -0.672900
v 1.385386 1.667613 -0.684537
v 1.385386 1.655191 -0.594674
v 1.401659 1.655191 -0.594674
v 1.385386 1.674205 -0.694403
v 1.385386 1.684071 -0.700995
v 1.385386 1.695708 -0.703310
v 1.385386 1.707345 -0.700995
v 1.385386 1.717211 -0.694403
v 1.385386 1.723803 -0.684537
v 1.385386 1.631570 -0.696978
v 1.401658 1.631570 -0.696978
v 1.385386 1.644138 -0.724975
v 1.401658 1.644138 -0.724975
v 1.385386 1.651001 -0.741061
v 1.401659 1.651001 -0.741061
v 1.385386 1.655191 -0.751126
v 1.401658 1.655191 -0.751126
v 1.329750 1.665274 -0.672900
v 1.329750 1.753083 -0.696666
v 1.313478 1.753083 -0.696666
v 1.329750 1.739621 -0.716813
v 1.313478 1.739621 -0.716813
v 1.329750 1.719474 -0.730275
v 1.313478 1.719474 -0.730275
v 1.313478 1.638333 -0.649134
v 1.329750 1.638333 -0.649134
v 1.313478 1.651795 -0.628987
v 1.329750 1.651795 -0.628987
v 1.313478 1.671942 -0.615525
v 1.329750 1.671942 -0.615525
v 1.313478 1.695708 -0.610797
v 1.329750 1.695708 -0.610797
v 1.313478 1.719474 -0.615525
v 1.329750 1.719474 -0.615525
v 1.313478 1.739621 -0.628987
v 1.329750 1.739621 -0.628987
v 1.313478 1.753083 -0.649134
v 1.329750 1.753083 -0.649134
v 1.329750 1.695708 -0.735003
v 1.313478 1.695708 -0.735003
v 1.329750 1.671942 -0.730275
v 1.313478 1.671942 -0.730275
v 1.329750 1.651795 -0.716813
v 1.313478 1.651795 -0.716813
v 1.329750 1.667590 -0.661253
v 1.329750 1.674188 -0.651380
v 1.329750 1.684061 -0.644782
v 1.329750 1.695708 -0.642466
v 1.329750 1.707355 -0.644782
v 1.329750 1.717229 -0.651380
v 1.329750 1.723826 -0.661253
v 1.329750 1.638333 -0.696666
v 1.313478 1.638333 -0.696666
v 1.329750 1.633605 -0.672900
v 1.313478 1.633605 -0.672900
v 1.329750 1.757811 -0.672900
v 1.313478 1.757811 -0.672900
v 1.329750 1.726143 -0.672900
v 1.313478 1.667613 -0.661263
v 1.313478 1.674205 -0.651397
v 1.313478 1.684071 -0.644805
v 1.313478 1.695708 -0.642490
v 1.313478 1.707345 -0.644805
v 1.313478 1.717211 -0.651397
v 1.313478 1.723803 -0.661263
v 1.313478 1.631570 -0.648822
v 1.329750 1.631570 -0.648822
v 1.313478 1.644138 -0.620825
v 1.329750 1.644138 -0.620825
v 1.313478 1.651001 -0.604739
v 1.329750 1.651001 -0.604739
v 1.313478 1.665298 -0.672900
v 1.313478 1.667613 -0.684537
v 1.313478 1.655191 -0.594674
v 1.329750 1.655191 -0.594674
v 1.313478 1.674205 -0.694403
v 1.313478 1.684071 -0.700995
v 1.313478 1.695708 -0.703310
v 1.313478 1.707345 -0.700995
v 1.313478 1.717211 -0.694403
v 1.313478 1.723803 -0.684537
v 1.313478 1.631570 -0.696978
v 1.329750 1.631570 -0.696978
v 1.313478 1.644138 -0.724975
v 1.329750 1.644138 -0.724975
v 1.313478 1.651001 -0.741061
v 1.329750 1.651001 -0.741061
v 1.313478 1.655191 -0.751126
v 1.329750 1.655191 -0.751126
v 1.357568 1.610142 -0.703687
v 1.357568 1.524386 -0.741390
v 1.357568 1.524425 -0.604622
v 1.357568 1.610142 -0.642113
v 1.375708 1.525400 -0.602423
v 1.375708 1.611118 -0.639914
v 1.391087 1.528178 -0.596161
v 1.391087 1.613896 -0.633652
v 1.401363 1.532336 -0.586790
v 1.401363 1.618053 -0.624281
v 1.404971 1.537240 -0.575735
v 1.404971 1.622958 -0.613226
v 1.401363 1.542144 -0.564681
v 1.401363 1.627862 -0.602171
v 1.391087 1.546302 -0.555309
v 1.391087 1.632019 -0.592800
v 1.375708 1.549080 -0.549047
v 1.375708 1.634797 -0.586538
v 1.357568 1.550055 -0.546849
v 1.357568 1.635773 -0.584339
v 1.339428 1.549080 -0.549047
v 1.339428 1.634797 -0.586538
v 1.324049 1.546302 -0.555309
v 1.324049 1.632019 -0.592800
v 1.313774 1.542144 -0.564681
v 1.313774 1.627862 -0.602171
v 1.310165 1.537240 -0.575735
v 1.310165 1.622958 -0.613226
v 1.313774 1.532336 -0.586790
v 1.313774 1.618053 -0.624281
v 1.324049 1.528178 -0.596161
v 1.324049 1.613896 -0.633652
v 1.339428 1.525400 -0.602423
v 1.339428 1.611118 -0.639914
v 1.375708 1.525362 -0.743589
v 1.375708 1.611118 -0.705886
v 1.391087 1.528140 -0.749851
v 1.391087 1.613896 -0.712148
v 1.401363 1.532297 -0.759222
v 1.401363 1.618053 -0.721519
v 1.404971 1.537201 -0.770277
v 1.404971 1.622958 -0.732574
v 1.401363 1.542106 -0.781331
v 1.401363 1.627862 -0.743628
v 1.391087 1.546263 -0.790703
v 1.391087 1.632019 -0.753000
v 1.375708 1.549041 -0.796965
v 1.375708 1.634797 -0.759262
v 1.357568 1.550017 -0.799164
v 1.357568 1.635773 -0.761461
v 1.339428 1.549041 -0.796965
v 1.339428 1.634797 -0.759262
v 1.324049 1.546263 -0.790703
v 1.324049 1.632019 -0.753000
v 1.313774 1.542106 -0.781331
v 1.313774 1.627862 -0.743628
v 1.310165 1.537201 -0.770277
v 1.310165 1.622958 -0.732574
v 1.313774 1.532297 -0.759222
v 1.313774 1.618053 -0.721519
v 1.324049 1.528140 -0.749851
v 1.324049 1.613896 -0.712148
v 1.339428 1.525362 -0.743589
v 1.339428 1.611118 -0.705886
v 1.405224 1.657542 -0.754755
v 1.405224 1.658568 -0.752111
v 1.408350 1.656733 -0.752920
v 1.408350 1.630508 -0.694296
v 1.405224 1.632343 -0.693487
v 1.405224 1.629699 -0.692461
v 1.309913 1.629699 -0.692461
v 1.309913 1.632343 -0.693487
v 1.309913 1.633050 -0.582439
v 1.309913 1.635694 -0.581413
v 1.306787 1.634885 -0.583248
v 1.306787 1.608660 -0.641872
v 1.309913 1.607852 -0.643707
v 1.309913 1.606826 -0.641063
v 1.405224 1.607852 -0.643707
v 1.408350 1.608660 -0.641872
v 1.405224 1.606826 -0.641063
v 1.408350 1.634885 -0.583248
v 1.405224 1.635694 -0.581413
v 1.405224 1.633050 -0.582439
v 1.306787 1.656733 -0.592880
v 1.309913 1.657542 -0.591045
v 1.309913 1.658568 -0.593689
v 1.306787 1.630508 -0.651504
v 1.309913 1.632343 -0.652313
v 1.309913 1.629699 -0.653339
v 1.405224 1.629699 -0.653339
v 1.405224 1.632343 -0.652313
v 1.408350 1.630508 -0.651504
v 1.408350 1.656733 -0.592880
v 1.405224 1.658568 -0.593689
v 1.405224 1.657542 -0.591045
v 1.306787 1.630508 -0.694296
v 1.309913 1.658568 -0.752111
v 1.309913 1.657542 -0.754755
v 1.306787 1.656733 -0.752920
v 1.405224 1.633050 -0.763361
v 1.405224 1.635694 -0.764387
v 1.408350 1.634885 -0.762552
v 1.405224 1.606826 -0.704737
v 1.408350 1.608660 -0.703928
v 1.405224 1.607852 -0.702093
v 1.309913 1.606826 -0.704737
v 1.309913 1.607852 -0.702093
v 1.306787 1.608660 -0.703928
v 1.306787 1.634885 -0.762552
v 1.309913 1.635694 -0.764387
v 1.309913 1.633050 -0.763361
v 1.357568 1.607742 -0.641048
v 1.375708 1.608717 -0.638849
v 1.391087 1.611495 -0.632587
v 1.401363 1.615653 -0.623215
v 1.404971 1.620557 -0.612161
v 1.401363 1.625461 -0.601106
v 1.391087 1.629619 -0.591735
v 1.375708 1.632396 -0.585473
v 1.357568 1.633372 -0.583274
v 1.339428 1.632396 -0.585473
v 1.324049 1.629619 -0.591735
v 1.313774 1.625461 -0.601106
v 1.310165 1.620557 -0.612161
v 1.313774 1.615653 -0.623215
v 1.324049 1.611495 -0.632587
v 1.339428 1.608717 -0.638849
v 1.375708 1.526851 -0.603067
v 1.391087 1.529629 -0.596805
v 1.401363 1.533786 -0.587433
v 1.404971 1.538690 -0.576379
v 1.401363 1.543595 -0.565324
v 1.391087 1.547752 -0.555953
v 1.375708 1.550530 -0.549691
v 1.357568 1.551506 -0.547492
v 1.339428 1.550530 -0.549691
v 1.324049 1.547752 -0.555953
v 1.313774 1.543595 -0.565324
v 1.310165 1.538690 -0.576379
v 1.313774 1.533786 -0.587433
v 1.324049 1.529629 -0.596805
v 1.339428 1.526851 -0.603067
v 1.357568 1.525875 -0.605266
v 1.324049 1.631168 -0.753378
v 1.401363 1.627010 -0.744006
v 1.404971 1.622106 -0.732952
v 1.339428 1.633946 -0.759640
v 1.401363 1.617202 -0.721897
v 1.357568 1.634922 -0.761838
v 1.391087 1.613045 -0.712525
v 1.375708 1.633946 -0.759640
v 1.375708 1.610267 -0.706264
v 1.391087 1.631168 -0.753378
v 1.357568 1.609291 -0.704065
v 1.313774 1.627010 -0.744006
v 1.310165 1.622106 -0.732952
v 1.313774 1.617202 -0.721897
v 1.324049 1.613045 -0.712525
v 1.339428 1.610267 -0.706264
v 1.324049 1.546903 -0.790419
v 1.401363 1.542746 -0.781047
v 1.404971 1.537842 -0.769993
v 1.339428 1.549681 -0.796681
v 1.401363 1.532937 -0.758938
v 1.357568 1.550657 -0.798880
v 1.391087 1.528780 -0.749567
v 1.375708 1.549681 -0.796681
v 1.375708 1.526002 -0.743305
v 1.391087 1.546903 -0.790419
v 1.313774 1.542746 -0.781047
v 1.310165 1.537842 -0.769993
v 1.313774 1.532937 -0.758938
v 1.324049 1.528780 -0.749567
v 1.339428 1.526002 -0.743305
v 1.357568 1.525026 -0.741106
v 1.312766 -0.005950 0.100548
v 1.312766 1.642788 -0.621712
v 1.316191 -0.005950 0.089068
v 1.316191 1.638182 -0.632228
v 1.325946 -0.005950 0.079335
v 1.325946 1.634276 -0.641143
v 1.340545 -0.005950 0.072832
v 1.340545 1.631667 -0.647100
v 1.357766 -0.005950 0.070548
v 1.357766 1.630750 -0.649191
v 1.374987 -0.005950 0.072832
v 1.374987 1.631667 -0.647100
v 1.389585 -0.005950 0.079335
v 1.389586 1.634276 -0.641143
v 1.399340 -0.005950 0.089068
v 1.399340 1.638182 -0.632228
v 1.402766 -0.005950 0.100548
v 1.402766 1.642788 -0.621712
v 1.399340 -0.005950 0.112029
v 1.399340 1.647395 -0.611197
v 1.389585 -0.005950 0.121762
v 1.389586 1.651300 -0.602282
v 1.374986 -0.005950 0.128265
v 1.374987 1.653910 -0.596325
v 1.357766 -0.005950 0.130548
v 1.357766 1.654826 -0.594233
v 1.340545 -0.005950 0.128265
v 1.340545 1.653910 -0.596325
v 1.325946 -0.005950 0.121762
v 1.325946 1.651300 -0.602282
v 1.316191 -0.005950 0.112029
v 1.316191 1.647395 -0.611197
v 1.312766 1.628985 -0.615666
v 1.316191 1.624417 -0.626189
v 1.325946 1.620544 -0.635111
v 1.340545 1.617957 -0.641072
v 1.357766 1.617048 -0.643166
v 1.374987 1.617957 -0.641072
v 1.389586 1.620544 -0.635111
v 1.399340 1.624417 -0.626189
v 1.402766 1.628985 -0.615666
v 1.399340 1.633553 -0.605142
v 1.389586 1.637425 -0.596220
v 1.374987 1.640013 -0.590259
v 1.357766 1.640922 -0.588166
v 1.340545 1.640013 -0.590259
v 1.325946 1.637425 -0.596220
v 1.316191 1.633553 -0.605142
v 1.316191 0.018237 0.078456
v 1.325946 0.018180 0.068736
v 1.340545 0.018141 0.062241
v 1.357766 0.018128 0.059960
v 1.374987 0.018141 0.062241
v 1.389585 0.018180 0.068736
v 1.399340 0.018237 0.078456
v 1.402766 0.018305 0.089923
v 1.399340 0.018373 0.101389
v 1.389585 0.018430 0.111110
v 1.374986 0.018469 0.117605
v 1.357766 0.018482 0.119886
v 1.340545 0.018469 0.117605
v 1.325946 0.018430 0.111110
v 1.316191 0.018373 0.101389
v 1.312766 0.018305 0.089923
v 1.312766 -0.005950 -1.446348
v 1.312766 1.642788 -0.724088
v 1.316192 -0.005950 -1.434868
v 1.316191 1.638182 -0.713572
v 1.325946 -0.005950 -1.425135
v 1.325946 1.634276 -0.704657
v 1.340545 -0.005950 -1.418632
v 1.340545 1.631667 -0.698700
v 1.357766 -0.005950 -1.416348
v 1.357766 1.630750 -0.696609
v 1.374987 -0.005950 -1.418632
v 1.374987 1.631667 -0.698700
v 1.389586 -0.005950 -1.425135
v 1.389586 1.634276 -0.704657
v 1.399340 -0.005950 -1.434868
v 1.399340 1.638182 -0.713572
v 1.402766 -0.005950 -1.446348
v 1.402766 1.642788 -0.724088
v 1.399340 -0.005950 -1.457829
v 1.399340 1.647395 -0.734603
v 1.389586 -0.005950 -1.467562
v 1.389586 1.651300 -0.743518
v 1.374987 -0.005950 -1.474065
v 1.374987 1.653910 -0.749475
v 1.357766 -0.005950 -1.476348
v 1.357766 1.654826 -0.751567
v 1.340545 -0.005950 -1.474065
v 1.340545 1.653910 -0.749475
v 1.325946 -0.005950 -1.467562
v 1.325946 1.651300 -0.743518
v 1.316192 -0.005950 -1.457829
v 1.316191 1.647395 -0.734603
v 1.312766 1.636826 -0.726700
v 1.316191 1.632236 -0.716180
v 1.325946 1.628345 -0.707263
v 1.340545 1.625745 -0.701304
v 1.357766 1.624831 -0.699212
v 1.374987 1.625745 -0.701304
v 1.389586 1.628345 -0.707263
v 1.399340 1.632236 -0.716180
v 1.402766 1.636826 -0.726700
v 1.399340 1.641416 -0.737219
v 1.389586 1.645307 -0.746137
v 1.374987 1.647907 -0.752095
v 1.357766 1.648820 -0.754188
v 1.340545 1.647907 -0.752095
v 1.325946 1.645307 -0.746137
v 1.316191 1.641416 -0.737219
v 1.316192 0.007939 -1.428774
v 1.325946 0.007906 -1.419048
v 1.340545 0.007884 -1.412550
v 1.357766 0.007877 -1.410268
v 1.374987 0.007884 -1.412550
v 1.389586 0.007906 -1.419048
v 1.399340 0.007939 -1.428774
v 1.402766 0.007978 -1.440247
v 1.399340 0.008017 -1.451719
v 1.389586 0.008050 -1.461445
v 1.374987 0.008072 -1.467943
v 1.357766 0.008080 -1.470225
v 1.340545 0.008072 -1.467943
v 1.325946 0.008050 -1.461445
v 1.316192 0.008017 -1.451719
v 1.312766 0.007978 -1.440247
v -0.995746 1.726246 -0.672900
v 1.445668 1.726246 -0.672900
v -0.995746 1.723963 -0.684380
v 1.445668 1.723963 -0.684380
v -0.995746 1.717460 -0.694113
v 1.445668 1.717460 -0.694113
v -0.995746 1.707727 -0.700616
v 1.445668 1.707727 -0.700616
v -0.995746 1.696246 -0.702900
v 1.445668 1.696246 -0.702900
v -0.995746 1.684766 -0.700616
v 1.445668 1.684766 -0.700616
v -0.995746 1.675033 -0.694113
v 1.445668 1.675033 -0.694113
v -0.995746 1.668530 -0.684380
v 1.445668 1.668530 -0.684380
v -0.995746 1.666246 -0.672900
v 1.445668 1.666246 -0.672900
v -0.995746 1.668530 -0.661419
v 1.445668 1.668530 -0.661419
v -0.995746 1.675033 -0.651687
v 1.445668 1.675033 -0.651687
v -0.995746 1.684766 -0.645184
v 1.445668 1.684766 -0.645184
v -0.995746 1.696246 -0.642900
v 1.445668 1.696246 -0.642900
v -0.995746 1.707727 -0.645184
v 1.445668 1.707727 -0.645184
v -0.995746 1.717460 -0.651687
v 1.445668 1.717460 -0.651687
v -0.995746 1.723963 -0.661419
v 1.445668 1.723963 -0.661419
v -0.980613 1.726246 -0.672900
v -0.980613 1.723963 -0.684380
v -0.980613 1.717460 -0.694113
v -0.980613 1.707727 -0.700616
v -0.980613 1.696246 -0.702900
v -0.980613 1.684766 -0.700616
v -0.980613 1.675033 -0.694113
v -0.980613 1.668530 -0.684380
v -0.980613 1.666246 -0.672900
v -0.980613 1.668530 -0.661419
v -0.980613 1.675033 -0.651687
v -0.980613 1.684766 -0.645184
v -0.980613 1.696246 -0.642900
v -0.980613 1.707727 -0.645184
v -0.980613 1.717460 -0.651687
v -0.980613 1.723963 -0.661419
v 1.433957 1.726246 -0.672900
v 1.433957 1.723963 -0.684380
v 1.433957 1.717460 -0.694113
v 1.433957 1.707727 -0.700616
v 1.433957 1.696246 -0.702900
v 1.433957 1.684766 -0.700616
v 1.433957 1.675033 -0.694113
v 1.433957 1.668530 -0.684380
v 1.433957 1.666246 -0.672900
v 1.433957 1.668530 -0.661419
v 1.433957 1.675033 -0.651687
v 1.433957 1.684766 -0.645184
v 1.433957 1.696246 -0.642900
v 1.433957 1.707727 -0.645184
v 1.433957 1.717460 -0.651687
v 1.433957 1.723963 -0.661419
v -0.845014 -0.005950 0.100548
v -0.845014 1.642788 -0.621712
v -0.848440 -0.005950 0.089068
v -0.848440 1.638182 -0.632228
v -0.858195 -0.005950 0.079335
v -0.858195 1.634276 -0.641143
v -0.872794 -0.005950 0.072832
v -0.872794 1.631667 -0.647100
v -0.890015 -0.005950 0.070548
v -0.890015 1.630750 -0.649191
v -0.907235 -0.005950 0.072832
v -0.907235 1.631667 -0.647100
v -0.921834 -0.005950 0.079335
v -0.921834 1.634276 -0.641143
v -0.931589 -0.005950 0.089068
v -0.931589 1.638182 -0.632228
v -0.935014 -0.005950 0.100548
v -0.935014 1.642788 -0.621712
v -0.931589 -0.005950 0.112029
v -0.931589 1.647395 -0.611197
v -0.921834 -0.005950 0.121762
v -0.921834 1.651300 -0.602282
v -0.907235 -0.005950 0.128265
v -0.907235 1.653910 -0.596325
v -0.890015 -0.005950 0.130548
v -0.890015 1.654826 -0.594233
v -0.872794 -0.005950 0.128265
v -0.872794 1.653910 -0.596325
v -0.858195 -0.005950 0.121762
v -0.858195 1.651300 -0.602282
v -0.848440 -0.005950 0.112029
v -0.848440 1.647395 -0.611197
v -0.845014 1.636372 -0.618902
v -0.848440 1.631783 -0.629421
v -0.858195 1.627893 -0.638339
v -0.872794 1.625294 -0.644298
v -0.890015 1.624381 -0.646390
v -0.907235 1.625294 -0.644298
v -0.921834 1.627893 -0.638339
v -0.931589 1.631783 -0.629421
v -0.935014 1.636372 -0.618902
v -0.931589 1.640961 -0.608382
v -0.921834 1.644851 -0.599464
v -0.907235 1.647450 -0.593505
v -0.890015 1.648363 -0.591413
v -0.872794 1.647450 -0.593505
v -0.858195 1.644851 -0.599464
v -0.848440 1.640961 -0.608382
v -0.848440 0.001529 0.085787
v -0.858195 0.001511 0.076058
v -0.872794 0.001499 0.069557
v -0.890015 0.001495 0.067274
v -0.907235 0.001499 0.069557
v -0.921834 0.001511 0.076058
v -0.931589 0.001529 0.085787
v -0.935014 0.001550 0.097263
v -0.931589 0.001571 0.108739
v -0.921834 0.001589 0.118468
v -0.907235 0.001600 0.124968
v -0.890015 0.001605 0.127251
v -0.872794 0.001600 0.124968
v -0.858195 0.001589 0.118468
v -0.848440 0.001571 0.108739
v -0.845014 0.001550 0.097263
v -0.845014 -0.005950 -1.446348
v -0.845014 1.642788 -0.724088
v -0.848440 -0.005950 -1.434868
v -0.848440 1.638182 -0.713572
v -0.858195 -0.005950 -1.425135
v -0.858195 1.634276 -0.704657
v -0.872794 -0.005950 -1.418632
v -0.872794 1.631667 -0.698700
v -0.890015 -0.005950 -1.416348
v -0.890015 1.630750 -0.696609
v -0.907235 -0.005950 -1.418632
v -0.907235 1.631667 -0.698700
v -0.921834 -0.005950 -1.425135
v -0.921834 1.634276 -0.704657
v -0.931589 -0.005950 -1.434868
v -0.931589 1.638182 -0.713572
v -0.935014 -0.005950 -1.446348
v -0.935014 1.642788 -0.724088
v -0.931589 -0.005950 -1.457829
v -0.931589 1.647395 -0.734603
v -0.921834 -0.005950 -1.467562
v -0.921834 1.651300 -0.743518
v -0.907235 -0.005950 -1.474065
v -0.907235 1.653910 -0.749475
v -0.890015 -0.005950 -1.476348
v -0.890015 1.654826 -0.751567
v -0.872794 -0.005950 -1.474065
v -0.872794 1.653910 -0.749475
v -0.858195 -0.005950 -1.467562
v -0.858195 1.651300 -0.743518
v -0.848440 -0.005950 -1.457829
v -0.848440 1.647395 -0.734603
v -0.845014 1.621822 -0.733272
v -0.848440 1.617274 -0.722744
v -0.858195 1.613418 -0.713819
v -0.872794 1.610842 -0.707856
v -0.890015 1.609937 -0.705761
v -0.907235 1.610842 -0.707856
v -0.921834 1.613418 -0.713819
v -0.931589 1.617274 -0.722744
v -0.935014 1.621822 -0.733272
v -0.931589 1.626369 -0.743801
v -0.921834 1.630225 -0.752726
v -0.907235 1.632802 -0.758689
v -0.890015 1.633706 -0.760783
v -0.872794 1.632802 -0.758689
v -0.858195 1.630225 -0.752726
v -0.848440 1.626369 -0.743801
v -0.848440 0.001962 -1.431397
v -0.858195 0.001943 -1.421668
v -0.872794 0.001931 -1.415167
v -0.890015 0.001926 -1.412885
v -0.907235 0.001931 -1.415167
v -0.921834 0.001943 -1.421668
v -0.931589 0.001962 -1.431397
v -0.935014 0.001984 -1.442873
v -0.931589 0.002006 -1.454348
v -0.921834 0.002025 -1.464077
v -0.907235 0.002038 -1.470578
v -0.890015 0.002042 -1.472860
v -0.872794 0.002038 -1.470578
v -0.858195 0.002025 -1.464077
v -0.848440 0.002006 -1.454348
v -0.845014 0.001984 -1.442873
v -1.665422 -0.001609 0.059701
v -1.631989 1.096408 0.059701
v -1.631989 -0.001609 0.059701
v -1.665422 1.096408 0.059701
v -1.665422 1.096408 0.109849
v -1.631989 1.096408 0.109849
v -1.631989 -0.001609 0.109849
v -1.665422 -0.001609 0.109849
v -1.876091 -0.001609 0.059701
v -1.842659 1.096408 0.059701
v -1.842659 -0.001609 0.059701
v -1.876091 1.096408 0.059701
v -1.876091 1.096408 0.109849
v -1.842659 1.096408 0.109849
v -1.842659 -0.001609 0.109849
v -1.876091 -0.001609 0.109849
v -1.632405 0.087850 1.488447
v -1.632405 -0.001766 1.438302
v -1.632405 0.087850 1.438302
v -1.632405 -0.001766 1.488447
v -1.665838 0.087850 1.488447
v -1.665838 -0.001766 1.488447
v -1.665838 -0.001766 1.438302
v -1.665838 0.087850 1.438302
v -1.842142 0.087850 1.488447
v -1.842142 -0.001766 1.438302
v -1.842142 0.087850 1.438302
v -1.842142 -0.001766 1.488447
v -1.875574 0.087850 1.488447
v -1.875574 -0.001766 1.488447
v -1.875574 -0.001766 1.438302
v -1.875574 0.087850 1.438302
v -1.597221 1.076614 -0.312170
v -1.597221 1.113813 -0.381852
v -1.586475 1.076614 -0.312170
v -1.602594 1.101438 -0.379200
v -1.602594 1.087973 -0.459225
v -1.597221 1.099386 -0.468496
v -1.586475 1.113813 -0.381852
v -1.581103 1.069270 -0.317885
v -1.581103 1.101438 -0.379200
v -1.586475 1.099386 -0.468496
v -1.597221 0.191878 -0.749486
v -1.602594 0.195018 -0.738189
v -1.597221 0.198157 -0.726891
v -1.597221 1.076557 -0.449959
v -1.597221 1.089062 -0.376553
v -1.602594 1.069270 -0.317885
v -1.919558 1.076614 -0.312170
v -1.919558 1.113813 -0.381852
v -1.908812 1.076614 -0.312170
v -1.924931 1.101438 -0.379200
v -1.924931 1.087973 -0.459225
v -1.919558 1.099386 -0.468496
v -1.908812 1.113813 -0.381852
v -1.903439 1.069270 -0.317885
v -1.903439 1.101438 -0.379200
v -1.908812 1.099386 -0.468496
v -1.919558 0.191878 -0.749486
v -1.924931 0.195018 -0.738189
v -1.919558 0.198157 -0.726891
v -1.919558 1.076557 -0.449959
v -1.919558 1.089062 -0.376553
v -1.924931 1.069270 -0.317885
v -1.908812 1.061926 -0.323600
v -1.908812 1.089062 -0.376553
v -1.903439 1.087973 -0.459225
v -1.908812 0.191878 -0.749486
v -1.919558 0.112869 -0.640886
v -1.924931 0.120403 -0.635420
v -1.919558 0.127931 -0.629954
v -1.908812 0.127931 -0.629954
v -1.908812 0.198157 -0.726891
v -1.908812 1.076557 -0.449959
v -1.919558 1.061926 -0.323600
v -1.586475 1.061926 -0.323600
v -1.586475 1.089062 -0.376553
v -1.581103 1.087973 -0.459225
v -1.586475 0.191878 -0.749486
v -1.597221 0.112869 -0.640886
v -1.602594 0.120403 -0.635420
v -1.597221 0.127931 -0.629954
v -1.586475 0.127931 -0.629954
v -1.586475 0.198157 -0.726891
v -1.586475 1.076557 -0.449959
v -1.597221 1.061926 -0.323600
v -1.903439 0.195018 -0.738189
v -1.908812 0.112869 -0.640886
v -1.903439 0.120403 -0.635420
v -1.581103 0.195018 -0.738189
v -1.586475 0.112869 -0.640886
v -1.581103 0.120403 -0.635420
v -1.904420 1.095723 0.118154
v -1.889715 1.095769 -0.320140
v -1.889715 1.095769 0.118154
v -1.904420 1.095723 -0.320140
v -1.663459 1.416671 0.118154
v -1.663458 1.416671 -0.320140
v -1.751921 1.441767 -0.320140
v -1.751921 1.441767 0.118154
v -1.631888 1.341081 -0.320140
v -1.631888 1.341081 0.118154
v -1.672338 1.404952 0.118154
v -1.672338 1.404952 -0.320140
v -1.616413 1.236199 -0.320140
v -1.616413 1.236199 0.118154
v -1.614132 1.095738 -0.320140
v -1.614132 1.095738 0.118154
v -1.751926 1.427065 -0.320140
v -1.831777 1.406212 -0.320140
v -1.840353 1.418160 -0.320140
v -1.872284 1.344693 -0.320140
v -1.886301 1.349133 -0.320140
v -1.887780 1.240334 -0.320140
v -1.902465 1.241107 -0.320140
v -1.617838 1.345419 -0.320140
v -1.601730 1.236997 -0.320140
v -1.599427 1.095753 -0.320140
v -1.751926 1.427065 0.118154
v -1.840353 1.418160 0.118154
v -1.831777 1.406212 0.118154
v -1.886301 1.349133 0.118154
v -1.872284 1.344693 0.118154
v -1.902465 1.241107 0.118154
v -1.887780 1.240334 0.118154
v -1.617838 1.345419 0.118154
v -1.601730 1.236997 0.118154
v -1.599427 1.095753 0.118154
v -1.599664 0.970245 -0.289101
v -1.599664 0.970245 -0.365301
v -1.904467 0.970245 -0.289101
v -1.599664 0.955005 -0.365301
v -1.599664 0.955005 -0.289101
v -1.904467 0.955005 -0.289101
v -1.904467 0.970245 -0.365301
v -1.904467 0.955005 -0.365301
v -1.599664 0.843244 -0.329741
v -1.599664 0.843244 -0.405941
v -1.904467 0.843244 -0.329741
v -1.599664 0.828004 -0.405941
v -1.599664 0.828004 -0.329741
v -1.904467 0.828004 -0.329741
v -1.904467 0.843244 -0.405941
v -1.904467 0.828004 -0.405941
v -1.599664 0.716243 -0.370381
v -1.599664 0.716243 -0.446581
v -1.904467 0.716243 -0.370381
v -1.599664 0.701003 -0.446581
v -1.599664 0.701003 -0.370381
v -1.904467 0.701003 -0.370381
v -1.904467 0.716243 -0.446581
v -1.904467 0.701003 -0.446581
v -1.599664 0.589242 -0.411021
v -1.599664 0.589242 -0.487226
v -1.904467 0.589242 -0.411021
v -1.599664 0.574002 -0.487226
v -1.599664 0.574002 -0.411021
v -1.904467 0.574002 -0.411021
v -1.904467 0.589242 -0.487226
v -1.904467 0.574002 -0.487226
v -1.599664 0.462241 -0.451661
v -1.599664 0.462241 -0.527866
v -1.904467 0.462241 -0.451661
v -1.599664 0.447001 -0.527866
v -1.599664 0.447001 -0.451661
v -1.904467 0.447001 -0.451661
v -1.904467 0.462241 -0.527866
v -1.904467 0.447001 -0.527866
v -1.599664 0.335240 -0.492306
v -1.599664 0.335240 -0.568506
v -1.904467 0.335240 -0.492306
v -1.599664 0.320000 -0.568506
v -1.599664 0.320000 -0.492306
v -1.904467 0.320000 -0.492306
v -1.904467 0.335240 -0.568506
v -1.904467 0.320000 -0.568506
v -1.599664 0.208241 -0.532946
v -1.599664 0.208241 -0.609146
v -1.904467 0.208241 -0.532946
v -1.599664 0.193001 -0.609146
v -1.599664 0.193001 -0.532946
v -1.904467 0.193001 -0.532946
v -1.904467 0.208241 -0.609146
v -1.904467 0.193001 -0.609146
v -1.599664 0.081236 -0.573586
v -1.599664 0.081236 -0.649786
v -1.904467 0.081236 -0.573586
v -1.599664 0.065996 -0.649786
v -1.599664 0.065996 -0.573586
v -1.904467 0.065996 -0.573586
v -1.904467 0.081236 -0.649786
v -1.904467 0.065996 -0.649786
v -1.614363 0.159188 1.536514
v -1.614363 0.094627 1.536514
v -1.601290 0.159188 1.536514
v -1.601290 0.094627 1.536514
v -1.601290 0.079387 1.536514
v -1.614363 0.079387 1.536514
v -1.891457 0.079387 1.536514
v -1.891457 0.094627 1.536514
v -1.904530 0.094627 1.536514
v -1.891457 0.159188 1.536514
v -1.904530 0.159188 1.536514
v -1.904530 0.079387 1.536514
v -1.891457 0.094627 1.323834
v -1.614363 0.094627 1.323834
v -1.891457 0.102882 1.281965
v -1.614363 0.102882 1.281965
v -1.891457 0.127037 1.241213
v -1.614363 0.127037 1.241213
v -1.891457 1.099462 0.191039
v -1.614363 1.099462 0.191039
v -1.904530 1.164019 0.191039
v -1.891457 1.164019 0.191039
v -1.904530 1.164019 0.114839
v -1.891457 1.164019 0.114839
v -1.601290 0.079387 1.323834
v -1.614363 0.079387 1.323834
v -1.891457 0.079387 1.323834
v -1.904530 0.079387 1.323834
v -1.601290 0.087642 1.281965
v -1.614363 0.087642 1.281965
v -1.891457 0.087642 1.281965
v -1.904530 0.087642 1.281965
v -1.601290 0.111797 1.241213
v -1.614363 0.111797 1.241213
v -1.891457 0.111797 1.241213
v -1.904530 0.111797 1.241213
v -1.891457 1.084219 0.191039
v -1.904530 1.084219 0.191039
v -1.614363 1.084219 0.191039
v -1.601290 1.084219 0.191039
v -1.891457 1.099462 0.114839
v -1.904530 1.099462 0.114839
v -1.601290 1.164019 0.114839
v -1.614363 1.164019 0.114839
v -1.601290 1.164019 0.191039
v -1.614363 1.164019 0.191039
v -1.614363 0.159188 1.323834
v -1.601290 0.159188 1.323834
v -1.614363 0.167443 1.281965
v -1.601290 0.167443 1.281965
v -1.614363 0.191599 1.241213
v -1.601290 0.191599 1.241213
v -1.891457 0.159188 1.323834
v -1.891457 0.167443 1.281965
v -1.891457 0.191599 1.241213
v -1.614363 1.099462 0.114839
v -1.601290 1.099462 0.114839
v -1.904530 0.159188 1.323834
v -1.904530 0.167443 1.281965
v -1.904530 0.191599 1.241213
v -1.614363 1.099462 -0.320379
v -1.601290 1.099462 -0.320379
v -1.614363 1.084219 -0.320379
v -1.601290 1.084219 -0.320379
v -1.891457 1.099462 -0.320379
v -1.891457 1.084219 -0.320379
v -1.904530 1.099462 -0.320379
v -1.904530 1.084219 -0.320379
v -1.904530 0.094627 1.323834
v -1.904530 0.102882 1.281965
v -1.904530 0.127037 1.241213
v -1.904530 1.099462 0.191039
v -1.904530 1.084219 0.114839
v -1.601290 0.094627 1.323834
v -1.601290 0.102882 1.281965
v -1.601290 0.127037 1.241213
v -1.601290 1.099462 0.191039
v -1.601290 1.084219 0.114839
v -1.891457 1.084219 0.114839
v -1.614363 1.084219 0.114839
v -1.603442 1.097348 -0.228182
v -1.603442 -0.001177 -0.576568
v -1.580493 1.097348 -0.228182
v -1.603442 -0.001177 -0.683665
v -1.603442 1.097348 -0.335273
v -1.580493 1.097348 -0.335273
v -1.580493 -0.001177 -0.576568
v -1.580493 -0.001177 -0.683665
v -1.925732 1.097348 -0.228182
v -1.925732 -0.001177 -0.576568
v -1.902783 1.097348 -0.228182
v -1.925732 -0.001177 -0.683665
v -1.925732 1.097348 -0.335273
v -1.902783 1.097348 -0.335273
v -1.902783 -0.001177 -0.576568
v -1.902783 -0.001177 -0.683665
v -2.500000 0.000000 2.256890
v 2.500000 0.000000 2.256890
v -2.500000 0.000000 -1.743110
v 2.500000 0.000000 -1.743110
vt 0.375000 0.211992
vt 0.375000 0.250000
vt 0.500000 0.250000
vt 0.500000 0.211992
vt 0.625000 0.250000
vt 0.625000 0.211992
vt 0.375000 0.250000
vt 0.375000 0.375000
vt 0.500000 0.375000
vt 0.500000 0.250000
vt 0.625000 0.375000
vt 0.625000 0.250000
vt 0.375000 0.500000
vt 0.500000 0.500000
vt 0.625000 0.500000
vt 0.375000 0.500000
vt 0.375000 0.538008
vt 0.500000 0.538008
vt 0.500000 0.500000
vt 0.625000 0.538008
vt 0.625000 0.500000
vt 0.375000 0.750000
vt 0.375000 0.875000
vt 0.500000 0.875000
vt 0.500000 0.750000
vt 0.625000 0.875000
vt 0.625000 0.750000
vt 0.375000 1.000000
vt 0.500000 1.000000
vt 0.625000 1.000000
vt 0.750000 0.211992
vt 0.750000 0.250000
vt 0.875000 0.250000
vt 0.875000 0.211992
vt 0.125000 0.211992
vt 0.125000 0.250000
vt 0.250000 0.250000
vt 0.250000 0.211992
vt 0.375000 0.652897
vt 0.375000 0.661237
vt 0.500000 0.661237
vt 0.500000 0.652897
vt 0.375000 0.088763
vt 0.375000 0.097103
vt 0.500000 0.097103
vt 0.500000 0.088763
vt 0.625000 0.097103
vt 0.625000 0.088763
vt 0.750000 0.097103
vt 0.750000 0.088763
vt 0.875000 0.097103
vt 0.875000 0.088763
vt 0.625000 0.661237
vt 0.625000 0.652897
vt 0.500000 0.575260
vt 0.500000 0.601849
vt 0.625000 0.601849
vt 0.625000 0.575260
vt 0.375000 0.575260
vt 0.375000 0.601849
vt 0.125000 0.148151
vt 0.125000 0.174740
vt 0.250000 0.174740
vt 0.250000 0.148151
vt 0.375000 0.174740
vt 0.375000 0.148151
vt 0.375000 0.148151
vt 0.375000 0.174740
vt 0.500000 0.174740
vt 0.500000 0.148151
vt 0.625000 0.174740
vt 0.625000 0.148151
vt 0.750000 0.174740
vt 0.750000 0.148151
vt 0.875000 0.174740
vt 0.875000 0.148151
vt 0.375000 0.644131
vt 0.500000 0.644131
vt 0.625000 0.644131
vt 0.750000 0.105869
vt 0.875000 0.105869
vt 0.625000 0.105869
vt 0.500000 0.105869
vt 0.375000 0.105869
vt 0.000000 0.000000
vt 0.000000 0.238504
vt 1.000000 0.238504
vt 1.000000 0.000000
vt 0.000000 0.000000
vt 0.000000 0.238504
vt 1.000000 0.238504
vt 1.000000 0.000000
vt 0.000000 0.000000
vt 0.000000 0.238504
vt 1.000000 0.238504
vt 1.000000 0.000000
vt 0.000000 0.000000
vt 0.000000 0.238504
vt 1.000000 0.238504
vt 1.000000 0.000000
vt 0.000000 0.000000
vt 0.000000 0.238504
vt 1.000000 0.238504
vt 1.000000 0.000000
vt 0.000000 0.000000
vt 0.000000 0.238504
vt 1.000000 0.238504
vt 1.000000 0.000000
vt 0.000000 0.000000
vt 0.000000 0.238504
vt 1.000000 0.238504
vt 1.000000 0.000000
vt 0.000000 0.000000
vt 0.000000 0.238504
vt 1.000000 0.238504
vt 1.000000 0.000000
vt 0.250000 0.088763
vt 0.250000 0.000000
vt 0.125000 0.000000
vt 0.125000 0.088763
vt 0.375000 0.000000
vt 0.500000 0.000000
vt 0.625000 0.000000
vt 0.750000 0.000000
vt 0.875000 0.000000
vt 0.000000 0.000000
vt 0.000000 1.000000
vt 1.000000 1.000000
vt 1.000000 0.000000
vt 0.000000 0.000000
vt 0.000000 1.000000
vt 1.000000 1.000000
vt 1.000000 0.000000
vt 0.000000 0.000000
vt 0.000000 1.000000
vt 1.000000 1.000000
vt 1.000000 0.000000
vt 0.000000 0.000000
vt 0.000000 1.000000
vt 1.000000 1.000000
vt 1.000000 0.000000
vt 0.000000 0.000000
vt 0.000000 1.000000
vt 1.000000 1.000000
vt 1.000000 0.000000
vt 0.000000 0.000000
vt 0.000000 1.000000
vt 1.000000 1.000000
vt 1.000000 0.000000
vt 0.000000 0.000000
vt 0.000000 1.000000
vt 1.000000 1.000000
vt 1.000000 0.000000
vt 0.000000 0.000000
vt 0.000000 1.000000
vt 1.000000 1.000000
vt 1.000000 0.000000
vt 0.000000 0.000000
vt 0.000000 1.000000
vt 1.000000 1.000000
vt 1.000000 0.000000
vt 0.000000 0.000000
vt 0.000000 1.000000
vt 1.000000 1.000000
vt 1.000000 0.000000
vt 0.000000 0.000000
vt 0.000000 1.000000
vt 1.000000 1.000000
vt 1.000000 0.000000
vt 0.000000 0.000000
vt 0.000000 1.000000
vt 1.000000 1.000000
vt 1.000000 0.000000
vt 0.000000 0.000000
vt 0.000000 1.000000
vt 1.000000 1.000000
vt 1.000000 0.000000
vt 0.000000 0.000000
vt 0.000000 1.000000
vt 1.000000 1.000000
vt 1.000000 0.000000
vt 0.000000 0.000000
vt 0.000000 1.000000
vt 1.000000 1.000000
vt 1.000000 0.000000
vt 0.000000 0.000000
vt 0.000000 1.000000
vt 1.000000 1.000000
vt 1.000000 0.000000
vt 0.000000 0.000000
vt 0.000000 1.000000
vt 1.000000 1.000000
vt 1.000000 0.000000
vt 0.000000 0.000000
vt 0.000000 1.000000
vt 1.000000 1.000000
vt 1.000000 0.000000
vt 0.000000 0.000000
vt 0.000000 1.000000
vt 1.000000 1.000000
vt 1.000000 0.000000
vt 0.000000 0.000000
vt 0.000000 1.000000
vt 1.000000 1.000000
vt 1.000000 0.000000
vt 0.000000 0.000000
vt 0.000000 1.000000
vt 1.000000 1.000000
vt 1.000000 0.000000
vt 0.000000 0.000000
vt 0.000000 1.000000
vt 1.000000 1.000000
vt 1.000000 0.000000
vt 0.000000 0.000000
vt 0.000000 1.000000
vt 1.000000 1.000000
vt 1.000000 0.000000
vt 0.000000 0.000000
vt 0.000000 1.000000
vt 1.000000 1.000000
vt 1.000000 0.000000
vt 0.000000 0.000000
vt 0.000000 1.000000
vt 1.000000 1.000000
vt 1.000000 0.000000
vt 0.000000 0.000000
vt 0.000000 1.000000
vt 1.000000 1.000000
vt 1.000000 0.000000
vt 0.000000 0.000000
vt 0.000000 1.000000
vt 1.000000 1.000000
vt 1.000000 0.000000
vt 0.000000 0.000000
vt 0.000000 1.000000
vt 1.000000 1.000000
vt 1.000000 0.000000
vt 0.000000 0.000000
vt 0.000000 1.000000
vt 1.000000 1.000000
vt 1.000000 0.000000
vt 0.000000 0.000000
vt 0.000000 1.000000
vt 1.000000 1.000000
vt 1.000000 0.000000
vt 0.000000 0.000000
vt 0.000000 1.000000
vt 1.000000 1.000000
vt 1.000000 0.000000
vt 0.000000 0.000000
vt 0.000000 1.000000
vt 1.000000 1.000000
vt 1.000000 0.000000
vt 1.000000 0.000000
vt 1.000000 0.000000
vt 1.000000 0.238504
vt 1.000000 0.238504
vt 1.000000 1.000000
vt 1.000000 1.000000
vt 0.000000 1.000000
vt 0.000000 1.000000
vt 1.000000 1.000000
vt 1.000000 1.000000
vt 0.000000 1.000000
vt 0.000000 1.000000
vt 0.000000 0.000000
vt 0.000000 0.000000
vt 0.000000 0.000000
vt 0.000000 0.238504
vt 0.000000 0.267012
vt 1.000000 0.267012
vt 0.000000 0.267012
vt 1.000000 0.267012
vt 0.000000 0.267012
vt 1.000000 0.267012
vt 0.000000 0.267012
vt 1.000000 0.267012
vt 0.000000 0.267012
vt 1.000000 0.267012
vt 0.000000 0.267012
vt 1.000000 0.267012
vt 0.000000 0.481392
vt 1.000000 0.481392
vt 0.000000 0.481392
vt 1.000000 0.481392
vt 0.000000 0.481392
vt 1.000000 0.481392
vt 0.000000 0.481392
vt 1.000000 0.481392
vt 0.000000 0.481392
vt 1.000000 0.481392
vt 1.000000 0.267012
vt 1.000000 0.481392
vt 1.000000 0.481392
vt 1.000000 0.267012
vt 0.000000 0.267012
vt 0.000000 0.481392
vt 1.000000 0.481392
vt 1.000000 0.267012
vt 0.000000 0.267012
vt 0.000000 0.481392
vt 1.000000 0.481392
vt 1.000000 0.267012
vt 0.000000 0.267012
vt 0.000000 0.481392
vt 0.000000 0.481392
vt 1.000000 0.481392
vt 0.000000 0.520163
vt 1.000000 0.520163
vt 0.000000 0.520163
vt 1.000000 0.520163
vt 0.000000 0.520163
vt 1.000000 0.520163
vt 0.000000 0.520163
vt 1.000000 0.520163
vt 0.000000 0.520163
vt 1.000000 0.520163
vt 0.000000 0.520163
vt 1.000000 0.520163
vt 0.000000 0.736824
vt 1.000000 0.736824
vt 0.000000 0.736824
vt 1.000000 0.736824
vt 0.000000 0.736824
vt 1.000000 0.736824
vt 0.000000 0.736824
vt 1.000000 0.736824
vt 0.000000 0.736824
vt 1.000000 0.736824
vt 1.000000 0.520163
vt 1.000000 0.736824
vt 1.000000 0.736824
vt 1.000000 0.520163
vt 0.000000 0.520163
vt 0.000000 0.736824
vt 1.000000 0.736824
vt 1.000000 0.520163
vt 0.000000 0.520163
vt 0.000000 0.736824
vt 1.000000 0.736824
vt 1.000000 0.520163
vt 0.000000 0.520163
vt 0.000000 0.736824
vt 0.000000 0.736824
vt 1.000000 0.736824
vt 0.000000 0.766473
vt 1.000000 0.766473
vt 0.000000 0.766473
vt 1.000000 0.766473
vt 0.000000 0.766473
vt 1.000000 0.766473
vt 0.000000 0.766473
vt 1.000000 0.766473
vt 0.000000 0.766473
vt 1.000000 0.766473
vt 0.000000 0.766473
vt 1.000000 0.766473
vt 0.000000 1.000000
vt 1.000000 1.000000
vt 0.000000 1.000000
vt 1.000000 1.000000
vt 0.000000 1.000000
vt 1.000000 1.000000
vt 0.000000 1.000000
vt 1.000000 1.000000
vt 0.000000 1.000000
vt 1.000000 1.000000
vt 1.000000 0.766473
vt 1.000000 1.000000
vt 1.000000 1.000000
vt 1.000000 0.766473
vt 0.000000 0.766473
vt 1.000000 0.766473
vt 0.000000 0.766473
vt 1.000000 0.766473
vt 0.000000 0.766473
vt 0.000000 1.000000
vt 0.000000 1.000000
vt 1.000000 1.000000
vt 1.000000 0.000000
vt 1.000000 0.238504
vt 1.000000 0.267012
vt 1.000000 0.481392
vt 1.000000 0.520163
vt 1.000000 0.736824
vt 1.000000 0.766473
vt 0.016993 1.000000
vt 0.009160 0.539024
vt 0.262844 0.539024
vt 0.269858 1.000000
vt 0.000000 0.000000
vt 0.254642 0.000000
vt 0.002042 0.000000
vt 0.000000 0.494172
vt 0.999161 0.650367
vt 1.000000 0.000000
vt 0.000000 0.000000
vt 0.000827 0.313363
vt 0.999216 0.224859
vt 1.000000 0.000000
vt 0.000000 0.000000
vt 0.101706 0.613886
vt 1.000000 0.464137
vt 0.922047 0.000000
vt 0.075640 0.000000
vt 0.000000 0.464419
vt 0.898049 0.614466
vt 1.000000 0.000000
vt 0.012097 0.393784
vt 0.030721 1.000000
vt 0.319818 1.000000
vt 0.327806 0.393784
vt 0.000000 0.000000
vt 0.332994 0.000000
vt 0.000000 0.000000
vt 0.000827 0.204671
vt 0.990457 0.241028
vt 1.000000 0.000000
vt 0.010976 0.000000
vt 0.000000 0.641421
vt 0.999258 0.650870
vt 1.000000 0.000000
vt 0.000000 0.000000
vt 0.009444 0.155361
vt 0.999173 0.144270
vt 1.000000 0.000000
vt 0.000000 0.000000
vt 0.000933 0.598366
vt 1.000000 0.589991
vt 0.988927 0.000000
vt 0.021290 0.527770
vt 0.000000 1.000000
vt 0.286615 1.000000
vt 0.288182 0.527770
vt 0.045085 0.000000
vt 0.289933 0.000000
vt 0.000000 0.000000
vt 0.000827 0.289318
vt 0.945216 0.248890
vt 1.000000 0.000000
vt 0.000000 0.000000
vt 0.003844 0.651857
vt 0.949374 0.646695
vt 1.000000 0.000000
vt 0.000000 0.387788
vt 0.054712 0.002716
vt 0.999173 0.000000
vt 1.000000 0.387788
vt 0.000000 0.000000
vt 0.052609 0.646128
vt 0.999979 0.647300
vt 1.000000 0.000000
vt 0.375000 0.573631
vt 0.500000 0.573631
vt 0.125000 0.176369
vt 0.125000 0.211992
vt 0.250000 0.211992
vt 0.250000 0.176369
vt 0.375000 0.211992
vt 0.375000 0.176369
vt 0.375000 0.176369
vt 0.500000 0.176369
vt 0.625000 0.176369
vt 0.750000 0.176369
vt 0.875000 0.176369
vt 0.625000 0.573631
vt 0.375000 0.250000
vt 0.500000 0.250000
vt 0.375000 0.375000
vt 0.375000 0.375000
vt 0.625000 0.250000
vt 0.625000 0.375000
vt 0.625000 0.375000
vt 0.500000 0.500000
vt 0.375000 0.500000
vt 0.625000 0.500000
vt 0.375000 0.603550
vt 0.375000 0.633240
vt 0.500000 0.632534
vt 0.500000 0.603550
vt 0.125000 0.117466
vt 0.125000 0.146450
vt 0.250000 0.146450
vt 0.250000 0.117466
vt 0.375000 0.146450
vt 0.375000 0.117466
vt 0.375000 0.116760
vt 0.375000 0.146450
vt 0.500000 0.146450
vt 0.500000 0.117466
vt 0.625000 0.146450
vt 0.625000 0.117466
vt 0.750000 0.146450
vt 0.750000 0.117466
vt 0.875000 0.146450
vt 0.875000 0.117466
vt 0.625000 0.632534
vt 0.625000 0.603550
vt 0.125000 0.108659
vt 0.125000 0.116054
vt 0.250000 0.116054
vt 0.250000 0.108659
vt 0.375000 0.108852
vt 0.125000 0.174740
vt 0.125000 0.174740
vt 0.125000 0.148151
vt 0.125000 0.148151
vt 0.125000 0.211992
vt 0.125000 0.211992
vt 0.125000 0.176369
vt 0.125000 0.176369
vt 0.375000 0.641148
vt 0.500000 0.640954
vt 0.500000 0.109046
vt 0.625000 0.109046
vt 0.750000 0.109046
vt 0.875000 0.109046
vt 0.625000 0.640954
vt 0.375000 0.148151
vt 0.375000 0.174740
vt 0.375000 0.174740
vt 0.375000 0.148151
vt 0.375000 0.176369
vt 0.375000 0.211992
vt 0.375000 0.211992
vt 0.375000 0.176369
vt 0.375000 0.116760
vt 0.375000 0.146450
vt 0.125000 0.174740
vt 0.125000 0.148151
vt 0.125000 0.176369
vt 0.125000 0.146450
vt 0.125000 0.146450
vt 0.125000 0.117466
vt 0.125000 0.117466
vt 0.125000 0.117466
vt 0.125000 0.146450
vt 0.000000 0.000000
vt 0.001810 0.127080
vt 1.000000 0.127080
vt 0.998190 0.000000
vt 0.000000 0.000000
vt 0.000000 0.255316
vt 1.000000 0.255316
vt 1.000000 0.000000
vt 0.000147 0.552084
vt 0.000000 0.999688
vt 0.473048 1.000000
vt 0.473195 0.552256
vt 0.002509 0.509642
vt 0.004924 1.000000
vt 0.293350 0.997160
vt 0.290943 0.508195
vt 0.000000 0.000000
vt 0.288440 0.000000
vt 0.000329 0.000000
vt 0.473377 0.000000
vt 0.008622 0.000000
vt 0.000000 0.342004
vt 0.989480 0.575334
vt 1.000000 0.000000
vt 0.000000 0.000000
vt 0.010570 0.578081
vt 1.000000 0.343718
vt 0.996105 0.000000
vt 0.000000 0.000000
vt 0.110861 0.507948
vt 1.000000 0.393854
vt 0.911897 0.000000
vt 0.083656 0.000000
vt 0.000000 0.394978
vt 0.889592 0.508254
vt 1.000000 0.000000
vt 0.000000 0.000000
vt 0.012946 0.366215
vt 1.000000 0.577813
vt 0.997361 0.000000
vt 0.002614 0.000000
vt 0.000000 0.572319
vt 1.000000 0.362835
vt 0.990492 0.000000
vt 0.084121 0.000000
vt 0.000000 0.336802
vt 0.887847 0.511860
vt 1.000000 0.000000
vt 0.000000 0.000000
vt 0.109938 0.512433
vt 1.000000 0.342762
vt 0.937286 0.000000
vt 0.000000 0.000000
vt 0.000000 0.256477
vt 1.000000 0.256477
vt 1.000000 0.000000
vt 0.007379 0.000000
vt 0.000000 0.281736
vt 0.984183 0.569193
vt 1.000000 0.000000
vt 0.000000 0.000000
vt 0.015816 0.571279
vt 1.000000 0.279652
vt 0.992621 0.000000
vt 0.500000 0.211992
vt 0.500000 0.250000
vt 0.375000 0.250000
vt 0.625000 0.211992
vt 0.625000 0.250000
vt 0.375000 0.250000
vt 0.500000 0.250000
vt 0.500000 0.375000
vt 0.375000 0.375000
vt 0.625000 0.250000
vt 0.625000 0.375000
vt 0.500000 0.500000
vt 0.375000 0.500000
vt 0.625000 0.500000
vt 0.375000 0.500000
vt 0.500000 0.500000
vt 0.500000 0.538008
vt 0.375000 0.538008
vt 0.625000 0.500000
vt 0.625000 0.538008
vt 0.375000 0.750000
vt 0.500000 0.750000
vt 0.500000 0.875000
vt 0.375000 0.875000
vt 0.625000 0.750000
vt 0.625000 0.875000
vt 0.500000 1.000000
vt 0.375000 1.000000
vt 0.625000 1.000000
vt 0.750000 0.211992
vt 0.875000 0.211992
vt 0.875000 0.250000
vt 0.750000 0.250000
vt 0.125000 0.211992
vt 0.250000 0.211992
vt 0.250000 0.250000
vt 0.125000 0.250000
vt 0.375000 0.652897
vt 0.500000 0.652897
vt 0.500000 0.661237
vt 0.375000 0.661237
vt 0.375000 0.088763
vt 0.500000 0.088763
vt 0.500000 0.097103
vt 0.375000 0.097103
vt 0.625000 0.088763
vt 0.625000 0.097103
vt 0.750000 0.088763
vt 0.750000 0.097103
vt 0.875000 0.088763
vt 0.875000 0.097103
vt 0.625000 0.652897
vt 0.625000 0.661237
vt 0.500000 0.575260
vt 0.625000 0.575260
vt 0.625000 0.601849
vt 0.500000 0.601849
vt 0.375000 0.575260
vt 0.375000 0.601849
vt 0.125000 0.148151
vt 0.250000 0.148151
vt 0.250000 0.174740
vt 0.125000 0.174740
vt 0.500000 0.148151
vt 0.500000 0.174740
vt 0.625000 0.148151
vt 0.625000 0.174740
vt 0.750000 0.148151
vt 0.750000 0.174740
vt 0.875000 0.148151
vt 0.875000 0.174740
vt 0.250000 0.088763
vt 0.125000 0.088763
vt 0.125000 0.000000
vt 0.250000 0.000000
vt 0.375000 0.000000
vt 0.500000 0.000000
vt 0.625000 0.000000
vt 0.750000 0.000000
vt 0.875000 0.000000
vt 0.375000 0.644131
vt 0.500000 0.644131
vt 0.625000 0.644131
vt 0.875000 0.105869
vt 0.750000 0.105869
vt 0.625000 0.105869
vt 0.500000 0.105869
vt 0.375000 0.105869
vt 0.000000 0.000000
vt 1.000000 0.000000
vt 1.000000 0.238504
vt 0.000000 0.238504
vt 0.000000 0.000000
vt 1.000000 0.000000
vt 1.000000 0.238504
vt 0.000000 0.238504
vt 1.000000 0.000000
vt 1.000000 0.238504
vt 0.000000 0.000000
vt 1.000000 0.000000
vt 1.000000 0.238504
vt 0.000000 0.238504
vt 0.000000 0.000000
vt 1.000000 0.000000
vt 1.000000 0.238504
vt 0.000000 0.238504
vt 0.000000 0.000000
vt 1.000000 0.000000
vt 1.000000 0.238504
vt 0.000000 0.238504
vt 0.000000 0.000000
vt 1.000000 0.000000
vt 1.000000 0.238504
vt 0.000000 0.238504
vt 0.000000 0.000000
vt 1.000000 0.000000
vt 1.000000 0.238504
vt 0.000000 0.238504
vt 0.000000 0.000000
vt 1.000000 0.000000
vt 1.000000 1.000000
vt 0.000000 1.000000
vt 0.000000 0.000000
vt 1.000000 0.000000
vt 1.000000 1.000000
vt 0.000000 1.000000
vt 0.000000 0.000000
vt 1.000000 0.000000
vt 1.000000 1.000000
vt 0.000000 1.000000
vt 0.000000 0.000000
vt 1.000000 0.000000
vt 1.000000 1.000000
vt 0.000000 1.000000
vt 0.000000 0.000000
vt 1.000000 0.000000
vt 1.000000 1.000000
vt 0.000000 1.000000
vt 0.000000 0.000000
vt 1.000000 0.000000
vt 1.000000 1.000000
vt 0.000000 1.000000
vt 0.000000 0.000000
vt 1.000000 0.000000
vt 1.000000 1.000000
vt 0.000000 1.000000
vt 0.000000 0.000000
vt 1.000000 0.000000
vt 1.000000 1.000000
vt 0.000000 1.000000
vt 0.000000 0.000000
vt 1.000000 0.000000
vt 1.000000 1.000000
vt 0.000000 1.000000
vt 0.000000 0.000000
vt 1.000000 0.000000
vt 1.000000 1.000000
vt 0.000000 1.000000
vt 0.000000 0.000000
vt 1.000000 0.000000
vt 1.000000 1.000000
vt 0.000000 1.000000
vt 0.000000 0.000000
vt 1.000000 0.000000
vt 1.000000 1.000000
vt 0.000000 1.000000
vt 0.000000 0.000000
vt 1.000000 0.000000
vt 1.000000 1.000000
vt 0.000000 1.000000
vt 0.000000 0.000000
vt 1.000000 0.000000
vt 1.000000 1.000000
vt 0.000000 1.000000
vt 0.000000 0.000000
vt 1.000000 0.000000
vt 1.000000 1.000000
vt 0.000000 1.000000
vt 0.000000 0.000000
vt 1.000000 0.000000
vt 1.000000 1.000000
vt 0.000000 1.000000
vt 0.000000 0.000000
vt 1.000000 0.000000
vt 1.000000 1.000000
vt 0.000000 1.000000
vt 0.000000 0.000000
vt 1.000000 0.000000
vt 1.000000 1.000000
vt 0.000000 1.000000
vt 0.000000 0.000000
vt 1.000000 0.000000
vt 1.000000 1.000000
vt 0.000000 1.000000
vt 0.000000 0.000000
vt 1.000000 0.000000
vt 1.000000 1.000000
vt 0.000000 1.000000
vt 0.000000 0.000000
vt 1.000000 0.000000
vt 1.000000 1.000000
vt 0.000000 1.000000
vt 0.000000 0.000000
vt 1.000000 0.000000
vt 1.000000 1.000000
vt 0.000000 1.000000
vt 0.000000 0.000000
vt 1.000000 0.000000
vt 1.000000 1.000000
vt 0.000000 1.000000
vt 0.000000 0.000000
vt 1.000000 0.000000
vt 1.000000 1.000000
vt 0.000000 1.000000
vt 0.000000 0.000000
vt 1.000000 0.000000
vt 1.000000 1.000000
vt 0.000000 1.000000
vt 0.000000 0.000000
vt 1.000000 0.000000
vt 1.000000 1.000000
vt 0.000000 1.000000
vt 0.000000 0.000000
vt 1.000000 0.000000
vt 1.000000 1.000000
vt 0.000000 1.000000
vt 0.000000 0.000000
vt 1.000000 0.000000
vt 1.000000 1.000000
vt 0.000000 1.000000
vt 0.000000 0.000000
vt 1.000000 0.000000
vt 1.000000 1.000000
vt 0.000000 1.000000
vt 0.000000 0.000000
vt 1.000000 0.000000
vt 1.000000 1.000000
vt 0.000000 1.000000
vt 0.000000 0.000000
vt 1.000000 0.000000
vt 1.000000 1.000000
vt 0.000000 1.000000
vt 0.000000 0.000000
vt 1.000000 0.000000
vt 1.000000 1.000000
vt 0.000000 1.000000
vt 1.000000 0.000000
vt 1.000000 0.238504
vt 1.000000 0.238504
vt 1.000000 0.000000
vt 1.000000 1.000000
vt 0.000000 1.000000
vt 0.000000 1.000000
vt 1.000000 1.000000
vt 1.000000 1.000000
vt 0.000000 1.000000
vt 1.000000 1.000000
vt 0.000000 0.238504
vt 0.000000 0.238504
vt 1.000000 0.267012
vt 0.000000 0.267012
vt 1.000000 0.267012
vt 0.000000 0.267012
vt 1.000000 0.267012
vt 0.000000 0.267012
vt 1.000000 0.267012
vt 0.000000 0.267012
vt 1.000000 0.267012
vt 0.000000 0.267012
vt 1.000000 0.267012
vt 0.000000 0.267012
vt 1.000000 0.481392
vt 0.000000 0.481392
vt 1.000000 0.481392
vt 0.000000 0.481392
vt 1.000000 0.481392
vt 0.000000 0.481392
vt 1.000000 0.481392
vt 0.000000 0.481392
vt 1.000000 0.481392
vt 0.000000 0.481392
vt 1.000000 0.267012
vt 1.000000 0.267012
vt 1.000000 0.481392
vt 1.000000 0.481392
vt 0.000000 0.267012
vt 1.000000 0.267012
vt 1.000000 0.481392
vt 0.000000 0.481392
vt 1.000000 0.267012
vt 1.000000 0.481392
vt 0.000000 0.481392
vt 0.000000 0.481392
vt 0.000000 0.267012
vt 0.000000 0.267012
vt 1.000000 0.481392
vt 0.000000 0.481392
vt 1.000000 0.520163
vt 0.000000 0.520163
vt 1.000000 0.520163
vt 0.000000 0.520163
vt 1.000000 0.520163
vt 0.000000 0.520163
vt 1.000000 0.520163
vt 0.000000 0.520163
vt 1.000000 0.520163
vt 0.000000 0.520163
vt 1.000000 0.520163
vt 0.000000 0.520163
vt 1.000000 0.736824
vt 0.000000 0.736824
vt 1.000000 0.736824
vt 0.000000 0.736824
vt 1.000000 0.736824
vt 0.000000 0.736824
vt 1.000000 0.736824
vt 0.000000 0.736824
vt 1.000000 0.736824
vt 0.000000 0.736824
vt 1.000000 0.520163
vt 1.000000 0.520163
vt 1.000000 0.736824
vt 1.000000 0.736824
vt 0.000000 0.520163
vt 1.000000 0.520163
vt 1.000000 0.736824
vt 0.000000 0.736824
vt 1.000000 0.520163
vt 1.000000 0.736824
vt 0.000000 0.736824
vt 0.000000 0.736824
vt 0.000000 0.520163
vt 0.000000 0.520163
vt 1.000000 0.736824
vt 0.000000 0.736824
vt 1.000000 0.766473
vt 0.000000 0.766473
vt 1.000000 0.766473
vt 0.000000 0.766473
vt 1.000000 0.766473
vt 0.000000 0.766473
vt 1.000000 0.766473
vt 0.000000 0.766473
vt 1.000000 0.766473
vt 0.000000 0.766473
vt 1.000000 0.766473
vt 0.000000 0.766473
vt 1.000000 1.000000
vt 0.000000 1.000000
vt 1.000000 1.000000
vt 0.000000 1.000000
vt 1.000000 1.000000
vt 0.000000 1.000000
vt 1.000000 1.000000
vt 0.000000 1.000000
vt 1.000000 1.000000
vt 0.000000 1.000000
vt 1.000000 0.766473
vt 1.000000 0.766473
vt 1.000000 1.000000
vt 1.000000 1.000000
vt 0.000000 0.766473
vt 1.000000 0.766473
vt 1.000000 0.766473
vt 0.000000 0.766473
vt 0.000000 0.766473
vt 1.000000 1.000000
vt 0.000000 1.000000
vt 1.000000 0.000000
vt 1.000000 0.238504
vt 1.000000 0.267012
vt 1.000000 0.481392
vt 1.000000 0.520163
vt 1.000000 0.736824
vt 1.000000 0.766473
vt 1.000000 0.000000
vt 1.000000 0.000000
vt 1.000000 0.028787
vt 1.000000 0.028787
vt 0.000000 0.028794
vt 0.000000 0.028794
vt 0.000000 0.000000
vt 0.000000 0.000000
vt 1.000000 0.000000
vt 1.000000 0.000000
vt 1.000000 0.028875
vt 1.000000 0.028875
vt 1.000000 0.000000
vt 1.000000 0.000000
vt 1.000000 0.029008
vt 1.000000 0.029008
vt 0.000000 0.028760
vt 0.000000 0.028760
vt 0.000000 0.000000
vt 0.000000 0.000000
vt 0.016993 1.000000
vt 0.269858 1.000000
vt 0.262844 0.539024
vt 0.009160 0.539024
vt 0.254642 0.000000
vt 0.000000 0.000000
vt 0.002042 0.000000
vt 1.000000 0.000000
vt 0.999161 0.650367
vt 0.000000 0.494172
vt 0.000000 0.000000
vt 1.000000 0.000000
vt 0.999216 0.224859
vt 0.000827 0.313363
vt 0.000000 0.000000
vt 0.922047 0.000000
vt 1.000000 0.464137
vt 0.101706 0.613886
vt 0.075640 0.000000
vt 1.000000 0.000000
vt 0.898049 0.614466
vt 0.000000 0.464419
vt 0.012097 0.393784
vt 0.327806 0.393784
vt 0.319818 1.000000
vt 0.030721 1.000000
vt 0.000000 0.000000
vt 0.332994 0.000000
vt 0.000000 0.028780
vt 0.000000 0.028780
vt 0.000000 0.000000
vt 0.000000 0.000000
vt 0.000000 0.000000
vt 1.000000 0.000000
vt 0.990457 0.241028
vt 0.000827 0.204671
vt 0.010976 0.000000
vt 1.000000 0.000000
vt 0.999258 0.650870
vt 0.000000 0.641421
vt 0.000000 0.000000
vt 1.000000 0.000000
vt 0.999173 0.144270
vt 0.009444 0.155361
vt 0.000000 0.000000
vt 0.988927 0.000000
vt 1.000000 0.589991
vt 0.000933 0.598366
vt 0.021290 0.527770
vt 0.288182 0.527770
vt 0.286615 1.000000
vt 0.000000 1.000000
vt 0.045085 0.000000
vt 0.289933 0.000000
vt 0.000000 0.000000
vt 1.000000 0.000000
vt 0.945216 0.248890
vt 0.000827 0.289318
vt 0.000000 0.000000
vt 1.000000 0.000000
vt 0.949374 0.646695
vt 0.003844 0.651857
vt 0.000000 0.387788
vt 1.000000 0.387788
vt 0.999173 0.000000
vt 0.054712 0.002716
vt 0.000000 0.000000
vt 1.000000 0.000000
vt 0.999979 0.647300
vt 0.052609 0.646128
vt 0.500000 0.573631
vt 0.375000 0.573631
vt 0.125000 0.176369
vt 0.250000 0.176369
vt 0.250000 0.211992
vt 0.125000 0.211992
vt 0.500000 0.176369
vt 0.625000 0.176369
vt 0.750000 0.176369
vt 0.875000 0.176369
vt 0.625000 0.573631
vt 0.500000 0.250000
vt 0.375000 0.250000
vt 0.375000 0.375000
vt 0.375000 0.375000
vt 0.625000 0.250000
vt 0.625000 0.375000
vt 0.625000 0.375000
vt 0.375000 0.500000
vt 0.500000 0.500000
vt 0.625000 0.500000
vt 0.375000 0.603550
vt 0.500000 0.603550
vt 0.500000 0.632534
vt 0.375000 0.633240
vt 0.125000 0.117466
vt 0.250000 0.117466
vt 0.250000 0.146450
vt 0.125000 0.146450
vt 0.375000 0.117466
vt 0.375000 0.146450
vt 0.500000 0.117466
vt 0.500000 0.146450
vt 0.625000 0.117466
vt 0.625000 0.146450
vt 0.750000 0.117466
vt 0.750000 0.146450
vt 0.875000 0.117466
vt 0.875000 0.146450
vt 0.625000 0.603550
vt 0.625000 0.632534
vt 0.125000 0.112014
vt 0.250000 0.112014
vt 0.250000 0.116054
vt 0.125000 0.116054
vt 0.375000 0.112439
vt 0.125000 0.174740
vt 0.125000 0.148151
vt 0.125000 0.148151
vt 0.125000 0.174740
vt 0.125000 0.211992
vt 0.125000 0.176369
vt 0.125000 0.176369
vt 0.125000 0.211992
vt 0.500000 0.637135
vt 0.375000 0.637561
vt 0.500000 0.112865
vt 0.625000 0.112865
vt 0.750000 0.112865
vt 0.875000 0.112865
vt 0.625000 0.637135
vt 0.125000 0.174740
vt 0.125000 0.148151
vt 0.125000 0.176369
vt 0.125000 0.146450
vt 0.125000 0.117466
vt 0.125000 0.117466
vt 0.125000 0.146450
vt 0.125000 0.146450
vt 0.125000 0.117466
vt 0.000000 0.000000
vt 0.998190 0.000000
vt 1.000000 0.127080
vt 0.001810 0.127080
vt 0.000000 0.000000
vt 1.000000 0.000000
vt 1.000000 0.255316
vt 0.000000 0.255316
vt 0.000147 0.552084
vt 0.473195 0.552256
vt 0.473048 1.000000
vt 0.000000 0.999688
vt 0.002509 0.509642
vt 0.290943 0.508195
vt 0.293350 0.997160
vt 0.004924 1.000000
vt 0.000000 0.000000
vt 0.288440 0.000000
vt 0.000329 0.000000
vt 0.473377 0.000000
vt 0.008622 0.000000
vt 1.000000 0.000000
vt 0.989480 0.575334
vt 0.000000 0.342004
vt 0.000000 0.000000
vt 0.996105 0.000000
vt 1.000000 0.343718
vt 0.010570 0.578081
vt 0.000000 0.000000
vt 0.911897 0.000000
vt 1.000000 0.393854
vt 0.110861 0.507948
vt 0.083656 0.000000
vt 1.000000 0.000000
vt 0.889592 0.508254
vt 0.000000 0.394978
vt 0.000000 0.000000
vt 0.997361 0.000000
vt 1.000000 0.577813
vt 0.012946 0.366215
vt 0.002614 0.000000
vt 0.990492 0.000000
vt 1.000000 0.362835
vt 0.000000 0.572319
vt 0.084121 0.000000
vt 1.000000 0.000000
vt 0.887847 0.511860
vt 0.000000 0.336802
vt 0.000000 0.000000
vt 0.937286 0.000000
vt 1.000000 0.342762
vt 0.109938 0.512433
vt 0.000000 0.024201
vt 0.000000 0.024201
vt 0.000000 0.000000
vt 0.000000 0.000000
vt 0.000000 0.024206
vt 0.000000 0.024206
vt 0.000000 0.000000
vt 0.000000 0.000000
vt 0.000000 0.000000
vt 1.000000 0.000000
vt 1.000000 0.256477
vt 0.000000 0.256477
vt 0.007379 0.000000
vt 1.000000 0.000000
vt 0.984183 0.569193
vt 0.000000 0.281736
vt 0.000000 0.000000
vt 0.992621 0.000000
vt 1.000000 0.279652
vt 0.015816 0.571279
vt 0.532777 0.958731
vt 0.532741 0.969034
vt 0.524583 0.969096
vt 0.524598 0.958731
vt 0.524598 0.958731
vt 0.524583 0.969096
vt 0.516473 0.969160
vt 0.516473 0.958731
vt 0.649051 0.958731
vt 0.648950 0.969437
vt 0.640676 0.969498
vt 0.640766 0.958731
vt 0.640766 0.958731
vt 0.640676 0.969498
vt 0.632411 0.969558
vt 0.632498 0.958731
vt 0.632498 0.958731
vt 0.632411 0.969558
vt 0.624148 0.969462
vt 0.624234 0.958731
vt 0.624234 0.958731
vt 0.624148 0.969462
vt 0.615881 0.969363
vt 0.615967 0.958731
vt 0.615967 0.958731
vt 0.615881 0.969363
vt 0.607602 0.969263
vt 0.607688 0.958731
vt 0.607688 0.958731
vt 0.607602 0.969263
vt 0.599306 0.969165
vt 0.599392 0.958731
vt 0.599392 0.958731
vt 0.599306 0.969165
vt 0.590989 0.969071
vt 0.591075 0.958731
vt 0.591075 0.958731
vt 0.590989 0.969071
vt 0.582651 0.968980
vt 0.582738 0.958731
vt 0.574296 0.968890
vt 0.574382 0.958731
vt 0.574382 0.958731
vt 0.574296 0.968890
vt 0.565929 0.968797
vt 0.566015 0.958731
vt 0.566015 0.958731
vt 0.565929 0.968797
vt 0.557568 0.968856
vt 0.557650 0.958731
vt 0.557650 0.958731
vt 0.557568 0.968856
vt 0.549238 0.968915
vt 0.549311 0.958731
vt 0.672963 0.520463
vt 0.674920 0.525188
vt 0.674920 0.530301
vt 0.672963 0.535026
vt 0.669347 0.538642
vt 0.664623 0.540598
vt 0.659509 0.540599
vt 0.654785 0.538642
vt 0.651169 0.535026
vt 0.649212 0.530301
vt 0.649212 0.525188
vt 0.651169 0.520463
vt 0.654785 0.516847
vt 0.659509 0.514890
vt 0.664623 0.514890
vt 0.669347 0.516847
vt 0.541015 0.958731
vt 0.540959 0.968974
vt 0.532741 0.969034
vt 0.532777 0.958731
vt 0.549311 0.958731
vt 0.549238 0.968915
vt 0.540959 0.968974
vt 0.541015 0.958731
vt 0.669347 0.512873
vt 0.664623 0.514830
vt 0.659509 0.514830
vt 0.654785 0.512873
vt 0.651169 0.509257
vt 0.649212 0.504532
vt 0.649212 0.499419
vt 0.651169 0.494694
vt 0.654785 0.491078
vt 0.659509 0.489121
vt 0.664623 0.489121
vt 0.669347 0.491079
vt 0.672963 0.494694
vt 0.674920 0.499419
vt 0.674920 0.504532
vt 0.672963 0.509257
vt 0.532794 0.499892
vt 0.532777 0.958731
vt 0.524598 0.958731
vt 0.524606 0.502539
vt 0.524606 0.502539
vt 0.524598 0.958731
vt 0.516473 0.958731
vt 0.516473 0.504718
vt 0.649101 0.496500
vt 0.649051 0.958731
vt 0.640766 0.958731
vt 0.640811 0.497939
vt 0.640811 0.497939
vt 0.640766 0.958731
vt 0.632498 0.958731
vt 0.632541 0.498440
vt 0.632541 0.498440
vt 0.632498 0.958731
vt 0.624234 0.958731
vt 0.624278 0.498185
vt 0.624278 0.498185
vt 0.624234 0.958731
vt 0.615967 0.958731
vt 0.616010 0.497591
vt 0.616010 0.497591
vt 0.615967 0.958731
vt 0.607688 0.958731
vt 0.607732 0.496741
vt 0.607732 0.496741
vt 0.607688 0.958731
vt 0.599392 0.958731
vt 0.599436 0.495752
vt 0.599436 0.495752
vt 0.599392 0.958731
vt 0.591075 0.958731
vt 0.591119 0.494764
vt 0.591119 0.494764
vt 0.591075 0.958731
vt 0.582738 0.958731
vt 0.582781 0.493917
vt 0.582781 0.493917
vt 0.582738 0.958731
vt 0.574382 0.958731
vt 0.574425 0.493328
vt 0.574425 0.493328
vt 0.574382 0.958731
vt 0.566015 0.958731
vt 0.566058 0.493074
vt 0.566058 0.493074
vt 0.566015 0.958731
vt 0.557650 0.958731
vt 0.557692 0.493577
vt 0.557692 0.493577
vt 0.557650 0.958731
vt 0.549311 0.958731
vt 0.549347 0.495018
vt 0.541043 0.497231
vt 0.541015 0.958731
vt 0.532777 0.958731
vt 0.532794 0.499892
vt 0.549347 0.495018
vt 0.549311 0.958731
vt 0.541015 0.958731
vt 0.541043 0.497231
vt 0.532812 0.498134
vt 0.532794 0.499892
vt 0.524606 0.502539
vt 0.524614 0.501642
vt 0.524614 0.501642
vt 0.524606 0.502539
vt 0.516473 0.504718
vt 0.516473 0.504526
vt 0.649151 0.493477
vt 0.649101 0.496500
vt 0.640811 0.497939
vt 0.640856 0.495374
vt 0.640856 0.495374
vt 0.640811 0.497939
vt 0.632541 0.498440
vt 0.632585 0.496023
vt 0.632585 0.496023
vt 0.632541 0.498440
vt 0.624278 0.498185
vt 0.624321 0.495714
vt 0.624321 0.495714
vt 0.624278 0.498185
vt 0.616010 0.497591
vt 0.616054 0.494956
vt 0.616054 0.494956
vt 0.616010 0.497591
vt 0.607732 0.496741
vt 0.607775 0.493856
vt 0.607775 0.493856
vt 0.607732 0.496741
vt 0.599436 0.495752
vt 0.599479 0.492570
vt 0.599479 0.492570
vt 0.599436 0.495752
vt 0.591119 0.494764
vt 0.591162 0.491285
vt 0.591162 0.491285
vt 0.591119 0.494764
vt 0.582781 0.493917
vt 0.582824 0.490184
vt 0.582824 0.490184
vt 0.582781 0.493917
vt 0.574425 0.493328
vt 0.574468 0.489429
vt 0.574468 0.489429
vt 0.574425 0.493328
vt 0.566058 0.493074
vt 0.566101 0.489121
vt 0.566101 0.489121
vt 0.566058 0.493074
vt 0.557692 0.493577
vt 0.557733 0.489774
vt 0.557733 0.489774
vt 0.557692 0.493577
vt 0.549347 0.495018
vt 0.549383 0.491674
vt 0.541071 0.494606
vt 0.541043 0.497231
vt 0.532794 0.499892
vt 0.532812 0.498134
vt 0.549383 0.491674
vt 0.549347 0.495018
vt 0.541043 0.497231
vt 0.541071 0.494606
vt 0.432558 0.934755
vt 0.425385 0.934755
vt 0.425360 0.946045
vt 0.432516 0.945990
vt 0.425385 0.934755
vt 0.418258 0.934755
vt 0.418247 0.946100
vt 0.425360 0.946045
vt 0.418258 0.934755
vt 0.411164 0.934755
vt 0.411161 0.946155
vt 0.418247 0.946100
vt 0.411164 0.934755
vt 0.404085 0.934755
vt 0.404085 0.946209
vt 0.411161 0.946155
vt 0.520028 0.934755
vt 0.512779 0.934755
vt 0.512692 0.946370
vt 0.519940 0.946454
vt 0.512779 0.934755
vt 0.505528 0.934755
vt 0.505441 0.946283
vt 0.512692 0.946370
vt 0.505528 0.934755
vt 0.498267 0.934755
vt 0.498180 0.946195
vt 0.505441 0.946283
vt 0.498267 0.934755
vt 0.490990 0.934755
vt 0.490903 0.946108
vt 0.498180 0.946195
vt 0.490990 0.934755
vt 0.483695 0.934755
vt 0.483608 0.946025
vt 0.490903 0.946108
vt 0.483695 0.934755
vt 0.476381 0.934755
vt 0.476294 0.945945
vt 0.483608 0.946025
vt 0.476381 0.934755
vt 0.469052 0.934755
vt 0.468965 0.945866
vt 0.476294 0.945945
vt 0.469052 0.934755
vt 0.461713 0.934755
vt 0.461626 0.945784
vt 0.468965 0.945866
vt 0.461713 0.934755
vt 0.454376 0.934755
vt 0.454292 0.945835
vt 0.461626 0.945784
vt 0.454376 0.934755
vt 0.447061 0.934755
vt 0.446986 0.945886
vt 0.454292 0.945835
vt 0.707224 0.025218
vt 0.704853 0.019493
vt 0.700471 0.015112
vt 0.694746 0.012740
vt 0.688550 0.012740
vt 0.682825 0.015112
vt 0.678443 0.019493
vt 0.676072 0.025218
vt 0.676072 0.031415
vt 0.678443 0.037140
vt 0.682825 0.041521
vt 0.688550 0.043893
vt 0.694746 0.043893
vt 0.700471 0.041521
vt 0.704853 0.037140
vt 0.707224 0.031415
vt 0.439785 0.934755
vt 0.432558 0.934755
vt 0.432516 0.945990
vt 0.439725 0.945938
vt 0.447061 0.934755
vt 0.439785 0.934755
vt 0.439725 0.945938
vt 0.446986 0.945886
vt 0.688550 0.043966
vt 0.682825 0.046338
vt 0.678443 0.050719
vt 0.676072 0.056444
vt 0.676072 0.062641
vt 0.678443 0.068366
vt 0.682825 0.072747
vt 0.688550 0.075119
vt 0.694746 0.075119
vt 0.700471 0.072747
vt 0.704853 0.068366
vt 0.707224 0.062641
vt 0.707224 0.056444
vt 0.704853 0.050719
vt 0.700471 0.046338
vt 0.694746 0.043966
vt 0.432580 0.541602
vt 0.425397 0.543923
vt 0.425385 0.934755
vt 0.432558 0.934755
vt 0.418264 0.545834
vt 0.418258 0.934755
vt 0.411165 0.547068
vt 0.411164 0.934755
vt 0.404085 0.547500
vt 0.404085 0.934755
vt 0.520072 0.540332
vt 0.512823 0.540108
vt 0.512779 0.934755
vt 0.520028 0.934755
vt 0.505571 0.539586
vt 0.505528 0.934755
vt 0.498310 0.538839
vt 0.498267 0.934755
vt 0.491033 0.537971
vt 0.490990 0.934755
vt 0.491033 0.537971
vt 0.483738 0.537106
vt 0.483695 0.934755
vt 0.490990 0.934755
vt 0.483738 0.537106
vt 0.476425 0.536364
vt 0.476381 0.934755
vt 0.483695 0.934755
vt 0.476425 0.536364
vt 0.469096 0.535846
vt 0.469052 0.934755
vt 0.476381 0.934755
vt 0.461757 0.535623
vt 0.461713 0.934755
vt 0.461757 0.535623
vt 0.454418 0.536065
vt 0.454376 0.934755
vt 0.461713 0.934755
vt 0.447099 0.537327
vt 0.447061 0.934755
vt 0.439815 0.539268
vt 0.432580 0.541602
vt 0.432558 0.934755
vt 0.439785 0.934755
vt 0.439815 0.539268
vt 0.439785 0.934755
vt 0.432601 0.532945
vt 0.425410 0.536022
vt 0.425397 0.543923
vt 0.432580 0.541602
vt 0.425410 0.536022
vt 0.418269 0.538551
vt 0.418264 0.545834
vt 0.425397 0.543923
vt 0.418269 0.538551
vt 0.411167 0.540179
vt 0.411165 0.547068
vt 0.418264 0.545834
vt 0.404085 0.540737
vt 0.404085 0.547500
vt 0.520115 0.531098
vt 0.512867 0.530826
vt 0.512823 0.540108
vt 0.520072 0.540332
vt 0.512867 0.530826
vt 0.505615 0.530160
vt 0.505571 0.539586
vt 0.512823 0.540108
vt 0.505615 0.530160
vt 0.498353 0.529194
vt 0.498310 0.538839
vt 0.505571 0.539586
vt 0.498353 0.529194
vt 0.491077 0.528065
vt 0.491033 0.537971
vt 0.498310 0.538839
vt 0.491077 0.528065
vt 0.483782 0.526939
vt 0.483738 0.537106
vt 0.491033 0.537971
vt 0.483782 0.526939
vt 0.476468 0.525976
vt 0.476425 0.536364
vt 0.483738 0.537106
vt 0.476468 0.525976
vt 0.469139 0.525313
vt 0.469096 0.535846
vt 0.476425 0.536364
vt 0.469139 0.525313
vt 0.461800 0.525042
vt 0.461757 0.535623
vt 0.469096 0.535846
vt 0.454460 0.525613
vt 0.454418 0.536065
vt 0.454460 0.525613
vt 0.447136 0.527280
vt 0.447099 0.537327
vt 0.454418 0.536065
vt 0.439845 0.529851
vt 0.432601 0.532945
vt 0.432580 0.541602
vt 0.439815 0.539268
vt 0.439845 0.529851
vt 0.439815 0.539268
vt 0.452880 0.635401
vt 0.452880 0.648835
vt 0.445773 0.648930
vt 0.445773 0.635495
vt 0.445773 0.635495
vt 0.445773 0.648930
vt 0.438666 0.649024
vt 0.438666 0.635590
vt 0.438666 0.635590
vt 0.438666 0.649024
vt 0.431560 0.649119
vt 0.431559 0.635684
vt 0.431559 0.635684
vt 0.431560 0.649119
vt 0.424453 0.649213
vt 0.424453 0.635779
vt 0.424453 0.635779
vt 0.424453 0.649213
vt 0.417346 0.649308
vt 0.417346 0.635874
vt 0.417346 0.635874
vt 0.417346 0.649308
vt 0.410239 0.649403
vt 0.410239 0.635968
vt 0.523947 0.634455
vt 0.523947 0.647889
vt 0.516840 0.647984
vt 0.516840 0.634550
vt 0.516840 0.634550
vt 0.516840 0.647984
vt 0.509734 0.648079
vt 0.509733 0.634644
vt 0.509733 0.634644
vt 0.509734 0.648079
vt 0.502627 0.648173
vt 0.502627 0.634739
vt 0.502627 0.634739
vt 0.502627 0.648173
vt 0.495520 0.648268
vt 0.495520 0.634833
vt 0.495520 0.634833
vt 0.495520 0.648268
vt 0.488413 0.648362
vt 0.488413 0.634928
vt 0.488413 0.634928
vt 0.488413 0.648362
vt 0.481307 0.648457
vt 0.481306 0.635023
vt 0.481306 0.635023
vt 0.481307 0.648457
vt 0.474200 0.648551
vt 0.474200 0.635117
vt 0.474200 0.635117
vt 0.474200 0.648551
vt 0.467093 0.648646
vt 0.467093 0.635212
vt 0.555172 0.126988
vt 0.552707 0.126988
vt 0.550431 0.126045
vt 0.548688 0.124303
vt 0.547745 0.122026
vt 0.547745 0.119562
vt 0.548688 0.117285
vt 0.550431 0.115543
vt 0.552707 0.114600
vt 0.555172 0.114600
vt 0.557448 0.115543
vt 0.559191 0.117285
vt 0.560134 0.119562
vt 0.560134 0.122026
vt 0.559191 0.124303
vt 0.557448 0.126045
vt 0.459986 0.635306
vt 0.459987 0.648740
vt 0.452880 0.648835
vt 0.452880 0.635401
vt 0.467093 0.635212
vt 0.467093 0.648646
vt 0.459987 0.648740
vt 0.459986 0.635306
vt 0.552707 0.127036
vt 0.555172 0.127036
vt 0.557448 0.127979
vt 0.559191 0.129722
vt 0.560134 0.131999
vt 0.560134 0.134463
vt 0.559191 0.136740
vt 0.557448 0.138482
vt 0.555172 0.139425
vt 0.552707 0.139425
vt 0.550431 0.138482
vt 0.548688 0.136740
vt 0.547745 0.134463
vt 0.547745 0.131999
vt 0.548688 0.129722
vt 0.550431 0.127979
vt 0.452879 0.018926
vt 0.452879 0.029315
vt 0.445773 0.029410
vt 0.445772 0.019021
vt 0.445772 0.019021
vt 0.445773 0.029410
vt 0.438666 0.029504
vt 0.438665 0.019115
vt 0.438665 0.019115
vt 0.438666 0.029504
vt 0.431559 0.029599
vt 0.431559 0.019210
vt 0.431559 0.019210
vt 0.431559 0.029599
vt 0.424452 0.029694
vt 0.424452 0.019304
vt 0.424452 0.019304
vt 0.424452 0.029694
vt 0.417346 0.029788
vt 0.417345 0.019399
vt 0.417345 0.019399
vt 0.417346 0.029788
vt 0.410239 0.029883
vt 0.410238 0.019494
vt 0.523946 0.017980
vt 0.523947 0.028370
vt 0.516840 0.028464
vt 0.516839 0.018075
vt 0.516839 0.018075
vt 0.516840 0.028464
vt 0.509733 0.028559
vt 0.509733 0.018170
vt 0.509733 0.018170
vt 0.509733 0.028559
vt 0.502626 0.028653
vt 0.502626 0.018264
vt 0.502626 0.018264
vt 0.502626 0.028653
vt 0.495520 0.028748
vt 0.495519 0.018359
vt 0.495519 0.018359
vt 0.495520 0.028748
vt 0.488413 0.028842
vt 0.488412 0.018453
vt 0.488412 0.018453
vt 0.488413 0.028842
vt 0.481306 0.028937
vt 0.481306 0.018548
vt 0.481306 0.018548
vt 0.481306 0.028937
vt 0.474200 0.029031
vt 0.474199 0.018642
vt 0.474199 0.018642
vt 0.474200 0.029031
vt 0.467093 0.029126
vt 0.467092 0.018737
vt 0.459986 0.018832
vt 0.459986 0.029221
vt 0.452879 0.029315
vt 0.452879 0.018926
vt 0.467092 0.018737
vt 0.467093 0.029126
vt 0.459986 0.029221
vt 0.459986 0.018832
vt 0.452879 0.029315
vt 0.452880 0.635401
vt 0.445773 0.635495
vt 0.445773 0.029410
vt 0.445773 0.029410
vt 0.445773 0.635495
vt 0.438666 0.635590
vt 0.438666 0.029504
vt 0.438666 0.029504
vt 0.438666 0.635590
vt 0.431559 0.635684
vt 0.431559 0.029599
vt 0.431559 0.029599
vt 0.431559 0.635684
vt 0.424453 0.635779
vt 0.424452 0.029694
vt 0.424452 0.029694
vt 0.424453 0.635779
vt 0.417346 0.635874
vt 0.417346 0.029788
vt 0.417346 0.029788
vt 0.417346 0.635874
vt 0.410239 0.635968
vt 0.410239 0.029883
vt 0.523947 0.028370
vt 0.523947 0.634455
vt 0.516840 0.634550
vt 0.516840 0.028464
vt 0.516840 0.028464
vt 0.516840 0.634550
vt 0.509733 0.634644
vt 0.509733 0.028559
vt 0.509733 0.028559
vt 0.509733 0.634644
vt 0.502627 0.634739
vt 0.502626 0.028653
vt 0.502626 0.028653
vt 0.502627 0.634739
vt 0.495520 0.634833
vt 0.495520 0.028748
vt 0.495520 0.028748
vt 0.495520 0.634833
vt 0.488413 0.634928
vt 0.488413 0.028842
vt 0.488413 0.028842
vt 0.488413 0.634928
vt 0.481306 0.635023
vt 0.481306 0.028937
vt 0.481306 0.028937
vt 0.481306 0.635023
vt 0.474200 0.635117
vt 0.474200 0.029031
vt 0.474200 0.029031
vt 0.474200 0.635117
vt 0.467093 0.635212
vt 0.467093 0.029126
vt 0.459986 0.029221
vt 0.459986 0.635306
vt 0.452880 0.635401
vt 0.452879 0.029315
vt 0.467093 0.029126
vt 0.467093 0.635212
vt 0.459986 0.635306
vt 0.459986 0.029221
vt 0.159241 0.486199
vt 0.159206 0.493876
vt 0.151047 0.493938
vt 0.151063 0.486199
vt 0.151063 0.486199
vt 0.151047 0.493938
vt 0.142938 0.494001
vt 0.142938 0.486199
vt 0.275516 0.486199
vt 0.275415 0.494278
vt 0.267140 0.494339
vt 0.267231 0.486199
vt 0.267231 0.486199
vt 0.267140 0.494339
vt 0.258876 0.494399
vt 0.258963 0.486199
vt 0.258963 0.486199
vt 0.258876 0.494399
vt 0.250613 0.494304
vt 0.250699 0.486199
vt 0.250699 0.486199
vt 0.250613 0.494304
vt 0.242346 0.494204
vt 0.242432 0.486199
vt 0.242432 0.486199
vt 0.242346 0.494204
vt 0.234067 0.494104
vt 0.234153 0.486199
vt 0.234153 0.486199
vt 0.234067 0.494104
vt 0.225771 0.494006
vt 0.225857 0.486199
vt 0.225857 0.486199
vt 0.225771 0.494006
vt 0.217454 0.493912
vt 0.217540 0.486199
vt 0.217540 0.486199
vt 0.217454 0.493912
vt 0.209116 0.493821
vt 0.209203 0.486199
vt 0.209203 0.486199
vt 0.209116 0.493821
vt 0.200761 0.493731
vt 0.200847 0.486199
vt 0.200847 0.486199
vt 0.200761 0.493731
vt 0.192394 0.493638
vt 0.192480 0.486199
vt 0.192480 0.486199
vt 0.192394 0.493638
vt 0.184033 0.493698
vt 0.184115 0.486199
vt 0.184115 0.486199
vt 0.184033 0.493698
vt 0.175703 0.493756
vt 0.175776 0.486199
vt 0.299428 0.045305
vt 0.301385 0.050029
vt 0.301385 0.055143
vt 0.299428 0.059867
vt 0.295812 0.063483
vt 0.291088 0.065440
vt 0.285974 0.065440
vt 0.281250 0.063483
vt 0.277634 0.059867
vt 0.275677 0.055143
vt 0.275677 0.050029
vt 0.277634 0.045305
vt 0.281250 0.041689
vt 0.285974 0.039732
vt 0.291088 0.039732
vt 0.295812 0.041689
vt 0.167480 0.486199
vt 0.167424 0.493815
vt 0.159206 0.493876
vt 0.159241 0.486199
vt 0.175776 0.486199
vt 0.175703 0.493756
vt 0.167424 0.493815
vt 0.167480 0.486199
vt 0.295812 0.037714
vt 0.291088 0.039671
vt 0.285974 0.039671
vt 0.281250 0.037714
vt 0.277634 0.034098
vt 0.275677 0.029374
vt 0.275677 0.024260
vt 0.277634 0.019536
vt 0.281250 0.015920
vt 0.285974 0.013963
vt 0.291088 0.013963
vt 0.295812 0.015920
vt 0.299428 0.019536
vt 0.301385 0.024260
vt 0.301385 0.029374
vt 0.299428 0.034098
vt 0.159259 0.027875
vt 0.159241 0.486199
vt 0.151063 0.486199
vt 0.151071 0.030522
vt 0.151071 0.030522
vt 0.151063 0.486199
vt 0.142938 0.486199
vt 0.142938 0.032701
vt 0.275566 0.024483
vt 0.275516 0.486199
vt 0.267231 0.486199
vt 0.267276 0.025922
vt 0.267276 0.025922
vt 0.267231 0.486199
vt 0.258963 0.486199
vt 0.259006 0.026423
vt 0.259006 0.026423
vt 0.258963 0.486199
vt 0.250699 0.486199
vt 0.250743 0.026168
vt 0.250743 0.026168
vt 0.250699 0.486199
vt 0.242432 0.486199
vt 0.242475 0.025574
vt 0.242475 0.025574
vt 0.242432 0.486199
vt 0.234153 0.486199
vt 0.234197 0.024724
vt 0.234197 0.024724
vt 0.234153 0.486199
vt 0.225857 0.486199
vt 0.225900 0.023735
vt 0.225900 0.023735
vt 0.225857 0.486199
vt 0.217540 0.486199
vt 0.217583 0.022748
vt 0.217583 0.022748
vt 0.217540 0.486199
vt 0.209203 0.486199
vt 0.209246 0.021900
vt 0.209246 0.021900
vt 0.209203 0.486199
vt 0.200847 0.486199
vt 0.200890 0.021311
vt 0.200890 0.021311
vt 0.200847 0.486199
vt 0.192480 0.486199
vt 0.192523 0.021057
vt 0.192523 0.021057
vt 0.192480 0.486199
vt 0.184115 0.486199
vt 0.184157 0.021561
vt 0.184157 0.021561
vt 0.184115 0.486199
vt 0.175776 0.486199
vt 0.175812 0.023001
vt 0.167508 0.025214
vt 0.167480 0.486199
vt 0.159241 0.486199
vt 0.159259 0.027875
vt 0.175812 0.023001
vt 0.175776 0.486199
vt 0.167480 0.486199
vt 0.159277 0.022975
vt 0.159259 0.027875
vt 0.151071 0.030522
vt 0.151079 0.026483
vt 0.151079 0.026483
vt 0.151071 0.030522
vt 0.142938 0.032701
vt 0.142938 0.029368
vt 0.275616 0.018318
vt 0.275566 0.024483
vt 0.267276 0.025922
vt 0.267321 0.020216
vt 0.267321 0.020216
vt 0.267276 0.025922
vt 0.259006 0.026423
vt 0.259050 0.020864
vt 0.259050 0.020864
vt 0.259006 0.026423
vt 0.250743 0.026168
vt 0.250786 0.020556
vt 0.250786 0.020556
vt 0.250743 0.026168
vt 0.242475 0.025574
vt 0.242518 0.019797
vt 0.242518 0.019797
vt 0.242475 0.025574
vt 0.234197 0.024724
vt 0.234240 0.018697
vt 0.225900 0.023735
vt 0.225944 0.017411
vt 0.225944 0.017411
vt 0.225900 0.023735
vt 0.217583 0.022748
vt 0.217627 0.016126
vt 0.217627 0.016126
vt 0.217583 0.022748
vt 0.209246 0.021900
vt 0.209289 0.015026
vt 0.209289 0.015026
vt 0.209246 0.021900
vt 0.200890 0.021311
vt 0.200933 0.014271
vt 0.200933 0.014271
vt 0.200890 0.021311
vt 0.192523 0.021057
vt 0.192566 0.013963
vt 0.192566 0.013963
vt 0.192523 0.021057
vt 0.184157 0.021561
vt 0.184198 0.014615
vt 0.175812 0.023001
vt 0.175848 0.016516
vt 0.167536 0.019447
vt 0.167508 0.025214
vt 0.159259 0.027875
vt 0.159277 0.022975
vt 0.175848 0.016516
vt 0.175812 0.023001
vt 0.167508 0.025214
vt 0.167536 0.019447
vt 0.554682 0.588518
vt 0.554623 0.595992
vt 0.544708 0.596067
vt 0.544743 0.588518
vt 0.534853 0.596144
vt 0.534868 0.588518
vt 0.525036 0.596220
vt 0.525039 0.588518
vt 0.515231 0.596294
vt 0.515231 0.588518
vt 0.675877 0.588518
vt 0.675756 0.596635
vt 0.665713 0.596518
vt 0.665834 0.588518
vt 0.655666 0.596397
vt 0.655787 0.588518
vt 0.645605 0.596275
vt 0.645725 0.588518
vt 0.635522 0.596155
vt 0.635643 0.588518
vt 0.625415 0.596040
vt 0.625535 0.588518
vt 0.615281 0.595929
vt 0.615402 0.588518
vt 0.615402 0.588518
vt 0.615281 0.595929
vt 0.605127 0.595819
vt 0.605247 0.588518
vt 0.605247 0.588518
vt 0.605127 0.595819
vt 0.594958 0.595706
vt 0.595078 0.588518
vt 0.595078 0.588518
vt 0.594958 0.595706
vt 0.584796 0.595777
vt 0.584913 0.588518
vt 0.584913 0.588518
vt 0.584796 0.595777
vt 0.574674 0.595848
vt 0.574777 0.588518
vt 0.707224 0.025218
vt 0.707224 0.031415
vt 0.704853 0.037140
vt 0.700471 0.041521
vt 0.694746 0.043893
vt 0.688550 0.043893
vt 0.682825 0.041521
vt 0.678443 0.037140
vt 0.676072 0.031415
vt 0.676072 0.025218
vt 0.678443 0.019493
vt 0.682825 0.015112
vt 0.688550 0.012740
vt 0.694746 0.012740
vt 0.700471 0.015112
vt 0.704853 0.019493
vt 0.564695 0.588518
vt 0.564612 0.595919
vt 0.554623 0.595992
vt 0.554682 0.588518
vt 0.574777 0.588518
vt 0.574674 0.595848
vt 0.564612 0.595919
vt 0.564695 0.588518
vt 0.688550 0.043966
vt 0.694746 0.043966
vt 0.700471 0.046338
vt 0.704853 0.050719
vt 0.707224 0.056444
vt 0.707224 0.062641
vt 0.704853 0.068366
vt 0.700471 0.072747
vt 0.694746 0.075119
vt 0.688550 0.075119
vt 0.682825 0.072747
vt 0.678443 0.068366
vt 0.676072 0.062641
vt 0.676072 0.056444
vt 0.678443 0.050719
vt 0.682825 0.046338
vt 0.554712 0.031609
vt 0.554682 0.588518
vt 0.544743 0.588518
vt 0.544761 0.034825
vt 0.534868 0.588518
vt 0.534876 0.037473
vt 0.525039 0.588518
vt 0.525041 0.039184
vt 0.525041 0.039184
vt 0.525039 0.588518
vt 0.515231 0.588518
vt 0.515231 0.039782
vt 0.675938 0.029850
vt 0.675877 0.588518
vt 0.665834 0.588518
vt 0.665895 0.029539
vt 0.655787 0.588518
vt 0.655847 0.028817
vt 0.645725 0.588518
vt 0.645786 0.027782
vt 0.635643 0.588518
vt 0.635703 0.026579
vt 0.625535 0.588518
vt 0.625595 0.025380
vt 0.615402 0.588518
vt 0.615462 0.024352
vt 0.605247 0.588518
vt 0.605307 0.023635
vt 0.595078 0.588518
vt 0.595138 0.023326
vt 0.595138 0.023326
vt 0.595078 0.588518
vt 0.584913 0.588518
vt 0.584971 0.023937
vt 0.574777 0.588518
vt 0.574829 0.025686
vt 0.564737 0.028376
vt 0.564695 0.588518
vt 0.554682 0.588518
vt 0.554712 0.031609
vt 0.574829 0.025686
vt 0.574777 0.588518
vt 0.564695 0.588518
vt 0.564737 0.028376
vt 0.554741 0.023690
vt 0.554712 0.031609
vt 0.544761 0.034825
vt 0.544778 0.027953
vt 0.534876 0.037473
vt 0.534884 0.031458
vt 0.525041 0.039184
vt 0.525043 0.033714
vt 0.515231 0.039782
vt 0.515231 0.034486
vt 0.675998 0.021131
vt 0.675938 0.029850
vt 0.665895 0.029539
vt 0.665955 0.020755
vt 0.655847 0.028817
vt 0.655907 0.019832
vt 0.645786 0.027782
vt 0.645846 0.018493
vt 0.635703 0.026579
vt 0.635763 0.016929
vt 0.625595 0.025380
vt 0.625656 0.015369
vt 0.615462 0.024352
vt 0.615522 0.014035
vt 0.605307 0.023635
vt 0.605368 0.013115
vt 0.595138 0.023326
vt 0.595199 0.012740
vt 0.595199 0.012740
vt 0.595138 0.023326
vt 0.584971 0.023937
vt 0.585029 0.013532
vt 0.574829 0.025686
vt 0.574881 0.015841
vt 0.564779 0.019403
vt 0.564737 0.028376
vt 0.554712 0.031609
vt 0.554741 0.023690
vt 0.574881 0.015841
vt 0.574829 0.025686
vt 0.564737 0.028376
vt 0.564779 0.019403
vt 0.000000 0.000000
vt 1.000000 0.000000
vt 1.000000 1.000000
vt 0.000000 1.000000
vn 0.841441 0.127710 -0.525041
vn 0.687205 0.310818 -0.656614
vn 0.989282 0.145630 0.010596
vn 0.999963 -0.000865 0.008554
vn 0.999963 -0.000865 0.008554
vn 0.989282 0.145630 0.010596
vn 0.716320 -0.059529 0.695228
vn 0.702938 -0.163072 0.692305
vn 0.311566 0.950220 0.002976
vn -0.000001 0.992450 -0.122654
vn -0.000003 0.951765 0.306829
vn 0.438178 0.855531 0.275804
vn 0.438178 0.855531 0.275804
vn -0.000003 0.951765 0.306829
vn -0.000000 0.733946 0.679208
vn 0.311561 0.773045 0.552568
vn -0.000001 0.992450 -0.122654
vn -0.311570 0.950219 0.002977
vn -0.438182 0.855528 0.275804
vn -0.000003 0.951765 0.306829
vn -0.000003 0.951765 0.306829
vn -0.438182 0.855528 0.275804
vn -0.311563 0.773045 0.552567
vn -0.000000 0.733946 0.679208
vn -0.687205 0.310819 -0.656614
vn -0.841441 0.127710 -0.525041
vn -0.999963 -0.000865 0.008554
vn -0.989282 0.145630 0.010597
vn -0.989282 0.145630 0.010597
vn -0.999963 -0.000865 0.008554
vn -0.702938 -0.163072 0.692305
vn -0.716321 -0.059529 0.695227
vn -0.733752 -0.153104 -0.661941
vn 0.000000 -0.194512 -0.980900
vn 0.000000 -1.000000 -0.000935
vn -0.997358 -0.067424 0.027029
vn -0.997358 -0.067424 0.027029
vn 0.000000 -1.000000 -0.000935
vn -0.000000 0.047708 0.998861
vn -0.709886 0.013848 0.704180
vn 0.000000 -0.194512 -0.980900
vn 0.733753 -0.153104 -0.661941
vn 0.997358 -0.067424 0.027030
vn 0.000000 -1.000000 -0.000935
vn 0.000000 -1.000000 -0.000935
vn 0.997358 -0.067424 0.027030
vn 0.709887 0.013848 0.704180
vn -0.000000 0.047708 0.998861
vn -0.000000 -0.235494 0.971876
vn -0.000000 -0.164657 0.986351
vn -0.716321 -0.059529 0.695227
vn -0.702938 -0.163072 0.692305
vn 0.702938 -0.163072 0.692305
vn 0.716320 -0.059529 0.695228
vn -0.000000 -0.164657 0.986351
vn -0.000000 -0.235494 0.971876
vn -0.841441 0.127710 -0.525041
vn -0.687205 0.310819 -0.656614
vn 0.000000 0.367848 -0.929886
vn 0.000000 0.261599 -0.965177
vn 0.000000 0.261599 -0.965177
vn 0.000000 0.367848 -0.929886
vn 0.687205 0.310818 -0.656614
vn 0.841441 0.127710 -0.525041
vn -0.997344 -0.023351 -0.068992
vn -0.785881 -0.228867 -0.574466
vn -0.998898 -0.008778 -0.046103
vn -0.997380 0.006397 0.072063
vn 0.785881 -0.228867 -0.574466
vn 0.997344 -0.023350 -0.068992
vn 0.997380 0.006397 0.072063
vn 0.998898 -0.008778 -0.046102
vn 0.998898 -0.008778 -0.046102
vn 0.997380 0.006397 0.072063
vn 0.723372 0.093661 0.684077
vn 0.736315 0.083926 0.671414
vn 0.736315 0.083926 0.671414
vn 0.723372 0.093661 0.684077
vn -0.000000 0.135651 0.990757
vn -0.000000 0.123915 0.992293
vn -0.000000 0.123915 0.992293
vn -0.000000 0.135651 0.990757
vn -0.723372 0.093661 0.684076
vn -0.736315 0.083926 0.671414
vn -0.997380 0.006397 0.072063
vn -0.998898 -0.008778 -0.046103
vn -0.736315 0.083926 0.671414
vn -0.723372 0.093661 0.684076
vn -0.999809 -0.002272 0.019422
vn -0.999903 0.002028 -0.013820
vn -0.725688 -0.064309 0.685012
vn -0.706691 -0.073082 0.703737
vn -0.936433 0.036437 -0.348951
vn -0.937045 0.033124 -0.347635
vn -0.999903 0.002028 -0.013820
vn -0.999809 -0.002272 0.019422
vn -0.000001 0.108717 -0.994073
vn -0.000001 0.108717 -0.994073
vn 0.000000 0.108717 -0.994073
vn 0.000000 0.108717 -0.994073
vn 0.000000 0.108717 -0.994073
vn 0.000000 0.108717 -0.994073
vn 0.000001 0.108717 -0.994073
vn 0.000001 0.108717 -0.994073
vn 0.937045 0.033124 -0.347635
vn 0.936433 0.036437 -0.348950
vn 0.999809 -0.002272 0.019423
vn 0.999903 0.002028 -0.013819
vn 0.999903 0.002028 -0.013819
vn 0.999809 -0.002272 0.019423
vn 0.706691 -0.073082 0.703738
vn 0.725688 -0.064309 0.685012
vn 0.725688 -0.064309 0.685012
vn 0.706691 -0.073082 0.703738
vn -0.000000 -0.102827 0.994699
vn -0.000000 -0.093821 0.995589
vn -0.000000 -0.093821 0.995589
vn -0.000000 -0.102827 0.994699
vn -0.706691 -0.073082 0.703737
vn -0.725688 -0.064309 0.685012
vn -0.981809 0.168211 -0.088072
vn -0.997344 -0.023351 -0.068992
vn -0.997380 0.006397 0.072063
vn -0.999011 0.039758 0.019908
vn -0.999011 0.039758 0.019908
vn -0.997380 0.006397 0.072063
vn -0.723372 0.093661 0.684076
vn -0.738385 0.070653 0.670669
vn -0.000000 0.135651 0.990757
vn -0.000000 0.105727 0.994395
vn -0.738385 0.070653 0.670669
vn -0.723372 0.093661 0.684076
vn 0.723372 0.093661 0.684077
vn 0.738384 0.070653 0.670669
vn -0.000000 0.105727 0.994395
vn -0.000000 0.135651 0.990757
vn 0.997380 0.006397 0.072063
vn 0.999011 0.039758 0.019909
vn 0.738384 0.070653 0.670669
vn 0.723372 0.093661 0.684077
vn 0.997344 -0.023350 -0.068992
vn 0.981809 0.168211 -0.088071
vn 0.999011 0.039758 0.019909
vn 0.997380 0.006397 0.072063
vn -0.981809 0.168211 -0.088072
vn -0.938940 0.344082 -0.000000
vn -0.999995 -0.003082 -0.000000
vn -0.997344 -0.023351 -0.068992
vn 0.000000 1.000000 -0.000451
vn 0.000000 1.000000 -0.000451
vn 0.001660 0.999999 -0.000451
vn 0.001660 0.999999 -0.000451
vn -0.001660 0.999999 -0.000451
vn -0.001660 0.999999 -0.000451
vn 0.000000 1.000000 -0.000451
vn 0.000000 1.000000 -0.000451
vn -0.785881 -0.228867 -0.574466
vn -0.713928 -0.700219 -0.000000
vn 0.000000 -1.000000 0.000000
vn 0.000000 -0.342552 -0.939499
vn 0.785881 -0.228867 -0.574466
vn 0.713928 -0.700219 0.000000
vn 0.999995 -0.003079 0.000000
vn 0.997344 -0.023350 -0.068992
vn 0.000000 -0.342552 -0.939499
vn 0.000000 -1.000000 0.000000
vn 0.713928 -0.700219 0.000000
vn 0.785881 -0.228867 -0.574466
vn -0.997344 -0.023351 -0.068992
vn -0.999995 -0.003082 -0.000000
vn -0.713928 -0.700219 -0.000000
vn -0.785881 -0.228867 -0.574466
vn 0.997344 -0.023350 -0.068992
vn 0.999995 -0.003079 0.000000
vn 0.938845 0.344340 0.000000
vn 0.981809 0.168211 -0.088071
vn -0.998898 -0.008778 -0.046103
vn -0.997358 -0.067424 0.027029
vn -0.709886 0.013848 0.704180
vn -0.736315 0.083926 0.671414
vn -0.785881 -0.228867 -0.574466
vn -0.733752 -0.153104 -0.661941
vn -0.997358 -0.067424 0.027029
vn -0.998898 -0.008778 -0.046103
vn 0.000000 -0.342552 -0.939499
vn 0.000000 -0.194512 -0.980900
vn -0.733752 -0.153104 -0.661941
vn -0.785881 -0.228867 -0.574466
vn 0.785881 -0.228867 -0.574466
vn 0.733753 -0.153104 -0.661941
vn 0.000000 -0.194512 -0.980900
vn 0.000000 -0.342552 -0.939499
vn 0.998898 -0.008778 -0.046102
vn 0.997358 -0.067424 0.027030
vn 0.733753 -0.153104 -0.661941
vn 0.785881 -0.228867 -0.574466
vn 0.736315 0.083926 0.671414
vn 0.709887 0.013848 0.704180
vn 0.997358 -0.067424 0.027030
vn 0.998898 -0.008778 -0.046102
vn -0.000000 0.123915 0.992293
vn -0.000000 0.047708 0.998861
vn 0.709887 0.013848 0.704180
vn 0.736315 0.083926 0.671414
vn -0.736315 0.083926 0.671414
vn -0.709886 0.013848 0.704180
vn -0.000000 0.047708 0.998861
vn -0.000000 0.123915 0.992293
vn -0.853686 0.501359 -0.140923
vn -0.644364 0.611474 -0.459233
vn -0.996808 0.063911 -0.047841
vn -0.999597 0.026699 -0.009613
vn 0.000000 0.937369 -0.348337
vn 0.000000 0.799403 -0.600795
vn -0.644364 0.611474 -0.459233
vn -0.853686 0.501359 -0.140923
vn 0.853686 0.501359 -0.140923
vn 0.644364 0.611474 -0.459233
vn 0.000000 0.799403 -0.600795
vn 0.000000 0.937369 -0.348337
vn -0.735611 -0.675610 0.049273
vn -0.789919 -0.484497 0.375887
vn -0.000000 -0.787015 0.616933
vn -0.000000 -0.996920 0.078428
vn 0.735611 -0.675610 0.049273
vn 0.789919 -0.484497 0.375887
vn 0.996808 0.063911 -0.047841
vn 0.999597 0.026699 -0.009613
vn -0.000000 -0.996920 0.078428
vn -0.000000 -0.787015 0.616933
vn 0.789919 -0.484497 0.375887
vn 0.735611 -0.675610 0.049273
vn -0.999597 0.026699 -0.009613
vn -0.996808 0.063911 -0.047841
vn -0.789919 -0.484497 0.375887
vn -0.735611 -0.675610 0.049273
vn 0.999597 0.026699 -0.009613
vn 0.996808 0.063911 -0.047841
vn 0.644364 0.611474 -0.459233
vn 0.853686 0.501359 -0.140923
vn -0.644364 0.611474 -0.459233
vn -0.674609 0.338700 -0.655886
vn -0.998655 0.028899 -0.043041
vn -0.996808 0.063911 -0.047841
vn 0.000000 0.799403 -0.600795
vn 0.000000 0.450369 -0.892843
vn -0.674609 0.338700 -0.655886
vn -0.644364 0.611474 -0.459233
vn 0.644364 0.611474 -0.459233
vn 0.674609 0.338700 -0.655886
vn 0.000000 0.450369 -0.892843
vn 0.000000 0.799403 -0.600795
vn -0.789919 -0.484497 0.375887
vn -0.759575 -0.272571 0.590551
vn -0.000000 -0.426019 0.904714
vn -0.000000 -0.787015 0.616933
vn 0.789919 -0.484497 0.375887
vn 0.759574 -0.272571 0.590552
vn 0.998655 0.028899 -0.043041
vn 0.996808 0.063911 -0.047841
vn -0.000000 -0.787015 0.616933
vn -0.000000 -0.426019 0.904714
vn 0.759574 -0.272571 0.590552
vn 0.789919 -0.484497 0.375887
vn -0.996808 0.063911 -0.047841
vn -0.998655 0.028899 -0.043041
vn -0.759575 -0.272571 0.590551
vn -0.789919 -0.484497 0.375887
vn 0.996808 0.063911 -0.047841
vn 0.998655 0.028899 -0.043041
vn 0.674609 0.338700 -0.655886
vn 0.644364 0.611474 -0.459233
vn -0.674609 0.338700 -0.655886
vn -0.706145 0.025583 -0.707605
vn -0.999717 0.000972 -0.023776
vn -0.998655 0.028899 -0.043041
vn 0.000000 0.450369 -0.892843
vn 0.000000 0.036252 -0.999343
vn -0.706145 0.025583 -0.707605
vn -0.674609 0.338700 -0.655886
vn 0.674609 0.338700 -0.655886
vn 0.706145 0.025583 -0.707605
vn 0.000000 0.036252 -0.999343
vn 0.000000 0.450369 -0.892843
vn -0.759575 -0.272571 0.590551
vn -0.730779 -0.022301 0.682250
vn -0.000000 -0.032144 0.999483
vn -0.000000 -0.426019 0.904714
vn 0.759574 -0.272571 0.590552
vn 0.730778 -0.022301 0.682250
vn 0.999717 0.000972 -0.023775
vn 0.998655 0.028899 -0.043041
vn -0.000000 -0.426019 0.904714
vn -0.000000 -0.032144 0.999483
vn 0.730778 -0.022301 0.682250
vn 0.759574 -0.272571 0.590552
vn -0.998655 0.028899 -0.043041
vn -0.999717 0.000972 -0.023776
vn -0.730779 -0.022301 0.682250
vn -0.759575 -0.272571 0.590551
vn 0.998655 0.028899 -0.043041
vn 0.999717 0.000972 -0.023775
vn 0.706145 0.025583 -0.707605
vn 0.674609 0.338700 -0.655886
vn -0.706145 0.025583 -0.707605
vn -0.728275 0.000000 -0.685285
vn -1.000000 0.000000 -0.000610
vn -0.999717 0.000972 -0.023776
vn 0.000000 0.036252 -0.999343
vn 0.000000 0.000000 -1.000000
vn -0.728275 0.000000 -0.685285
vn -0.706145 0.025583 -0.707605
vn 0.706145 0.025583 -0.707605
vn 0.728275 0.000000 -0.685285
vn 0.000000 0.000000 -1.000000
vn 0.000000 0.036252 -0.999343
vn -0.730779 -0.022301 0.682250
vn -0.708109 0.000000 0.706103
vn -0.000000 0.000000 1.000000
vn -0.000000 -0.032144 0.999483
vn 0.730778 -0.022301 0.682250
vn 0.708109 0.000000 0.706103
vn 1.000000 0.000000 -0.000609
vn 0.999717 0.000972 -0.023775
vn -0.000000 -0.032144 0.999483
vn -0.000000 0.000000 1.000000
vn 0.708109 0.000000 0.706103
vn 0.730778 -0.022301 0.682250
vn -0.999717 0.000972 -0.023776
vn -1.000000 0.000000 -0.000610
vn -0.708109 0.000000 0.706103
vn -0.730779 -0.022301 0.682250
vn 0.999717 0.000972 -0.023775
vn 1.000000 0.000000 -0.000609
vn 0.728275 0.000000 -0.685285
vn 0.706145 0.025583 -0.707605
vn -1.000000 0.000000 -0.000000
vn -1.000000 0.000000 -0.000000
vn -1.000000 0.000000 -0.000000
vn -1.000000 0.000000 -0.000000
vn -0.003594 0.000000 -0.999994
vn -0.003594 0.000000 -0.999994
vn -0.003594 0.000000 -0.999994
vn -0.003594 0.000000 -0.999994
vn 0.003594 0.000000 -0.999994
vn 0.003594 0.000000 -0.999994
vn 0.003594 0.000000 -0.999994
vn 0.003594 0.000000 -0.999994
vn -0.000090 -0.016503 0.999864
vn -0.000090 -0.016503 0.999864
vn -0.000090 -0.016503 0.999864
vn -0.000090 -0.016503 0.999864
vn 0.000033 1.000000 -0.000153
vn 0.000033 1.000000 -0.000153
vn 0.000033 1.000000 -0.000153
vn 0.000033 1.000000 -0.000153
vn 0.713928 -0.700219 0.000000
vn 0.711253 -0.702936 0.000000
vn 1.000000 0.000887 0.000000
vn 0.999995 -0.003079 0.000000
vn 0.000000 -1.000000 0.000000
vn 0.000000 -1.000000 0.000000
vn 0.711253 -0.702936 0.000000
vn 0.713928 -0.700219 0.000000
vn -0.713928 -0.700219 -0.000000
vn -0.711253 -0.702936 -0.000000
vn 0.000000 -1.000000 0.000000
vn 0.000000 -1.000000 0.000000
vn -0.999995 -0.003082 -0.000000
vn -1.000000 0.000885 -0.000000
vn -0.711253 -0.702936 -0.000000
vn -0.713928 -0.700219 -0.000000
vn -0.938940 0.344082 -0.000000
vn -0.936480 0.350721 -0.000000
vn -1.000000 0.000885 -0.000000
vn -0.999995 -0.003082 -0.000000
vn 0.999995 -0.003079 0.000000
vn 1.000000 0.000887 0.000000
vn 0.936382 0.350984 0.000001
vn 0.938845 0.344340 0.000000
vn 0.711253 -0.702936 0.000000
vn 0.711264 -0.702925 0.000000
vn 1.000000 0.000184 0.000000
vn 1.000000 0.000887 0.000000
vn 0.000000 -1.000000 0.000000
vn 0.000000 -1.000000 0.000000
vn 0.711264 -0.702925 0.000000
vn 0.711253 -0.702936 0.000000
vn -0.711253 -0.702936 -0.000000
vn -0.711264 -0.702925 -0.000000
vn 0.000000 -1.000000 0.000000
vn 0.000000 -1.000000 0.000000
vn -1.000000 0.000885 -0.000000
vn -1.000000 0.000176 -0.000000
vn -0.711264 -0.702925 -0.000000
vn -0.711253 -0.702936 -0.000000
vn -0.936480 0.350721 -0.000000
vn -0.932491 0.361193 -0.000000
vn -1.000000 0.000176 -0.000000
vn -1.000000 0.000885 -0.000000
vn -1.000000 0.000000 -0.000000
vn -1.000000 0.000000 -0.000000
vn -1.000000 0.000000 -0.000000
vn -1.000000 0.000000 -0.000000
vn 0.000000 1.000000 0.000000
vn 0.000000 1.000000 0.000000
vn 0.001209 0.999999 0.000000
vn 0.001209 0.999999 0.000000
vn -0.001209 0.999999 -0.000000
vn -0.001209 0.999999 -0.000000
vn 0.000000 1.000000 0.000000
vn 0.000000 1.000000 0.000000
vn 0.000000 1.000000 0.000000
vn 0.000000 1.000000 0.000000
vn 0.000000 1.000000 0.000000
vn 0.000000 1.000000 0.000000
vn 1.000000 0.000887 0.000000
vn 1.000000 0.000184 0.000000
vn 0.931419 0.363948 0.000000
vn 0.936382 0.350984 0.000001
vn 0.711264 -0.702925 0.000000
vn 0.711304 -0.702884 0.000000
vn 1.000000 -0.000088 0.000000
vn 1.000000 0.000184 0.000000
vn 0.000000 -1.000000 0.000000
vn 0.000000 -1.000000 0.000000
vn 0.711304 -0.702884 0.000000
vn 0.711264 -0.702925 0.000000
vn -0.711264 -0.702925 -0.000000
vn -0.711304 -0.702884 -0.000000
vn 0.000000 -1.000000 0.000000
vn 0.000000 -1.000000 0.000000
vn -1.000000 0.000176 -0.000000
vn -1.000000 -0.000095 -0.000000
vn -0.711304 -0.702884 -0.000000
vn -0.711264 -0.702925 -0.000000
vn -0.932491 0.361193 -0.000000
vn -0.934706 0.355423 -0.000000
vn -1.000000 -0.000095 -0.000000
vn -1.000000 0.000176 -0.000000
vn 1.000000 0.000184 0.000000
vn 1.000000 -0.000088 0.000000
vn 0.933685 0.358095 0.000000
vn 0.931419 0.363948 0.000000
vn 0.711304 -0.702884 0.000000
vn 0.711281 -0.702908 0.000000
vn 1.000000 -0.000021 0.000000
vn 1.000000 -0.000088 0.000000
vn 0.000000 -1.000000 0.000000
vn 0.000000 -1.000000 0.000000
vn 0.711281 -0.702908 0.000000
vn 0.711304 -0.702884 0.000000
vn -0.711304 -0.702884 -0.000000
vn -0.711281 -0.702908 -0.000000
vn 0.000000 -1.000000 0.000000
vn 0.000000 -1.000000 0.000000
vn -1.000000 -0.000095 -0.000000
vn -1.000000 -0.000023 -0.000000
vn -0.711281 -0.702908 -0.000000
vn -0.711304 -0.702884 -0.000000
vn -0.934706 0.355423 -0.000000
vn -0.941805 0.336161 -0.000000
vn -1.000000 -0.000023 -0.000000
vn -1.000000 -0.000095 -0.000000
vn -1.000000 0.000000 -0.000000
vn -1.000000 0.000000 -0.000000
vn -1.000000 0.000000 -0.000000
vn -1.000000 0.000000 -0.000000
vn 0.000000 1.000000 0.000000
vn 0.000000 1.000000 0.000000
vn 0.001210 0.999999 0.000000
vn 0.001210 0.999999 0.000000
vn -0.001210 0.999999 -0.000000
vn -0.001210 0.999999 -0.000000
vn 0.000000 1.000000 0.000000
vn 0.000000 1.000000 0.000000
vn 0.000000 1.000000 0.000000
vn 0.000000 1.000000 0.000000
vn 0.000000 1.000000 0.000000
vn 0.000000 1.000000 0.000000
vn 1.000000 -0.000088 0.000000
vn 1.000000 -0.000021 0.000000
vn 0.941695 0.336468 0.000000
vn 0.933685 0.358095 0.000000
vn 0.711281 -0.702908 0.000000
vn 0.711230 -0.702960 0.000000
vn 1.000000 0.000018 0.000000
vn 1.000000 -0.000021 0.000000
vn 0.000000 -1.000000 0.000000
vn 0.000000 -1.000000 0.000000
vn 0.711230 -0.702960 0.000000
vn 0.711281 -0.702908 0.000000
vn -0.711281 -0.702908 -0.000000
vn -0.711230 -0.702960 -0.000000
vn 0.000000 -1.000000 0.000000
vn 0.000000 -1.000000 0.000000
vn -1.000000 -0.000023 -0.000000
vn -1.000000 0.000018 -0.000000
vn -0.711230 -0.702960 -0.000000
vn -0.711281 -0.702908 -0.000000
vn -0.941805 0.336161 -0.000000
vn -0.941909 0.335869 -0.000000
vn -1.000000 0.000018 -0.000000
vn -1.000000 -0.000023 -0.000000
vn 1.000000 -0.000021 0.000000
vn 1.000000 0.000018 0.000000
vn 0.941797 0.336183 0.000000
vn 0.941695 0.336468 0.000000
vn 0.711230 -0.702960 0.000000
vn 0.735611 -0.675610 0.049273
vn 0.999597 0.026699 -0.009613
vn 1.000000 0.000018 0.000000
vn 0.000000 -1.000000 0.000000
vn -0.000000 -0.996920 0.078428
vn 0.735611 -0.675610 0.049273
vn 0.711230 -0.702960 0.000000
vn -0.711230 -0.702960 -0.000000
vn -0.735611 -0.675610 0.049273
vn -0.000000 -0.996920 0.078428
vn 0.000000 -1.000000 0.000000
vn -1.000000 0.000018 -0.000000
vn -0.999597 0.026699 -0.009613
vn -0.735611 -0.675610 0.049273
vn -0.711230 -0.702960 -0.000000
vn -0.941909 0.335869 -0.000000
vn -0.853686 0.501359 -0.140923
vn -0.999597 0.026699 -0.009613
vn -1.000000 0.000018 -0.000000
vn -1.000000 0.000000 -0.000000
vn -1.000000 0.000000 -0.000000
vn -1.000000 0.000000 -0.000000
vn -1.000000 0.000000 -0.000000
vn 0.000000 1.000000 0.000000
vn 0.000000 1.000000 0.000000
vn 0.001210 0.999999 0.000000
vn 0.001210 0.999999 0.000000
vn -0.001210 0.999999 -0.000000
vn -0.001210 0.999999 -0.000000
vn 0.000000 1.000000 0.000000
vn 0.000000 1.000000 0.000000
vn 0.000000 1.000000 0.000000
vn 0.000000 1.000000 0.000000
vn 0.000000 1.000000 0.000000
vn 0.000000 1.000000 0.000000
vn 1.000000 0.000018 0.000000
vn 0.999597 0.026699 -0.009613
vn 0.853686 0.501359 -0.140923
vn 0.941797 0.336183 0.000000
vn 0.000000 -1.000000 0.000000
vn 0.000000 -1.000000 0.000000
vn 0.000000 -1.000000 0.000000
vn 0.000000 -1.000000 0.000000
vn 0.000339 -0.001114 -0.999999
vn 0.000339 -0.001114 -0.999999
vn 0.000339 -0.001114 -0.999999
vn 0.000339 -0.001114 -0.999999
vn -0.000478 1.000000 -0.000285
vn -0.000478 1.000000 -0.000285
vn -0.000478 1.000000 -0.000285
vn -0.000478 1.000000 -0.000285
vn -0.001143 -0.006536 0.999978
vn -0.001143 -0.006536 0.999978
vn -0.001143 -0.006536 0.999978
vn -0.001143 -0.006536 0.999978
vn -0.001608 0.005286 0.999985
vn -0.001608 0.005286 0.999985
vn -0.001608 0.005286 0.999985
vn -0.001608 0.005286 0.999985
vn 0.000000 -1.000000 0.000000
vn 0.000000 -1.000000 0.000000
vn 0.000000 -1.000000 0.000000
vn 0.000000 -1.000000 0.000000
vn 0.005404 -0.017767 -0.999828
vn 0.005404 -0.017767 -0.999828
vn 0.005404 -0.017767 -0.999828
vn 0.005404 -0.017767 -0.999828
vn 0.000000 1.000000 0.000000
vn 0.000000 1.000000 0.000000
vn 0.000000 1.000000 0.000000
vn 0.000000 1.000000 0.000000
vn -0.002570 -0.011568 0.999930
vn -0.002570 -0.011568 0.999930
vn -0.002570 -0.011568 0.999930
vn -0.002570 -0.011568 0.999930
vn 0.000001 -1.000000 0.000001
vn 0.000001 -1.000000 0.000001
vn 0.000001 -1.000000 0.000001
vn 0.000001 -1.000000 0.000001
vn 0.000727 -0.002390 -0.999997
vn 0.000727 -0.002390 -0.999997
vn 0.000727 -0.002390 -0.999997
vn 0.000727 -0.002390 -0.999997
vn 0.000000 1.000000 0.000000
vn 0.000000 1.000000 0.000000
vn 0.000000 1.000000 0.000000
vn 0.000000 1.000000 0.000000
vn 0.001407 -0.004625 0.999988
vn 0.001407 -0.004625 0.999988
vn 0.001407 -0.004625 0.999988
vn 0.001407 -0.004625 0.999988
vn 0.000000 -1.000000 0.000000
vn 0.000000 -1.000000 0.000000
vn 0.000000 -1.000000 0.000000
vn 0.000000 -1.000000 0.000000
vn 0.000000 0.000000 -1.000000
vn 0.000000 0.000000 -1.000000
vn 0.000000 0.000000 -1.000000
vn 0.000000 0.000000 -1.000000
vn 0.000000 1.000000 0.000000
vn 0.000000 1.000000 0.000000
vn 0.000000 1.000000 0.000000
vn 0.000000 1.000000 0.000000
vn -0.941805 0.336161 -0.000000
vn -0.000001 1.000000 0.000001
vn -0.000004 1.000000 0.000001
vn -0.941909 0.335869 -0.000000
vn -0.000001 1.000000 0.000001
vn 0.941695 0.336468 0.000000
vn 0.941797 0.336183 0.000000
vn -0.000004 1.000000 0.000001
vn 0.010684 0.005745 0.999927
vn 0.010684 0.005745 0.999927
vn 0.010684 0.005745 0.999927
vn 0.010684 0.005745 0.999927
vn -0.010702 0.005768 0.999926
vn -0.010702 0.005768 0.999926
vn -0.010702 0.005768 0.999926
vn -0.010702 0.005768 0.999926
vn 0.007134 -0.014740 -0.999866
vn 0.007134 -0.014740 -0.999866
vn 0.007134 -0.014740 -0.999866
vn 0.007134 -0.014740 -0.999866
vn -0.007125 -0.014721 -0.999866
vn -0.007125 -0.014721 -0.999866
vn -0.007125 -0.014721 -0.999866
vn -0.007125 -0.014721 -0.999866
vn -0.000034 1.000000 -0.000000
vn -0.934706 0.355423 -0.000000
vn -0.932491 0.361193 -0.000000
vn -0.000025 1.000000 -0.000000
vn 0.933685 0.358095 0.000000
vn -0.000034 1.000000 -0.000000
vn -0.000025 1.000000 -0.000000
vn 0.931419 0.363948 0.000000
vn -0.012956 0.014044 0.999817
vn -0.012956 0.014044 0.999817
vn -0.012956 0.014044 0.999817
vn -0.012956 0.014044 0.999817
vn 0.012740 0.013957 0.999821
vn 0.012740 0.013957 0.999821
vn 0.012740 0.013957 0.999821
vn 0.012740 0.013957 0.999821
vn -0.000498 -0.028392 -0.999597
vn -0.000498 -0.028392 -0.999597
vn -0.000498 -0.028392 -0.999597
vn -0.000498 -0.028392 -0.999597
vn 0.000409 -0.028254 -0.999601
vn 0.000409 -0.028254 -0.999601
vn 0.000409 -0.028254 -0.999601
vn 0.000409 -0.028254 -0.999601
vn -0.000002 1.000000 0.000003
vn -0.936480 0.350721 -0.000000
vn -0.938940 0.344082 -0.000000
vn -0.000003 1.000000 0.000003
vn 0.936382 0.350984 0.000001
vn -0.000002 1.000000 0.000003
vn -0.000003 1.000000 0.000003
vn 0.938845 0.344340 0.000000
vn 0.000043 0.012873 0.999917
vn 0.000043 0.012873 0.999917
vn 0.000043 0.012873 0.999917
vn 0.000043 0.012873 0.999917
vn -0.000042 0.012869 0.999917
vn -0.000042 0.012869 0.999917
vn -0.000042 0.012869 0.999917
vn -0.000042 0.012869 0.999917
vn 0.001292 -0.003162 -0.999994
vn 0.001292 -0.003162 -0.999994
vn 0.001292 -0.003162 -0.999994
vn 0.001292 -0.003162 -0.999994
vn -0.001311 -0.003124 -0.999994
vn -0.001311 -0.003124 -0.999994
vn -0.001311 -0.003124 -0.999994
vn -0.001311 -0.003124 -0.999994
vn -0.841441 0.127710 -0.525041
vn -0.931569 0.056392 -0.359164
vn -0.999199 -0.006338 -0.039512
vn -0.999963 -0.000865 0.008554
vn -0.000241 0.200604 -0.979672
vn -0.000241 0.200604 -0.979672
vn 0.000000 0.200604 -0.979672
vn 0.000000 0.200604 -0.979672
vn 0.000000 0.200604 -0.979672
vn 0.000000 0.200604 -0.979672
vn 0.000241 0.200604 -0.979672
vn 0.000241 0.200604 -0.979672
vn 0.931570 0.056392 -0.359163
vn 0.841441 0.127710 -0.525041
vn 0.999963 -0.000865 0.008554
vn 0.999199 -0.006338 -0.039512
vn 0.999199 -0.006338 -0.039512
vn 0.999963 -0.000865 0.008554
vn 0.702938 -0.163072 0.692305
vn 0.725186 -0.144231 0.673278
vn 0.725186 -0.144231 0.673278
vn 0.702938 -0.163072 0.692305
vn -0.000000 -0.235494 0.971876
vn -0.000000 -0.200846 0.979623
vn -0.000000 -0.200846 0.979623
vn -0.000000 -0.235494 0.971876
vn -0.702938 -0.163072 0.692305
vn -0.725186 -0.144231 0.673278
vn -0.999963 -0.000865 0.008554
vn -0.999199 -0.006338 -0.039512
vn -0.725186 -0.144231 0.673278
vn -0.702938 -0.163072 0.692305
vn 0.687205 0.310818 -0.656614
vn 0.572005 0.754374 -0.322072
vn 0.795772 0.576386 0.185814
vn 0.989282 0.145630 0.010596
vn 0.000000 0.367848 -0.929886
vn 0.000001 0.833404 -0.552664
vn 0.572005 0.754374 -0.322072
vn 0.687205 0.310818 -0.656614
vn 0.989282 0.145630 0.010596
vn 0.795772 0.576386 0.185814
vn 0.572003 0.424230 0.702027
vn 0.716320 -0.059529 0.695228
vn 0.716320 -0.059529 0.695228
vn 0.572003 0.424230 0.702027
vn -0.000000 0.353702 0.935358
vn -0.000000 -0.164657 0.986351
vn -0.989282 0.145630 0.010597
vn -0.795772 0.576385 0.185814
vn -0.572004 0.754375 -0.322072
vn -0.687205 0.310819 -0.656614
vn -0.687205 0.310819 -0.656614
vn -0.572004 0.754375 -0.322072
vn 0.000001 0.833404 -0.552664
vn 0.000000 0.367848 -0.929886
vn -0.000000 -0.164657 0.986351
vn -0.000000 0.353702 0.935358
vn -0.572005 0.424229 0.702026
vn -0.716321 -0.059529 0.695227
vn -0.716321 -0.059529 0.695227
vn -0.572005 0.424229 0.702026
vn -0.795772 0.576385 0.185814
vn -0.989282 0.145630 0.010597
vn 0.572005 0.754374 -0.322072
vn 0.311566 0.950220 0.002976
vn 0.438178 0.855531 0.275804
vn 0.795772 0.576386 0.185814
vn 0.000001 0.833404 -0.552664
vn -0.000001 0.992450 -0.122654
vn 0.311566 0.950220 0.002976
vn 0.572005 0.754374 -0.322072
vn 0.795772 0.576386 0.185814
vn 0.438178 0.855531 0.275804
vn 0.311561 0.773045 0.552568
vn 0.572003 0.424230 0.702027
vn 0.572003 0.424230 0.702027
vn 0.311561 0.773045 0.552568
vn -0.000000 0.733946 0.679208
vn -0.000000 0.353702 0.935358
vn -0.795772 0.576385 0.185814
vn -0.438182 0.855528 0.275804
vn -0.311570 0.950219 0.002977
vn -0.572004 0.754375 -0.322072
vn -0.572004 0.754375 -0.322072
vn -0.311570 0.950219 0.002977
vn -0.000001 0.992450 -0.122654
vn 0.000001 0.833404 -0.552664
vn -0.000000 0.353702 0.935358
vn -0.000000 0.733946 0.679208
vn -0.311563 0.773045 0.552567
vn -0.572005 0.424229 0.702026
vn -0.572005 0.424229 0.702026
vn -0.311563 0.773045 0.552567
vn -0.438182 0.855528 0.275804
vn -0.795772 0.576385 0.185814
vn -0.940241 0.006027 -0.340458
vn -0.862939 0.005313 -0.505280
vn -0.999996 0.000866 0.002643
vn -0.999996 0.000800 0.002791
vn 0.000086 0.008158 -0.999967
vn 0.000086 0.008158 -0.999967
vn 0.000000 0.008158 -0.999967
vn 0.000000 0.008158 -0.999967
vn 0.000000 0.008158 -0.999967
vn 0.000000 0.008158 -0.999967
vn -0.000086 0.008158 -0.999967
vn -0.000086 0.008158 -0.999967
vn 0.862939 0.005313 -0.505281
vn 0.940240 0.006027 -0.340459
vn 0.999996 0.000800 0.002791
vn 0.999996 0.000866 0.002643
vn 0.999996 0.000866 0.002643
vn 0.999996 0.000800 0.002791
vn 0.721351 -0.008042 0.692523
vn 0.722859 -0.004538 0.690981
vn 0.722859 -0.004538 0.690981
vn 0.721351 -0.008042 0.692523
vn -0.000000 -0.010989 0.999940
vn -0.000000 -0.005801 0.999983
vn -0.000000 -0.005801 0.999983
vn -0.000000 -0.010989 0.999940
vn -0.721351 -0.008042 0.692523
vn -0.722859 -0.004538 0.690980
vn -0.999996 0.000800 0.002791
vn -0.999996 0.000866 0.002643
vn -0.722859 -0.004538 0.690980
vn -0.721351 -0.008042 0.692523
vn -0.738079 0.005567 -0.674691
vn -0.862939 0.005313 -0.505280
vn 0.000000 0.006675 -0.999978
vn 0.000000 0.006675 -0.999978
vn 0.000000 0.006675 -0.999978
vn 0.000000 0.006675 -0.999978
vn 0.862939 0.005313 -0.505281
vn 0.738079 0.005567 -0.674691
vn -1.000000 0.000000 -0.000000
vn -1.000000 0.000000 -0.000000
vn -1.000000 0.000000 -0.000000
vn -1.000000 0.000000 -0.000000
vn -0.000693 1.000000 -0.000000
vn -0.000693 1.000000 -0.000000
vn -0.000693 1.000000 -0.000000
vn -0.000693 1.000000 -0.000000
vn -1.000000 0.000000 -0.000000
vn -1.000000 0.000000 -0.000000
vn -1.000000 0.000000 -0.000000
vn -1.000000 0.000000 -0.000000
vn 0.000693 1.000000 0.000000
vn 0.000693 1.000000 0.000000
vn 0.000693 1.000000 0.000000
vn 0.000693 1.000000 0.000000
vn -0.931569 0.056392 -0.359164
vn -0.936433 0.036437 -0.348951
vn -0.999809 -0.002272 0.019422
vn -0.999199 -0.006338 -0.039512
vn 0.936433 0.036437 -0.348950
vn 0.931570 0.056392 -0.359163
vn 0.999199 -0.006338 -0.039512
vn 0.999809 -0.002272 0.019423
vn 0.999809 -0.002272 0.019423
vn 0.999199 -0.006338 -0.039512
vn 0.725186 -0.144231 0.673278
vn 0.706691 -0.073082 0.703738
vn 0.706691 -0.073082 0.703738
vn 0.725186 -0.144231 0.673278
vn -0.000000 -0.200846 0.979623
vn -0.000000 -0.102827 0.994699
vn -0.000000 -0.102827 0.994699
vn -0.000000 -0.200846 0.979623
vn -0.725186 -0.144231 0.673278
vn -0.706691 -0.073082 0.703737
vn -0.999199 -0.006338 -0.039512
vn -0.999809 -0.002272 0.019422
vn -0.706691 -0.073082 0.703737
vn -0.725186 -0.144231 0.673278
vn -0.937045 0.033124 -0.347635
vn -0.940241 0.006027 -0.340458
vn -0.999996 0.000800 0.002791
vn -0.999903 0.002028 -0.013820
vn 0.940240 0.006027 -0.340459
vn 0.937045 0.033124 -0.347635
vn 0.999903 0.002028 -0.013819
vn 0.999996 0.000800 0.002791
vn 0.999996 0.000800 0.002791
vn 0.999903 0.002028 -0.013819
vn 0.725688 -0.064309 0.685012
vn 0.721351 -0.008042 0.692523
vn 0.721351 -0.008042 0.692523
vn 0.725688 -0.064309 0.685012
vn -0.000000 -0.093821 0.995589
vn -0.000000 -0.010989 0.999940
vn -0.000000 -0.010989 0.999940
vn -0.000000 -0.093821 0.995589
vn -0.725688 -0.064309 0.685012
vn -0.721351 -0.008042 0.692523
vn -0.999903 0.002028 -0.013820
vn -0.999996 0.000800 0.002791
vn -0.721351 -0.008042 0.692523
vn -0.725688 -0.064309 0.685012
vn -0.862939 0.005313 -0.505280
vn -0.738079 0.005567 -0.674691
vn -0.999955 0.000740 -0.009486
vn -0.999996 0.000866 0.002643
vn 0.999955 0.000740 -0.009485
vn 0.738079 0.005567 -0.674691
vn 0.862939 0.005313 -0.505281
vn 0.999996 0.000866 0.002643
vn 0.726023 -0.004195 0.687658
vn 0.999955 0.000740 -0.009485
vn 0.999996 0.000866 0.002643
vn 0.722859 -0.004538 0.690981
vn -0.000000 -0.005389 0.999986
vn 0.726023 -0.004195 0.687658
vn 0.722859 -0.004538 0.690981
vn -0.000000 -0.005801 0.999983
vn -0.726023 -0.004195 0.687657
vn -0.000000 -0.005389 0.999986
vn -0.000000 -0.005801 0.999983
vn -0.722859 -0.004538 0.690980
vn -0.999955 0.000740 -0.009486
vn -0.726023 -0.004195 0.687657
vn -0.722859 -0.004538 0.690980
vn -0.999996 0.000866 0.002643
vn -0.000000 -0.108718 0.994073
vn -0.000000 -0.108718 0.994073
vn -0.000000 -0.108718 0.994073
vn -0.000000 -0.108718 0.994073
vn 0.000000 1.000000 0.000000
vn 0.000000 1.000000 0.000000
vn 0.000000 1.000000 0.000000
vn 0.000000 1.000000 0.000000
vn 0.000000 -0.999998 -0.002240
vn 0.000000 -0.999998 -0.002240
vn 0.000000 -0.999998 -0.002240
vn 0.000000 -0.999998 -0.002240
vn -0.000000 -0.202270 0.979330
vn -0.000000 -0.202270 0.979330
vn -0.000000 -0.202270 0.979330
vn -0.000000 -0.202270 0.979330
vn 0.000000 1.000000 0.000000
vn 0.000000 1.000000 0.000000
vn 0.000000 1.000000 0.000000
vn 0.000000 1.000000 0.000000
vn 0.000000 -1.000000 0.000000
vn 0.000000 -1.000000 0.000000
vn 0.000000 -1.000000 0.000000
vn 0.000000 -1.000000 0.000000
vn -0.000000 -0.014243 0.999899
vn -0.000000 -0.014243 0.999899
vn -0.000000 -0.014243 0.999899
vn -0.000000 -0.014243 0.999899
vn -0.000023 -0.108730 0.994071
vn -0.000023 -0.108730 0.994071
vn -0.000023 -0.108730 0.994071
vn -0.000023 -0.108730 0.994071
vn -0.000142 -0.999999 -0.001120
vn -0.000142 -0.999999 -0.001120
vn -0.000142 -0.999999 -0.001120
vn -0.000142 -0.999999 -0.001120
vn 0.000002 0.108740 -0.994070
vn 0.000002 0.108740 -0.994070
vn 0.000002 0.108740 -0.994070
vn 0.000002 0.108740 -0.994070
vn 0.000000 1.000000 0.000000
vn 0.000000 1.000000 0.000000
vn 0.000000 1.000000 0.000000
vn 0.000000 1.000000 0.000000
vn -0.000000 -0.202270 0.979330
vn -0.000000 -0.202270 0.979330
vn -0.000000 -0.202270 0.979330
vn -0.000000 -0.202270 0.979330
vn 0.000000 -1.000000 0.000000
vn 0.000000 -1.000000 0.000000
vn 0.000000 -1.000000 0.000000
vn 0.000000 -1.000000 0.000000
vn 0.000000 0.200603 -0.979673
vn 0.000000 0.200603 -0.979673
vn 0.000000 0.200603 -0.979673
vn 0.000000 0.200603 -0.979673
vn 0.000000 1.000000 0.000000
vn 0.000000 1.000000 0.000000
vn 0.000000 1.000000 0.000000
vn 0.000000 1.000000 0.000000
vn -0.000000 -0.014243 0.999899
vn -0.000000 -0.014243 0.999899
vn -0.000000 -0.014243 0.999899
vn -0.000000 -0.014243 0.999899
vn 0.000000 0.008083 -0.999967
vn 0.000000 0.008083 -0.999967
vn 0.000000 0.008083 -0.999967
vn 0.000000 0.008083 -0.999967
vn -0.999999 -0.001091 -0.000007
vn -0.999999 -0.001091 -0.000007
vn -0.999999 -0.001091 -0.000007
vn -0.999999 -0.001091 -0.000007
vn 0.000000 1.000000 0.000000
vn 0.000000 1.000000 0.000000
vn 0.000000 1.000000 0.000000
vn 0.000000 1.000000 0.000000
vn -0.000015 0.034057 -0.999420
vn 0.209359 0.033305 -0.977271
vn 0.209359 0.033305 -0.977271
vn 0.000016 0.034057 -0.999420
vn 0.000018 0.079827 -0.996809
vn 0.212299 0.077997 -0.974087
vn 0.212299 0.077997 -0.974087
vn -0.000018 0.079827 -0.996809
vn -0.211340 0.078035 -0.974293
vn 0.000018 0.079827 -0.996809
vn -0.000018 0.079827 -0.996809
vn -0.211340 0.078035 -0.974293
vn -0.213920 0.033265 -0.976285
vn -0.000015 0.034057 -0.999420
vn 0.000016 0.034057 -0.999420
vn -0.213920 0.033265 -0.976285
vn 0.000832 -0.999997 -0.002418
vn 0.000832 -0.999997 -0.002418
vn 0.000832 -0.999997 -0.002418
vn 0.000832 -0.999997 -0.002418
vn -0.000835 -0.999997 -0.002413
vn -0.000835 -0.999997 -0.002413
vn -0.000835 -0.999997 -0.002413
vn -0.000835 -0.999997 -0.002413
vn 0.000051 1.000000 0.000142
vn 0.000051 1.000000 0.000142
vn 0.000051 1.000000 0.000142
vn 0.000051 1.000000 0.000142
vn -0.000051 1.000000 0.000142
vn -0.000051 1.000000 0.000142
vn -0.000051 1.000000 0.000142
vn -0.000051 1.000000 0.000142
vn -0.000588 -0.999998 -0.001975
vn -0.000588 -0.999998 -0.001975
vn -0.000588 -0.999998 -0.001975
vn -0.000588 -0.999998 -0.001975
vn 0.000580 -0.999998 -0.001961
vn 0.000580 -0.999998 -0.001961
vn 0.000580 -0.999998 -0.001961
vn 0.000580 -0.999998 -0.001961
vn 0.000321 1.000000 -0.000876
vn 0.000321 1.000000 -0.000876
vn 0.000321 1.000000 -0.000876
vn 0.000321 1.000000 -0.000876
vn -0.000317 1.000000 -0.000883
vn -0.000317 1.000000 -0.000883
vn -0.000317 1.000000 -0.000883
vn -0.000317 1.000000 -0.000883
vn 0.000000 -0.999916 -0.012952
vn 0.000000 -0.999916 -0.012952
vn 0.000000 -0.999916 -0.012952
vn 0.000000 -0.999916 -0.012952
vn 0.000125 -0.999917 -0.012898
vn 0.000125 -0.999917 -0.012898
vn 0.000125 -0.999917 -0.012898
vn 0.000125 -0.999917 -0.012898
vn -0.000125 -0.999917 -0.012898
vn -0.000125 -0.999917 -0.012898
vn -0.000125 -0.999917 -0.012898
vn -0.000125 -0.999917 -0.012898
vn -0.841441 0.127710 -0.525040
vn -0.999963 -0.000865 0.008555
vn -0.989282 0.145630 0.010596
vn -0.687204 0.310819 -0.656614
vn -0.999963 -0.000865 0.008555
vn -0.702937 -0.163071 0.692306
vn -0.716320 -0.059529 0.695228
vn -0.989282 0.145630 0.010596
vn -0.311568 0.950219 0.002977
vn -0.438177 0.855531 0.275804
vn -0.000000 0.951764 0.306830
vn -0.000003 0.992449 -0.122655
vn -0.438177 0.855531 0.275804
vn -0.311562 0.773045 0.552567
vn -0.000000 0.733945 0.679209
vn -0.000000 0.951764 0.306830
vn -0.000003 0.992449 -0.122655
vn -0.000000 0.951764 0.306830
vn 0.438179 0.855530 0.275803
vn 0.311568 0.950219 0.002975
vn -0.000000 0.951764 0.306830
vn -0.000000 0.733945 0.679209
vn 0.311562 0.773045 0.552568
vn 0.438179 0.855530 0.275803
vn 0.687204 0.310819 -0.656614
vn 0.989282 0.145630 0.010596
vn 0.999963 -0.000865 0.008554
vn 0.841441 0.127710 -0.525040
vn 0.989282 0.145630 0.010596
vn 0.716320 -0.059529 0.695228
vn 0.702938 -0.163072 0.692305
vn 0.999963 -0.000865 0.008554
vn 0.733753 -0.153104 -0.661941
vn 0.997358 -0.067424 0.027031
vn 0.000000 -1.000000 -0.000935
vn 0.000000 -0.194512 -0.980900
vn 0.997358 -0.067424 0.027031
vn 0.709886 0.013847 0.704180
vn -0.000000 0.047708 0.998861
vn 0.000000 -1.000000 -0.000935
vn 0.000000 -0.194512 -0.980900
vn 0.000000 -1.000000 -0.000935
vn -0.997358 -0.067424 0.027030
vn -0.733752 -0.153104 -0.661942
vn 0.000000 -1.000000 -0.000935
vn -0.000000 0.047708 0.998861
vn -0.709886 0.013848 0.704180
vn -0.997358 -0.067424 0.027030
vn -0.000000 -0.235494 0.971876
vn 0.702938 -0.163072 0.692305
vn 0.716320 -0.059529 0.695228
vn -0.000000 -0.164657 0.986351
vn -0.702937 -0.163071 0.692306
vn -0.000000 -0.235494 0.971876
vn -0.000000 -0.164657 0.986351
vn -0.716320 -0.059529 0.695228
vn 0.841441 0.127710 -0.525040
vn 0.000000 0.261599 -0.965177
vn 0.000000 0.367847 -0.929886
vn 0.687204 0.310819 -0.656614
vn 0.000000 0.261599 -0.965177
vn -0.841441 0.127710 -0.525040
vn -0.687204 0.310819 -0.656614
vn 0.000000 0.367847 -0.929886
vn 0.997344 -0.023352 -0.068992
vn 0.997379 0.006397 0.072064
vn 0.998898 -0.008778 -0.046101
vn 0.785881 -0.228867 -0.574466
vn -0.785881 -0.228867 -0.574466
vn -0.998898 -0.008778 -0.046102
vn -0.997380 0.006397 0.072063
vn -0.997344 -0.023350 -0.068992
vn -0.998898 -0.008778 -0.046102
vn -0.736315 0.083926 0.671414
vn -0.723372 0.093661 0.684077
vn -0.997380 0.006397 0.072063
vn -0.736315 0.083926 0.671414
vn -0.000000 0.123915 0.992293
vn -0.000000 0.135651 0.990757
vn -0.723372 0.093661 0.684077
vn -0.000000 0.123915 0.992293
vn 0.736315 0.083926 0.671414
vn 0.723372 0.093661 0.684077
vn -0.000000 0.135651 0.990757
vn 0.997379 0.006397 0.072064
vn 0.723372 0.093661 0.684077
vn 0.736315 0.083926 0.671414
vn 0.998898 -0.008778 -0.046101
vn 0.999809 -0.002272 0.019422
vn 0.706691 -0.073082 0.703737
vn 0.725688 -0.064309 0.685012
vn 0.999903 0.002028 -0.013819
vn 0.936432 0.036437 -0.348952
vn 0.999809 -0.002272 0.019422
vn 0.999903 0.002028 -0.013819
vn 0.937044 0.033124 -0.347636
vn 0.000001 0.108717 -0.994073
vn 0.000000 0.108717 -0.994073
vn 0.000000 0.108717 -0.994073
vn 0.000001 0.108717 -0.994073
vn 0.000000 0.108717 -0.994073
vn -0.000001 0.108717 -0.994073
vn -0.000001 0.108717 -0.994073
vn 0.000000 0.108717 -0.994073
vn -0.937045 0.033124 -0.347634
vn -0.999903 0.002028 -0.013819
vn -0.999809 -0.002272 0.019423
vn -0.936433 0.036437 -0.348950
vn -0.999903 0.002028 -0.013819
vn -0.725688 -0.064309 0.685012
vn -0.706691 -0.073082 0.703738
vn -0.999809 -0.002272 0.019423
vn -0.725688 -0.064309 0.685012
vn -0.000000 -0.093821 0.995589
vn -0.000000 -0.102827 0.994699
vn -0.706691 -0.073082 0.703738
vn -0.000000 -0.093821 0.995589
vn 0.725688 -0.064309 0.685012
vn 0.706691 -0.073082 0.703737
vn -0.000000 -0.102827 0.994699
vn 0.785881 -0.228867 -0.574466
vn 0.998898 -0.008778 -0.046101
vn 0.997358 -0.067424 0.027031
vn 0.733753 -0.153104 -0.661941
vn 0.000000 -0.342552 -0.939499
vn 0.785881 -0.228867 -0.574466
vn 0.733753 -0.153104 -0.661941
vn 0.000000 -0.194512 -0.980900
vn -0.785881 -0.228867 -0.574466
vn 0.000000 -0.342552 -0.939499
vn 0.000000 -0.194512 -0.980900
vn -0.733752 -0.153104 -0.661942
vn -0.998898 -0.008778 -0.046102
vn -0.785881 -0.228867 -0.574466
vn -0.733752 -0.153104 -0.661942
vn -0.997358 -0.067424 0.027030
vn -0.736315 0.083926 0.671414
vn -0.998898 -0.008778 -0.046102
vn -0.997358 -0.067424 0.027030
vn -0.709886 0.013848 0.704180
vn -0.000000 0.123915 0.992293
vn -0.736315 0.083926 0.671414
vn -0.709886 0.013848 0.704180
vn -0.000000 0.047708 0.998861
vn 0.736315 0.083926 0.671414
vn -0.000000 0.123915 0.992293
vn -0.000000 0.047708 0.998861
vn 0.709886 0.013847 0.704180
vn 0.998898 -0.008778 -0.046101
vn 0.736315 0.083926 0.671414
vn 0.709886 0.013847 0.704180
vn 0.997358 -0.067424 0.027031
vn 0.981715 0.168875 -0.087846
vn 0.999007 0.040385 0.018840
vn 0.997379 0.006397 0.072064
vn 0.997344 -0.023352 -0.068992
vn 0.999007 0.040385 0.018840
vn 0.738716 0.068902 0.670486
vn 0.723372 0.093661 0.684077
vn 0.997379 0.006397 0.072064
vn -0.000000 0.135651 0.990757
vn 0.723372 0.093661 0.684077
vn 0.738716 0.068902 0.670486
vn -0.000000 0.103487 0.994631
vn -0.723372 0.093661 0.684077
vn -0.000000 0.135651 0.990757
vn -0.000000 0.103487 0.994631
vn -0.738716 0.068902 0.670486
vn -0.997380 0.006397 0.072063
vn -0.723372 0.093661 0.684077
vn -0.738716 0.068902 0.670486
vn -0.999007 0.040385 0.018840
vn -0.997344 -0.023350 -0.068992
vn -0.997380 0.006397 0.072063
vn -0.999007 0.040385 0.018840
vn -0.981715 0.168875 -0.087846
vn 0.981715 0.168875 -0.087846
vn 0.997344 -0.023352 -0.068992
vn 0.999995 -0.003083 0.000000
vn 0.938941 0.344079 0.000000
vn -0.000000 1.000000 0.000106
vn -0.000620 1.000000 0.000106
vn -0.000620 1.000000 0.000106
vn -0.000000 1.000000 0.000106
vn 0.000620 1.000000 0.000106
vn -0.000000 1.000000 0.000106
vn -0.000000 1.000000 0.000106
vn 0.000620 1.000000 0.000106
vn 0.785881 -0.228867 -0.574466
vn 0.000000 -0.342552 -0.939499
vn 0.000000 -1.000000 0.000000
vn 0.713929 -0.700218 0.000000
vn -0.785881 -0.228867 -0.574466
vn -0.997344 -0.023350 -0.068992
vn -0.999995 -0.003079 -0.000000
vn -0.713929 -0.700218 -0.000000
vn 0.000000 -0.342552 -0.939499
vn -0.785881 -0.228867 -0.574466
vn -0.713929 -0.700218 -0.000000
vn 0.000000 -1.000000 0.000000
vn 0.997344 -0.023352 -0.068992
vn 0.785881 -0.228867 -0.574466
vn 0.713929 -0.700218 0.000000
vn 0.999995 -0.003083 0.000000
vn -0.997344 -0.023350 -0.068992
vn -0.981715 0.168875 -0.087846
vn -0.938846 0.344336 -0.000000
vn -0.999995 -0.003079 -0.000000
vn 0.853687 0.501357 -0.140924
vn 0.999597 0.026698 -0.009614
vn 0.996808 0.063910 -0.047839
vn 0.644364 0.611475 -0.459232
vn 0.000000 0.937369 -0.348337
vn 0.853687 0.501357 -0.140924
vn 0.644364 0.611475 -0.459232
vn 0.000000 0.799404 -0.600794
vn -0.853687 0.501357 -0.140923
vn 0.000000 0.937369 -0.348337
vn 0.000000 0.799404 -0.600794
vn -0.644364 0.611475 -0.459232
vn 0.735611 -0.675610 0.049272
vn -0.000000 -0.996920 0.078428
vn -0.000000 -0.787015 0.616934
vn 0.789919 -0.484496 0.375888
vn -0.735611 -0.675609 0.049273
vn -0.999597 0.026699 -0.009613
vn -0.996808 0.063910 -0.047840
vn -0.789920 -0.484496 0.375886
vn -0.000000 -0.996920 0.078428
vn -0.735611 -0.675609 0.049273
vn -0.789920 -0.484496 0.375886
vn -0.000000 -0.787015 0.616934
vn 0.999597 0.026698 -0.009614
vn 0.735611 -0.675610 0.049272
vn 0.789919 -0.484496 0.375888
vn 0.996808 0.063910 -0.047839
vn -0.999597 0.026699 -0.009613
vn -0.853687 0.501357 -0.140923
vn -0.644364 0.611475 -0.459232
vn -0.996808 0.063910 -0.047840
vn 0.644364 0.611475 -0.459232
vn 0.996808 0.063910 -0.047839
vn 0.998655 0.028898 -0.043039
vn 0.674609 0.338700 -0.655885
vn 0.000000 0.799404 -0.600794
vn 0.644364 0.611475 -0.459232
vn 0.674609 0.338700 -0.655885
vn 0.000000 0.450369 -0.892843
vn -0.644364 0.611475 -0.459232
vn 0.000000 0.799404 -0.600794
vn 0.000000 0.450369 -0.892843
vn -0.674609 0.338700 -0.655886
vn 0.789919 -0.484496 0.375888
vn -0.000000 -0.787015 0.616934
vn -0.000000 -0.426019 0.904714
vn 0.759575 -0.272570 0.590552
vn -0.789920 -0.484496 0.375886
vn -0.996808 0.063910 -0.047840
vn -0.998655 0.028898 -0.043041
vn -0.759576 -0.272571 0.590550
vn -0.000000 -0.787015 0.616934
vn -0.789920 -0.484496 0.375886
vn -0.759576 -0.272571 0.590550
vn -0.000000 -0.426019 0.904714
vn 0.996808 0.063910 -0.047839
vn 0.789919 -0.484496 0.375888
vn 0.759575 -0.272570 0.590552
vn 0.998655 0.028898 -0.043039
vn -0.996808 0.063910 -0.047840
vn -0.644364 0.611475 -0.459232
vn -0.674609 0.338700 -0.655886
vn -0.998655 0.028898 -0.043041
vn 0.674609 0.338700 -0.655885
vn 0.998655 0.028898 -0.043039
vn 0.999717 0.000972 -0.023775
vn 0.706146 0.025583 -0.707604
vn 0.000000 0.450369 -0.892843
vn 0.674609 0.338700 -0.655885
vn 0.706146 0.025583 -0.707604
vn 0.000000 0.036251 -0.999343
vn -0.674609 0.338700 -0.655886
vn 0.000000 0.450369 -0.892843
vn 0.000000 0.036251 -0.999343
vn -0.706145 0.025583 -0.707605
vn 0.759575 -0.272570 0.590552
vn -0.000000 -0.426019 0.904714
vn -0.000000 -0.032144 0.999483
vn 0.730780 -0.022301 0.682249
vn -0.759576 -0.272571 0.590550
vn -0.998655 0.028898 -0.043041
vn -0.999717 0.000972 -0.023776
vn -0.730780 -0.022301 0.682249
vn -0.000000 -0.426019 0.904714
vn -0.759576 -0.272571 0.590550
vn -0.730780 -0.022301 0.682249
vn -0.000000 -0.032144 0.999483
vn 0.998655 0.028898 -0.043039
vn 0.759575 -0.272570 0.590552
vn 0.730780 -0.022301 0.682249
vn 0.999717 0.000972 -0.023775
vn -0.998655 0.028898 -0.043041
vn -0.674609 0.338700 -0.655886
vn -0.706145 0.025583 -0.707605
vn -0.999717 0.000972 -0.023776
vn 0.706146 0.025583 -0.707604
vn 0.999717 0.000972 -0.023775
vn 1.000000 0.000000 -0.000610
vn 0.728276 0.000000 -0.685284
vn 0.000000 0.036251 -0.999343
vn 0.706146 0.025583 -0.707604
vn 0.728276 0.000000 -0.685284
vn 0.000000 0.000000 -1.000000
vn -0.706145 0.025583 -0.707605
vn 0.000000 0.036251 -0.999343
vn 0.000000 0.000000 -1.000000
vn -0.728275 0.000000 -0.685285
vn 0.730780 -0.022301 0.682249
vn -0.000000 -0.032144 0.999483
vn -0.000000 0.000000 1.000000
vn 0.708111 0.000000 0.706102
vn -0.730780 -0.022301 0.682249
vn -0.999717 0.000972 -0.023776
vn -1.000000 0.000000 -0.000611
vn -0.708110 0.000000 0.706102
vn -0.000000 -0.032144 0.999483
vn -0.730780 -0.022301 0.682249
vn -0.708110 0.000000 0.706102
vn -0.000000 0.000000 1.000000
vn 0.999717 0.000972 -0.023775
vn 0.730780 -0.022301 0.682249
vn 0.708111 0.000000 0.706102
vn 1.000000 0.000000 -0.000610
vn -0.999717 0.000972 -0.023776
vn -0.706145 0.025583 -0.707605
vn -0.728275 0.000000 -0.685285
vn -1.000000 0.000000 -0.000611
vn 1.000000 0.000000 0.000000
vn 1.000000 0.000000 0.000000
vn 1.000000 0.000000 0.000000
vn 1.000000 0.000000 0.000000
vn 0.003594 0.000000 -0.999994
vn 0.003594 0.000000 -0.999994
vn 0.003594 0.000000 -0.999994
vn 0.003594 0.000000 -0.999994
vn -0.003594 0.000000 -0.999994
vn -0.003594 0.000000 -0.999994
vn -0.003594 0.000000 -0.999994
vn -0.003594 0.000000 -0.999994
vn 0.000000 -1.000000 0.000000
vn 0.000000 -1.000000 0.000000
vn 0.000000 -1.000000 0.000000
vn 0.000000 -1.000000 0.000000
vn 0.000000 0.000000 -1.000000
vn 0.000000 0.000000 -1.000000
vn 0.000000 0.000000 -1.000000
vn 0.000000 0.000000 -1.000000
vn -0.713929 -0.700218 -0.000000
vn -0.999995 -0.003079 -0.000000
vn -1.000000 0.000887 -0.000000
vn -0.711254 -0.702935 -0.000000
vn 0.000000 -1.000000 0.000000
vn -0.713929 -0.700218 -0.000000
vn -0.711254 -0.702935 -0.000000
vn 0.000000 -1.000000 0.000000
vn 0.713929 -0.700218 0.000000
vn 0.000000 -1.000000 0.000000
vn 0.000000 -1.000000 0.000000
vn 0.711254 -0.702935 0.000000
vn 0.999995 -0.003083 0.000000
vn 0.713929 -0.700218 0.000000
vn 0.711254 -0.702935 0.000000
vn 1.000000 0.000885 0.000000
vn 0.938941 0.344079 0.000000
vn 0.999995 -0.003083 0.000000
vn 1.000000 0.000885 0.000000
vn 0.936481 0.350717 0.000000
vn -0.999995 -0.003079 -0.000000
vn -0.938846 0.344336 -0.000000
vn -0.936383 0.350980 -0.000000
vn -1.000000 0.000887 -0.000000
vn -0.711254 -0.702935 -0.000000
vn -1.000000 0.000887 -0.000000
vn -1.000000 0.000184 -0.000000
vn -0.711265 -0.702924 -0.000000
vn 0.000000 -1.000000 0.000000
vn -0.711254 -0.702935 -0.000000
vn -0.711265 -0.702924 -0.000000
vn 0.000000 -1.000000 0.000000
vn 0.711254 -0.702935 0.000000
vn 0.000000 -1.000000 0.000000
vn 0.000000 -1.000000 0.000000
vn 0.711265 -0.702924 0.000000
vn 1.000000 0.000885 0.000000
vn 0.711254 -0.702935 0.000000
vn 0.711265 -0.702924 0.000000
vn 1.000000 0.000175 0.000000
vn 0.936481 0.350717 0.000000
vn 1.000000 0.000885 0.000000
vn 1.000000 0.000175 0.000000
vn 0.932493 0.361189 0.000000
vn 1.000000 0.000000 0.000000
vn 1.000000 0.000000 0.000000
vn 1.000000 0.000000 0.000000
vn 1.000000 0.000000 0.000000
vn 0.000000 1.000000 0.000000
vn -0.001210 0.999999 -0.000000
vn -0.001210 0.999999 -0.000000
vn 0.000000 1.000000 0.000000
vn 0.001210 0.999999 0.000000
vn 0.000000 1.000000 0.000000
vn 0.000000 1.000000 0.000000
vn 0.001210 0.999999 0.000000
vn 0.000000 -1.000000 0.000000
vn 0.000000 -1.000000 0.000000
vn 0.000000 -1.000000 0.000000
vn 0.000000 -1.000000 0.000000
vn -1.000000 0.000887 -0.000000
vn -0.936383 0.350980 -0.000000
vn -0.931421 0.363945 -0.000000
vn -1.000000 0.000184 -0.000000
vn -0.711265 -0.702924 -0.000000
vn -1.000000 0.000184 -0.000000
vn -1.000000 -0.000088 -0.000000
vn -0.711305 -0.702884 -0.000000
vn 0.000000 -1.000000 0.000000
vn -0.711265 -0.702924 -0.000000
vn -0.711305 -0.702884 -0.000000
vn 0.000000 -1.000000 0.000000
vn 0.711265 -0.702924 0.000000
vn 0.000000 -1.000000 0.000000
vn 0.000000 -1.000000 0.000000
vn 0.711305 -0.702884 0.000000
vn 1.000000 0.000175 0.000000
vn 0.711265 -0.702924 0.000000
vn 0.711305 -0.702884 0.000000
vn 1.000000 -0.000095 0.000000
vn 0.932493 0.361189 0.000000
vn 1.000000 0.000175 0.000000
vn 1.000000 -0.000095 0.000000
vn 0.934707 0.355419 0.000000
vn -1.000000 0.000184 -0.000000
vn -0.931421 0.363945 -0.000000
vn -0.933686 0.358092 -0.000000
vn -1.000000 -0.000088 -0.000000
vn -0.711305 -0.702884 -0.000000
vn -1.000000 -0.000088 -0.000000
vn -1.000000 -0.000021 -0.000000
vn -0.711281 -0.702908 -0.000000
vn 0.000000 -1.000000 0.000000
vn -0.711305 -0.702884 -0.000000
vn -0.711281 -0.702908 -0.000000
vn 0.000000 -1.000000 0.000000
vn 0.711305 -0.702884 0.000000
vn 0.000000 -1.000000 0.000000
vn 0.000000 -1.000000 0.000000
vn 0.711281 -0.702908 0.000000
vn 1.000000 -0.000095 0.000000
vn 0.711305 -0.702884 0.000000
vn 0.711281 -0.702908 0.000000
vn 1.000000 -0.000023 0.000000
vn 0.934707 0.355419 0.000000
vn 1.000000 -0.000095 0.000000
vn 1.000000 -0.000023 0.000000
vn 0.941806 0.336158 0.000000
vn 1.000000 0.000000 0.000000
vn 1.000000 0.000000 0.000000
vn 1.000000 0.000000 0.000000
vn 1.000000 0.000000 0.000000
vn 0.000000 1.000000 0.000000
vn -0.001210 0.999999 -0.000000
vn -0.001210 0.999999 -0.000000
vn 0.000000 1.000000 0.000000
vn 0.001210 0.999999 0.000000
vn 0.000000 1.000000 0.000000
vn 0.000000 1.000000 0.000000
vn 0.001210 0.999999 0.000000
vn 0.000000 -1.000000 0.000000
vn 0.000000 -1.000000 0.000000
vn 0.000000 -1.000000 0.000000
vn 0.000000 -1.000000 0.000000
vn -1.000000 -0.000088 -0.000000
vn -0.933686 0.358092 -0.000000
vn -0.941696 0.336465 -0.000000
vn -1.000000 -0.000021 -0.000000
vn -0.711281 -0.702908 -0.000000
vn -1.000000 -0.000021 -0.000000
vn -1.000000 0.000018 -0.000000
vn -0.711230 -0.702959 -0.000000
vn 0.000000 -1.000000 0.000000
vn -0.711281 -0.702908 -0.000000
vn -0.711230 -0.702959 -0.000000
vn 0.000000 -1.000000 0.000000
vn 0.711281 -0.702908 0.000000
vn 0.000000 -1.000000 0.000000
vn 0.000000 -1.000000 0.000000
vn 0.711230 -0.702959 0.000000
vn 1.000000 -0.000023 0.000000
vn 0.711281 -0.702908 0.000000
vn 0.711230 -0.702959 0.000000
vn 1.000000 0.000018 0.000000
vn 0.941806 0.336158 0.000000
vn 1.000000 -0.000023 0.000000
vn 1.000000 0.000018 0.000000
vn 0.941910 0.335866 0.000000
vn -1.000000 -0.000021 -0.000000
vn -0.941696 0.336465 -0.000000
vn -0.941798 0.336180 -0.000000
vn -1.000000 0.000018 -0.000000
vn -0.711230 -0.702959 -0.000000
vn -1.000000 0.000018 -0.000000
vn -0.999597 0.026699 -0.009613
vn -0.735611 -0.675609 0.049273
vn 0.000000 -1.000000 0.000000
vn -0.711230 -0.702959 -0.000000
vn -0.735611 -0.675609 0.049273
vn -0.000000 -0.996920 0.078428
vn 0.711230 -0.702959 0.000000
vn 0.000000 -1.000000 0.000000
vn -0.000000 -0.996920 0.078428
vn 0.735611 -0.675610 0.049272
vn 1.000000 0.000018 0.000000
vn 0.711230 -0.702959 0.000000
vn 0.735611 -0.675610 0.049272
vn 0.999597 0.026698 -0.009614
vn 0.941910 0.335866 0.000000
vn 1.000000 0.000018 0.000000
vn 0.999597 0.026698 -0.009614
vn 0.853687 0.501357 -0.140924
vn 1.000000 0.000000 0.000000
vn 1.000000 0.000000 0.000000
vn 1.000000 0.000000 0.000000
vn 1.000000 0.000000 0.000000
vn 0.000000 1.000000 0.000000
vn -0.001210 0.999999 -0.000000
vn -0.001210 0.999999 -0.000000
vn 0.000000 1.000000 0.000000
vn 0.001210 0.999999 0.000000
vn 0.000000 1.000000 0.000000
vn 0.000000 1.000000 0.000000
vn 0.001210 0.999999 0.000000
vn 0.000000 -1.000000 0.000000
vn 0.000000 -1.000000 0.000000
vn 0.000000 -1.000000 0.000000
vn 0.000000 -1.000000 0.000000
vn -1.000000 0.000018 -0.000000
vn -0.941798 0.336180 -0.000000
vn -0.853687 0.501357 -0.140923
vn -0.999597 0.026699 -0.009613
vn 0.000000 -1.000000 0.000000
vn 0.000000 -1.000000 0.000000
vn 0.000000 -1.000000 0.000000
vn 0.000000 -1.000000 0.000000
vn -0.000339 -0.001115 -0.999999
vn -0.000339 -0.001115 -0.999999
vn -0.000339 -0.001115 -0.999999
vn -0.000339 -0.001115 -0.999999
vn -0.000221 1.000000 0.000132
vn -0.000221 1.000000 0.000132
vn -0.000221 1.000000 0.000132
vn -0.000221 1.000000 0.000132
vn 0.003035 -0.012754 0.999914
vn 0.003035 -0.012754 0.999914
vn 0.003035 -0.012754 0.999914
vn 0.003035 -0.012754 0.999914
vn 0.001608 0.005288 0.999985
vn 0.001608 0.005288 0.999985
vn 0.001608 0.005288 0.999985
vn 0.001608 0.005288 0.999985
vn 0.000000 -1.000000 0.000000
vn 0.000000 -1.000000 0.000000
vn 0.000000 -1.000000 0.000000
vn 0.000000 -1.000000 0.000000
vn -0.005404 -0.017767 -0.999828
vn -0.005404 -0.017767 -0.999828
vn -0.005404 -0.017767 -0.999828
vn -0.005404 -0.017767 -0.999828
vn 0.000000 1.000000 0.000000
vn 0.000000 1.000000 0.000000
vn 0.000000 1.000000 0.000000
vn 0.000000 1.000000 0.000000
vn 0.002570 -0.011568 0.999930
vn 0.002570 -0.011568 0.999930
vn 0.002570 -0.011568 0.999930
vn 0.002570 -0.011568 0.999930
vn 0.000000 -1.000000 0.000000
vn 0.000000 -1.000000 0.000000
vn 0.000000 -1.000000 0.000000
vn 0.000000 -1.000000 0.000000
vn -0.000727 -0.002390 -0.999997
vn -0.000727 -0.002390 -0.999997
vn -0.000727 -0.002390 -0.999997
vn -0.000727 -0.002390 -0.999997
vn 0.000000 1.000000 0.000000
vn 0.000000 1.000000 0.000000
vn 0.000000 1.000000 0.000000
vn 0.000000 1.000000 0.000000
vn -0.001407 -0.004625 0.999988
vn -0.001407 -0.004625 0.999988
vn -0.001407 -0.004625 0.999988
vn -0.001407 -0.004625 0.999988
vn 0.000000 -1.000000 0.000000
vn 0.000000 -1.000000 0.000000
vn 0.000000 -1.000000 0.000000
vn 0.000000 -1.000000 0.000000
vn 0.000000 0.000000 -1.000000
vn 0.000000 0.000000 -1.000000
vn 0.000000 0.000000 -1.000000
vn 0.000000 0.000000 -1.000000
vn 0.000000 1.000000 0.000000
vn 0.000000 1.000000 0.000000
vn 0.000000 1.000000 0.000000
vn 0.000000 1.000000 0.000000
vn -0.000000 -0.009246 0.999957
vn -0.000000 -0.009246 0.999957
vn -0.000000 -0.009246 0.999957
vn -0.000000 -0.009246 0.999957
vn 0.000000 -0.004775 -0.999989
vn 0.000000 -0.004775 -0.999989
vn 0.000000 -0.004775 -0.999989
vn 0.000000 -0.004775 -0.999989
vn -0.000000 -0.002885 0.999996
vn -0.000000 -0.002885 0.999996
vn -0.000000 -0.002885 0.999996
vn -0.000000 -0.002885 0.999996
vn -0.000000 0.010569 0.999944
vn -0.000000 0.010569 0.999944
vn -0.000000 0.010569 0.999944
vn -0.000000 0.010569 0.999944
vn 0.000000 -0.002163 -0.999998
vn 0.000000 -0.002163 -0.999998
vn 0.000000 -0.002163 -0.999998
vn 0.000000 -0.002163 -0.999998
vn 0.941806 0.336158 0.000000
vn 0.941910 0.335866 0.000000
vn 0.000003 1.000000 0.000000
vn 0.000000 1.000000 0.000000
vn 0.000000 1.000000 0.000000
vn 0.000003 1.000000 0.000000
vn -0.941798 0.336180 -0.000000
vn -0.941696 0.336465 -0.000000
vn -0.010684 0.005745 0.999927
vn -0.010684 0.005745 0.999927
vn -0.010684 0.005745 0.999927
vn -0.010684 0.005745 0.999927
vn 0.010702 0.005768 0.999926
vn 0.010702 0.005768 0.999926
vn 0.010702 0.005768 0.999926
vn 0.010702 0.005768 0.999926
vn -0.007134 -0.014743 -0.999866
vn -0.007134 -0.014743 -0.999866
vn -0.007134 -0.014743 -0.999866
vn -0.007134 -0.014743 -0.999866
vn 0.007125 -0.014724 -0.999866
vn 0.007125 -0.014724 -0.999866
vn 0.007125 -0.014724 -0.999866
vn 0.007125 -0.014724 -0.999866
vn 0.000034 1.000000 0.000000
vn 0.000025 1.000000 0.000000
vn 0.932493 0.361189 0.000000
vn 0.934707 0.355419 0.000000
vn -0.933686 0.358092 -0.000000
vn -0.931421 0.363945 -0.000000
vn 0.000025 1.000000 0.000000
vn 0.000034 1.000000 0.000000
vn 0.000000 -0.035252 -0.999379
vn 0.000000 -0.035252 -0.999379
vn 0.000000 -0.035252 -0.999379
vn 0.000000 -0.035252 -0.999379
vn 0.012956 0.014040 0.999818
vn 0.012956 0.014040 0.999818
vn 0.012956 0.014040 0.999818
vn 0.012956 0.014040 0.999818
vn -0.012740 0.013956 0.999821
vn -0.012740 0.013956 0.999821
vn -0.012740 0.013956 0.999821
vn -0.012740 0.013956 0.999821
vn 0.000498 -0.028392 -0.999597
vn 0.000498 -0.028392 -0.999597
vn 0.000498 -0.028392 -0.999597
vn 0.000498 -0.028392 -0.999597
vn -0.000409 -0.028253 -0.999601
vn -0.000409 -0.028253 -0.999601
vn -0.000409 -0.028253 -0.999601
vn -0.000409 -0.028253 -0.999601
vn 0.000002 1.000000 0.000000
vn 0.000004 1.000000 0.000000
vn 0.938941 0.344079 0.000000
vn 0.936481 0.350717 0.000000
vn -0.936383 0.350980 -0.000000
vn -0.938846 0.344336 -0.000000
vn 0.000004 1.000000 0.000000
vn 0.000002 1.000000 0.000000
vn -0.000043 0.012872 0.999917
vn -0.000043 0.012872 0.999917
vn -0.000043 0.012872 0.999917
vn -0.000043 0.012872 0.999917
vn 0.000042 0.012869 0.999917
vn 0.000042 0.012869 0.999917
vn 0.000042 0.012869 0.999917
vn 0.000042 0.012869 0.999917
vn -0.001292 -0.003160 -0.999994
vn -0.001292 -0.003160 -0.999994
vn -0.001292 -0.003160 -0.999994
vn -0.001292 -0.003160 -0.999994
vn 0.001311 -0.003122 -0.999994
vn 0.001311 -0.003122 -0.999994
vn 0.001311 -0.003122 -0.999994
vn 0.001311 -0.003122 -0.999994
vn 0.841441 0.127710 -0.525040
vn 0.999963 -0.000865 0.008554
vn 0.999199 -0.006338 -0.039512
vn 0.931569 0.056392 -0.359164
vn 0.000241 0.200604 -0.979672
vn 0.000000 0.200604 -0.979672
vn 0.000000 0.200604 -0.979672
vn 0.000241 0.200604 -0.979672
vn 0.000000 0.200604 -0.979672
vn -0.000241 0.200604 -0.979672
vn -0.000241 0.200604 -0.979672
vn 0.000000 0.200604 -0.979672
vn -0.931570 0.056392 -0.359162
vn -0.999199 -0.006338 -0.039510
vn -0.999963 -0.000865 0.008555
vn -0.841441 0.127710 -0.525040
vn -0.999199 -0.006338 -0.039510
vn -0.725185 -0.144231 0.673279
vn -0.702937 -0.163071 0.692306
vn -0.999963 -0.000865 0.008555
vn -0.725185 -0.144231 0.673279
vn -0.000000 -0.200846 0.979623
vn -0.000000 -0.235494 0.971876
vn -0.702937 -0.163071 0.692306
vn -0.000000 -0.200846 0.979623
vn 0.725186 -0.144231 0.673278
vn 0.702938 -0.163072 0.692305
vn -0.000000 -0.235494 0.971876
vn 0.999963 -0.000865 0.008554
vn 0.702938 -0.163072 0.692305
vn 0.725186 -0.144231 0.673278
vn 0.999199 -0.006338 -0.039512
vn -0.687204 0.310819 -0.656614
vn -0.989282 0.145630 0.010596
vn -0.795772 0.576386 0.185813
vn -0.572004 0.754374 -0.322073
vn 0.000000 0.367847 -0.929886
vn -0.687204 0.310819 -0.656614
vn -0.572004 0.754374 -0.322073
vn -0.000001 0.833404 -0.552664
vn -0.989282 0.145630 0.010596
vn -0.716320 -0.059529 0.695228
vn -0.572003 0.424229 0.702027
vn -0.795772 0.576386 0.185813
vn -0.716320 -0.059529 0.695228
vn -0.000000 -0.164657 0.986351
vn -0.000000 0.353701 0.935359
vn -0.572003 0.424229 0.702027
vn 0.989282 0.145630 0.010596
vn 0.687204 0.310819 -0.656614
vn 0.572003 0.754374 -0.322074
vn 0.795772 0.576385 0.185813
vn 0.687204 0.310819 -0.656614
vn 0.000000 0.367847 -0.929886
vn -0.000001 0.833404 -0.552664
vn 0.572003 0.754374 -0.322074
vn -0.000000 -0.164657 0.986351
vn 0.716320 -0.059529 0.695228
vn 0.572004 0.424229 0.702027
vn -0.000000 0.353701 0.935359
vn 0.716320 -0.059529 0.695228
vn 0.989282 0.145630 0.010596
vn 0.795772 0.576385 0.185813
vn 0.572004 0.424229 0.702027
vn -0.572004 0.754374 -0.322073
vn -0.795772 0.576386 0.185813
vn -0.438177 0.855531 0.275804
vn -0.311568 0.950219 0.002977
vn -0.000001 0.833404 -0.552664
vn -0.572004 0.754374 -0.322073
vn -0.311568 0.950219 0.002977
vn -0.000003 0.992449 -0.122655
vn -0.795772 0.576386 0.185813
vn -0.572003 0.424229 0.702027
vn -0.311562 0.773045 0.552567
vn -0.438177 0.855531 0.275804
vn -0.572003 0.424229 0.702027
vn -0.000000 0.353701 0.935359
vn -0.000000 0.733945 0.679209
vn -0.311562 0.773045 0.552567
vn 0.795772 0.576385 0.185813
vn 0.572003 0.754374 -0.322074
vn 0.311568 0.950219 0.002975
vn 0.438179 0.855530 0.275803
vn 0.572003 0.754374 -0.322074
vn -0.000001 0.833404 -0.552664
vn -0.000003 0.992449 -0.122655
vn 0.311568 0.950219 0.002975
vn -0.000000 0.353701 0.935359
vn 0.572004 0.424229 0.702027
vn 0.311562 0.773045 0.552568
vn -0.000000 0.733945 0.679209
vn 0.572004 0.424229 0.702027
vn 0.795772 0.576385 0.185813
vn 0.438179 0.855530 0.275803
vn 0.311562 0.773045 0.552568
vn 0.940240 0.006027 -0.340458
vn 0.999996 0.000800 0.002791
vn 0.999997 0.000784 0.002336
vn 0.862900 0.004260 -0.505356
vn -0.000086 0.008158 -0.999967
vn 0.000000 0.008158 -0.999967
vn 0.000000 0.008158 -0.999967
vn -0.000086 0.008158 -0.999967
vn 0.000000 0.008158 -0.999967
vn 0.000086 0.008158 -0.999967
vn 0.000086 0.008158 -0.999967
vn 0.000000 0.008158 -0.999967
vn -0.862901 0.004260 -0.505356
vn -0.999997 0.000784 0.002337
vn -0.999996 0.000800 0.002791
vn -0.940241 0.006027 -0.340456
vn -0.999997 0.000784 0.002337
vn -0.722830 -0.004074 0.691013
vn -0.721351 -0.008042 0.692523
vn -0.999996 0.000800 0.002791
vn -0.722830 -0.004074 0.691013
vn -0.000000 -0.005208 0.999986
vn -0.000000 -0.010989 0.999940
vn -0.721351 -0.008042 0.692523
vn -0.000000 -0.005208 0.999986
vn 0.722830 -0.004074 0.691014
vn 0.721351 -0.008042 0.692523
vn -0.000000 -0.010989 0.999940
vn 0.999996 0.000800 0.002791
vn 0.721351 -0.008042 0.692523
vn 0.722830 -0.004074 0.691014
vn 0.999997 0.000784 0.002336
vn 0.739005 0.004201 -0.673687
vn 0.000000 0.003644 -0.999993
vn 0.000000 0.003644 -0.999993
vn 0.862900 0.004260 -0.505356
vn 0.000000 0.003644 -0.999993
vn -0.739006 0.004201 -0.673686
vn -0.862901 0.004260 -0.505356
vn 0.000000 0.003644 -0.999993
vn 1.000000 0.000000 0.000000
vn 1.000000 0.000000 0.000000
vn 1.000000 0.000000 0.000000
vn 1.000000 0.000000 0.000000
vn 0.000693 1.000000 0.000000
vn 0.000693 1.000000 0.000000
vn 0.000693 1.000000 0.000000
vn 0.000693 1.000000 0.000000
vn 1.000000 0.000000 0.000000
vn 1.000000 0.000000 0.000000
vn 1.000000 0.000000 0.000000
vn 1.000000 0.000000 0.000000
vn -0.000693 1.000000 -0.000000
vn -0.000693 1.000000 -0.000000
vn -0.000693 1.000000 -0.000000
vn -0.000693 1.000000 -0.000000
vn 0.931569 0.056392 -0.359164
vn 0.999199 -0.006338 -0.039512
vn 0.999809 -0.002272 0.019422
vn 0.936432 0.036437 -0.348952
vn -0.936433 0.036437 -0.348950
vn -0.999809 -0.002272 0.019423
vn -0.999199 -0.006338 -0.039510
vn -0.931570 0.056392 -0.359162
vn -0.999809 -0.002272 0.019423
vn -0.706691 -0.073082 0.703738
vn -0.725185 -0.144231 0.673279
vn -0.999199 -0.006338 -0.039510
vn -0.706691 -0.073082 0.703738
vn -0.000000 -0.102827 0.994699
vn -0.000000 -0.200846 0.979623
vn -0.725185 -0.144231 0.673279
vn -0.000000 -0.102827 0.994699
vn 0.706691 -0.073082 0.703737
vn 0.725186 -0.144231 0.673278
vn -0.000000 -0.200846 0.979623
vn 0.999199 -0.006338 -0.039512
vn 0.725186 -0.144231 0.673278
vn 0.706691 -0.073082 0.703737
vn 0.999809 -0.002272 0.019422
vn 0.937044 0.033124 -0.347636
vn 0.999903 0.002028 -0.013819
vn 0.999996 0.000800 0.002791
vn 0.940240 0.006027 -0.340458
vn -0.940241 0.006027 -0.340456
vn -0.999996 0.000800 0.002791
vn -0.999903 0.002028 -0.013819
vn -0.937045 0.033124 -0.347634
vn -0.999996 0.000800 0.002791
vn -0.721351 -0.008042 0.692523
vn -0.725688 -0.064309 0.685012
vn -0.999903 0.002028 -0.013819
vn -0.721351 -0.008042 0.692523
vn -0.000000 -0.010989 0.999940
vn -0.000000 -0.093821 0.995589
vn -0.725688 -0.064309 0.685012
vn -0.000000 -0.010989 0.999940
vn 0.721351 -0.008042 0.692523
vn 0.725688 -0.064309 0.685012
vn -0.000000 -0.093821 0.995589
vn 0.999903 0.002028 -0.013819
vn 0.725688 -0.064309 0.685012
vn 0.721351 -0.008042 0.692523
vn 0.999996 0.000800 0.002791
vn 0.862900 0.004260 -0.505356
vn 0.999997 0.000784 0.002336
vn 0.999965 0.000697 -0.008300
vn 0.739005 0.004201 -0.673687
vn -0.999965 0.000697 -0.008299
vn -0.999997 0.000784 0.002337
vn -0.862901 0.004260 -0.505356
vn -0.739006 0.004201 -0.673686
vn -0.725101 -0.004197 0.688630
vn -0.722830 -0.004074 0.691013
vn -0.999997 0.000784 0.002337
vn -0.999965 0.000697 -0.008299
vn -0.000000 -0.005379 0.999986
vn -0.000000 -0.005208 0.999986
vn -0.722830 -0.004074 0.691013
vn -0.725101 -0.004197 0.688630
vn 0.725102 -0.004197 0.688629
vn 0.722830 -0.004074 0.691014
vn -0.000000 -0.005208 0.999986
vn -0.000000 -0.005379 0.999986
vn 0.999965 0.000697 -0.008300
vn 0.999997 0.000784 0.002336
vn 0.722830 -0.004074 0.691014
vn 0.725102 -0.004197 0.688629
vn 0.000000 0.108739 -0.994070
vn 0.000000 0.108739 -0.994070
vn 0.000000 0.108739 -0.994070
vn 0.000000 0.108739 -0.994070
vn 0.000000 0.200603 -0.979673
vn 0.000000 0.200603 -0.979673
vn 0.000000 0.200603 -0.979673
vn 0.000000 0.200603 -0.979673
vn 0.000000 0.008084 -0.999967
vn 0.000000 0.008084 -0.999967
vn 0.000000 0.008084 -0.999967
vn 0.000000 0.008084 -0.999967
vn 0.000023 -0.108730 0.994071
vn 0.000023 -0.108730 0.994071
vn 0.000023 -0.108730 0.994071
vn 0.000023 -0.108730 0.994071
vn 0.000142 -0.999999 -0.001120
vn 0.000142 -0.999999 -0.001120
vn 0.000142 -0.999999 -0.001120
vn 0.000142 -0.999999 -0.001120
vn -0.000002 0.108740 -0.994070
vn -0.000002 0.108740 -0.994070
vn -0.000002 0.108740 -0.994070
vn -0.000002 0.108740 -0.994070
vn 0.000000 1.000000 0.000000
vn 0.000000 1.000000 0.000000
vn 0.000000 1.000000 0.000000
vn 0.000000 1.000000 0.000000
vn -0.000000 -0.202270 0.979330
vn -0.000000 -0.202270 0.979330
vn -0.000000 -0.202270 0.979330
vn -0.000000 -0.202270 0.979330
vn 0.000000 -1.000000 0.000000
vn 0.000000 -1.000000 0.000000
vn 0.000000 -1.000000 0.000000
vn 0.000000 -1.000000 0.000000
vn 0.000000 0.200603 -0.979673
vn 0.000000 0.200603 -0.979673
vn 0.000000 0.200603 -0.979673
vn 0.000000 0.200603 -0.979673
vn 0.000000 1.000000 0.000000
vn 0.000000 1.000000 0.000000
vn 0.000000 1.000000 0.000000
vn 0.000000 1.000000 0.000000
vn -0.000000 -0.014243 0.999899
vn -0.000000 -0.014243 0.999899
vn -0.000000 -0.014243 0.999899
vn -0.000000 -0.014243 0.999899
vn 0.000000 0.008084 -0.999967
vn 0.000000 0.008084 -0.999967
vn 0.000000 0.008084 -0.999967
vn 0.000000 0.008084 -0.999967
vn 0.999999 -0.001092 -0.000010
vn 0.999999 -0.001092 -0.000010
vn 0.999999 -0.001092 -0.000010
vn 0.999999 -0.001092 -0.000010
vn 0.000000 1.000000 0.000000
vn 0.000000 1.000000 0.000000
vn 0.000000 1.000000 0.000000
vn 0.000000 1.000000 0.000000
vn 0.000015 0.034058 -0.999420
vn -0.000015 0.034058 -0.999420
vn -0.209358 0.033306 -0.977272
vn -0.209358 0.033306 -0.977272
vn -0.000018 0.079828 -0.996809
vn 0.000018 0.079828 -0.996809
vn -0.212300 0.077997 -0.974087
vn -0.212300 0.077997 -0.974087
vn 0.211340 0.078036 -0.974292
vn 0.211340 0.078036 -0.974292
vn 0.000018 0.079828 -0.996809
vn -0.000018 0.079828 -0.996809
vn 0.213921 0.033266 -0.976284
vn 0.213921 0.033266 -0.976284
vn -0.000015 0.034058 -0.999420
vn 0.000015 0.034058 -0.999420
vn -0.000833 -0.999997 -0.002418
vn -0.000833 -0.999997 -0.002418
vn -0.000833 -0.999997 -0.002418
vn -0.000833 -0.999997 -0.002418
vn 0.000836 -0.999997 -0.002413
vn 0.000836 -0.999997 -0.002413
vn 0.000836 -0.999997 -0.002413
vn 0.000836 -0.999997 -0.002413
vn -0.000050 1.000000 0.000142
vn -0.000050 1.000000 0.000142
vn -0.000050 1.000000 0.000142
vn -0.000050 1.000000 0.000142
vn 0.000052 1.000000 0.000142
vn 0.000052 1.000000 0.000142
vn 0.000052 1.000000 0.000142
vn 0.000052 1.000000 0.000142
vn 0.000588 -0.999998 -0.001975
vn 0.000588 -0.999998 -0.001975
vn 0.000588 -0.999998 -0.001975
vn 0.000588 -0.999998 -0.001975
vn -0.000579 -0.999998 -0.001961
vn -0.000579 -0.999998 -0.001961
vn -0.000579 -0.999998 -0.001961
vn -0.000579 -0.999998 -0.001961
vn -0.000321 1.000000 -0.000876
vn -0.000321 1.000000 -0.000876
vn -0.000321 1.000000 -0.000876
vn -0.000321 1.000000 -0.000876
vn 0.000317 1.000000 -0.000883
vn 0.000317 1.000000 -0.000883
vn 0.000317 1.000000 -0.000883
vn 0.000317 1.000000 -0.000883
vn 0.000000 1.000000 0.000000
vn 0.000000 1.000000 0.000000
vn 0.000000 1.000000 0.000000
vn 0.000000 1.000000 0.000000
vn 0.000000 -0.999916 -0.012952
vn 0.000000 -0.999916 -0.012952
vn 0.000000 -0.999916 -0.012952
vn 0.000000 -0.999916 -0.012952
vn 0.000000 -0.999916 -0.012952
vn 0.000000 -0.999916 -0.012952
vn 0.000000 -0.999916 -0.012952
vn 0.000000 -0.999916 -0.012952
vn -0.000125 -0.999917 -0.012898
vn -0.000125 -0.999917 -0.012898
vn -0.000125 -0.999917 -0.012898
vn -0.000125 -0.999917 -0.012898
vn 0.000125 -0.999917 -0.012898
vn 0.000125 -0.999917 -0.012898
vn 0.000125 -0.999917 -0.012898
vn 0.000125 -0.999917 -0.012898
vn -0.999011 0.039758 0.019908
vn -0.738385 0.070653 0.670669
vn -0.726023 -0.004195 0.687657
vn -0.999955 0.000740 -0.009486
vn -0.738385 0.070653 0.670669
vn -0.000000 0.105727 0.994395
vn -0.000000 -0.005389 0.999986
vn -0.726023 -0.004195 0.687657
vn -0.000000 0.105727 0.994395
vn 0.738384 0.070653 0.670669
vn 0.726023 -0.004195 0.687658
vn -0.000000 -0.005389 0.999986
vn 0.738384 0.070653 0.670669
vn 0.999011 0.039758 0.019909
vn 0.999955 0.000740 -0.009485
vn 0.726023 -0.004195 0.687658
vn 0.999011 0.039758 0.019909
vn 0.981809 0.168211 -0.088071
vn 0.738079 0.005567 -0.674691
vn 0.999955 0.000740 -0.009485
vn -0.999955 0.000740 -0.009486
vn -0.738079 0.005567 -0.674691
vn -0.981809 0.168211 -0.088072
vn -0.999011 0.039758 0.019908
vn -0.999007 0.040385 0.018840
vn -0.999965 0.000697 -0.008299
vn -0.739006 0.004201 -0.673686
vn -0.981715 0.168875 -0.087846
vn -0.738716 0.068902 0.670486
vn -0.725101 -0.004197 0.688630
vn -0.999965 0.000697 -0.008299
vn -0.999007 0.040385 0.018840
vn -0.000000 0.103487 0.994631
vn -0.000000 -0.005379 0.999986
vn -0.725101 -0.004197 0.688630
vn -0.738716 0.068902 0.670486
vn 0.738716 0.068902 0.670486
vn 0.725102 -0.004197 0.688629
vn -0.000000 -0.005379 0.999986
vn -0.000000 0.103487 0.994631
vn 0.999007 0.040385 0.018840
vn 0.999965 0.000697 -0.008300
vn 0.725102 -0.004197 0.688629
vn 0.738716 0.068902 0.670486
vn 0.739005 0.004201 -0.673687
vn 0.999965 0.000697 -0.008300
vn 0.999007 0.040385 0.018840
vn 0.981715 0.168875 -0.087846
vn -0.736139 -0.676830 0.000000
vn -0.736139 -0.676830 0.000000
vn -0.736139 -0.676830 0.000000
vn -0.736139 -0.676830 0.000000
vn 0.736137 -0.676833 0.000000
vn 0.736137 -0.676833 0.000000
vn 0.736137 -0.676833 0.000000
vn 0.736137 -0.676833 0.000000
vn 0.000000 0.000000 -1.000000
vn 0.000000 0.000000 -1.000000
vn 0.000000 0.000000 -1.000000
vn 0.000000 0.000000 -1.000000
vn -0.000001 0.000000 1.000000
vn -0.000001 0.000000 1.000000
vn -0.000001 0.000000 1.000000
vn -0.000001 0.000000 1.000000
vn 0.975871 0.218349 0.000000
vn 0.975871 0.218349 0.000000
vn 0.975871 0.218349 0.000000
vn 0.975871 0.218349 0.000000
vn -1.000000 0.000000 0.000000
vn -1.000000 0.000000 0.000000
vn -1.000000 0.000000 0.000000
vn -1.000000 0.000000 0.000000
vn 0.000000 0.000000 -1.000000
vn 0.000000 0.000000 -1.000000
vn 0.000000 0.000000 -1.000000
vn 0.000000 0.000000 -1.000000
vn 0.000000 0.000000 1.000000
vn 0.000000 0.000000 1.000000
vn 0.000000 0.000000 1.000000
vn 0.000000 0.000000 1.000000
vn 0.082597 0.996583 0.000000
vn 0.082597 0.996583 0.000000
vn 0.082597 0.996583 0.000000
vn 0.082597 0.996583 0.000000
vn -0.457107 -0.889412 0.000000
vn -0.457107 -0.889412 0.000000
vn -0.457107 -0.889412 0.000000
vn -0.457107 -0.889412 0.000000
vn -0.104923 -0.994480 0.000000
vn -0.104923 -0.994480 0.000000
vn -0.104923 -0.994480 0.000000
vn -0.104923 -0.994480 0.000000
vn 0.000000 0.000000 -1.000000
vn 0.000000 0.000000 -1.000000
vn 0.000000 0.000000 -1.000000
vn 0.000000 0.000000 -1.000000
vn 0.140519 0.990078 0.000000
vn 0.140519 0.990078 0.000000
vn 0.140519 0.990078 0.000000
vn 0.140519 0.990078 0.000000
vn 0.000000 0.000000 1.000000
vn 0.000000 0.000000 1.000000
vn 0.000000 0.000000 1.000000
vn 0.000000 0.000000 1.000000
vn 0.000000 0.000000 -1.000000
vn 0.000000 0.000000 -1.000000
vn 0.000000 0.000000 -1.000000
vn 0.000000 0.000000 -1.000000
vn 0.000001 0.000000 1.000000
vn 0.000001 0.000000 1.000000
vn 0.000001 0.000000 1.000000
vn 0.000001 0.000000 1.000000
vn -0.975871 0.218348 0.000000
vn -0.975871 0.218348 0.000000
vn -0.975871 0.218348 0.000000
vn -0.975871 0.218348 0.000000
vn 1.000000 0.000000 0.000000
vn 1.000000 0.000000 0.000000
vn 1.000000 0.000000 0.000000
vn 1.000000 0.000000 0.000000
vn 0.000000 0.000000 -1.000000
vn 0.000000 0.000000 -1.000000
vn 0.000000 0.000000 -1.000000
vn 0.000000 0.000000 -1.000000
vn 0.000000 0.000000 1.000000
vn 0.000000 0.000000 1.000000
vn 0.000000 0.000000 1.000000
vn 0.000000 0.000000 1.000000
vn -0.082597 0.996583 0.000000
vn -0.082597 0.996583 0.000000
vn -0.082597 0.996583 0.000000
vn -0.082597 0.996583 0.000000
vn 0.457107 -0.889412 0.000000
vn 0.457107 -0.889412 0.000000
vn 0.457107 -0.889412 0.000000
vn 0.457107 -0.889412 0.000000
vn 0.104923 -0.994480 0.000000
vn 0.104923 -0.994480 0.000000
vn 0.104923 -0.994480 0.000000
vn 0.104923 -0.994480 0.000000
vn 0.000000 0.000000 -1.000000
vn 0.000000 0.000000 -1.000000
vn 0.000000 0.000000 -1.000000
vn 0.000000 0.000000 -1.000000
vn -0.140519 0.990078 0.000000
vn -0.140519 0.990078 0.000000
vn -0.140519 0.990078 0.000000
vn -0.140519 0.990078 0.000000
vn 0.000000 0.000000 1.000000
vn 0.000000 0.000000 1.000000
vn 0.000000 0.000000 1.000000
vn 0.000000 0.000000 1.000000
vn 0.000000 0.000000 -1.000000
vn 0.000000 0.000000 -1.000000
vn 0.000000 0.000000 -1.000000
vn 0.000000 0.000000 -1.000000
vn 0.000000 0.000000 1.000000
vn 0.000000 0.000000 1.000000
vn 0.000000 0.000000 1.000000
vn 0.000000 0.000000 1.000000
vn -0.033812 -0.999428 0.000000
vn -0.033812 -0.999428 0.000000
vn -0.033812 -0.999428 0.000000
vn -0.033812 -0.999428 0.000000
vn 0.033812 0.999428 0.000000
vn 0.033812 0.999428 0.000000
vn 0.033812 0.999428 0.000000
vn 0.033812 0.999428 0.000000
vn 0.000000 0.000000 -1.000000
vn 0.000000 0.000000 -1.000000
vn 0.000000 0.000000 -1.000000
vn 0.000000 0.000000 -1.000000
vn 0.000000 0.000000 1.000000
vn 0.000000 0.000000 1.000000
vn 0.000000 0.000000 1.000000
vn 0.000000 0.000000 1.000000
vn 0.033812 -0.999428 0.000000
vn 0.033812 -0.999428 0.000000
vn 0.033812 -0.999428 0.000000
vn 0.033812 -0.999428 0.000000
vn -0.033812 0.999428 0.000000
vn -0.033812 0.999428 0.000000
vn -0.033812 0.999428 0.000000
vn -0.033812 0.999428 0.000000
vn -0.120594 -0.911845 0.392423
vn -0.120594 -0.911845 -0.392423
vn -0.748914 -0.483708 -0.452939
vn -0.748914 -0.483708 0.452939
vn 0.044347 0.794095 -0.606174
vn 0.050866 0.998706 0.000000
vn 0.730770 0.682624 0.000000
vn 0.551101 0.476489 -0.685016
vn -0.038551 -0.404816 0.913585
vn -0.120594 -0.911845 0.392423
vn -0.748914 -0.483708 0.452939
vn -0.271945 -0.206829 0.939823
vn 0.020596 0.259485 -0.965528
vn 0.044347 0.794095 -0.606174
vn 0.551101 0.476489 -0.685016
vn 0.186557 0.106809 -0.976621
vn 0.020596 0.259485 0.965528
vn -0.038551 -0.404816 0.913585
vn -0.271945 -0.206829 0.939823
vn 0.186557 0.106809 0.976621
vn -0.038551 -0.404816 -0.913585
vn 0.020596 0.259485 -0.965528
vn 0.186557 0.106809 -0.976621
vn -0.271945 -0.206829 -0.939823
vn 0.044347 0.794095 0.606174
vn 0.020596 0.259485 0.965528
vn 0.186557 0.106809 0.976621
vn 0.551101 0.476489 0.685016
vn -0.120594 -0.911845 -0.392423
vn -0.038551 -0.404816 -0.913585
vn -0.271945 -0.206829 -0.939823
vn -0.748914 -0.483708 -0.452939
vn 0.050866 0.998706 0.000000
vn 0.044347 0.794095 0.606174
vn 0.551101 0.476489 0.685016
vn 0.730770 0.682624 0.000000
vn -0.748914 -0.483708 -0.452939
vn -0.271945 -0.206829 -0.939823
vn -0.283887 0.201531 -0.937440
vn -0.753254 0.483824 -0.445560
vn 0.730770 0.682624 0.000000
vn 0.551101 0.476489 0.685016
vn 0.573375 -0.451328 0.683772
vn 0.768834 -0.639448 0.000000
vn -0.748914 -0.483708 0.452939
vn -0.748914 -0.483708 -0.452939
vn -0.753254 0.483824 -0.445560
vn -0.753254 0.483824 0.445560
vn 0.551101 0.476489 -0.685016
vn 0.730770 0.682624 0.000000
vn 0.768834 -0.639448 0.000000
vn 0.573375 -0.451328 -0.683772
vn -0.271945 -0.206829 0.939823
vn -0.748914 -0.483708 0.452939
vn -0.753254 0.483824 0.445560
vn -0.283887 0.201531 0.937440
vn 0.186557 0.106809 -0.976621
vn 0.551101 0.476489 -0.685016
vn 0.573375 -0.451328 -0.683772
vn 0.182441 -0.110916 -0.976941
vn 0.186557 0.106809 0.976621
vn -0.271945 -0.206829 0.939823
vn -0.283887 0.201531 0.937440
vn 0.182441 -0.110916 0.976941
vn -0.271945 -0.206829 -0.939823
vn 0.186557 0.106809 -0.976621
vn 0.182441 -0.110916 -0.976941
vn -0.283887 0.201531 -0.937440
vn 0.551101 0.476489 0.685016
vn 0.186557 0.106809 0.976621
vn 0.182441 -0.110916 0.976941
vn 0.573375 -0.451328 0.683772
vn -0.120594 -0.911845 -0.392423
vn -0.120594 -0.911845 0.392423
vn 0.604848 -0.639026 0.475189
vn 0.604848 -0.639026 -0.475189
vn 0.050866 0.998706 0.000000
vn 0.044347 0.794095 -0.606174
vn -0.505213 0.535205 -0.676990
vn -0.667629 0.744494 0.000000
vn -0.120594 -0.911845 0.392423
vn -0.038551 -0.404816 0.913585
vn 0.216783 -0.229867 0.948771
vn 0.604848 -0.639026 0.475189
vn 0.044347 0.794095 -0.606174
vn 0.020596 0.259485 -0.965528
vn -0.176700 0.147240 -0.973189
vn -0.505213 0.535205 -0.676990
vn -0.038551 -0.404816 0.913585
vn 0.020596 0.259485 0.965528
vn -0.176700 0.147240 0.973189
vn 0.216783 -0.229867 0.948771
vn 0.020596 0.259485 -0.965528
vn -0.038551 -0.404816 -0.913585
vn 0.216783 -0.229867 -0.948771
vn -0.176700 0.147240 -0.973189
vn 0.020596 0.259485 0.965528
vn 0.044347 0.794095 0.606174
vn -0.505213 0.535205 0.676990
vn -0.176700 0.147240 0.973189
vn -0.038551 -0.404816 -0.913585
vn -0.120594 -0.911845 -0.392423
vn 0.604848 -0.639026 -0.475189
vn 0.216783 -0.229867 -0.948771
vn 0.044347 0.794095 0.606174
vn 0.050866 0.998706 0.000000
vn -0.667629 0.744494 0.000000
vn -0.505213 0.535205 0.676990
vn 0.604848 -0.639026 -0.475189
vn 0.604848 -0.639026 0.475189
vn 0.844601 0.415808 0.337272
vn 0.756543 0.355953 -0.548580
vn -0.667629 0.744494 0.000000
vn -0.505213 0.535205 -0.676990
vn -0.652058 -0.518257 -0.553381
vn -0.785316 -0.590245 0.186785
vn 0.604848 -0.639026 0.475189
vn 0.216783 -0.229867 0.948771
vn 0.377349 0.261150 0.888487
vn 0.844601 0.415808 0.337272
vn -0.505213 0.535205 -0.676990
vn -0.176700 0.147240 -0.973189
vn -0.258674 -0.223726 -0.939699
vn -0.652058 -0.518257 -0.553381
vn 0.216783 -0.229867 0.948771
vn -0.176700 0.147240 0.973189
vn -0.115435 0.032341 0.992788
vn 0.377349 0.261150 0.888487
vn -0.176700 0.147240 -0.973189
vn 0.216783 -0.229867 -0.948771
vn 0.228675 0.073869 -0.970696
vn -0.258674 -0.223726 -0.939699
vn -0.176700 0.147240 0.973189
vn -0.505213 0.535205 0.676990
vn -0.525473 -0.307843 0.793165
vn -0.115435 0.032341 0.992788
vn 0.216783 -0.229867 -0.948771
vn 0.604848 -0.639026 -0.475189
vn 0.756543 0.355953 -0.548580
vn 0.228675 0.073869 -0.970696
vn -0.505213 0.535205 0.676990
vn -0.667629 0.744494 0.000000
vn -0.785316 -0.590245 0.186785
vn -0.525473 -0.307843 0.793165
vn 0.182441 -0.110916 -0.976941
vn 0.573375 -0.451328 -0.683772
vn 0.031964 -0.688075 -0.724935
vn 0.052523 -0.158578 -0.985949
vn 0.182441 -0.110916 0.976941
vn -0.283887 0.201531 0.937440
vn -0.068195 0.206943 0.975974
vn -0.072711 -0.411344 0.908575
vn -0.283887 0.201531 -0.937440
vn 0.182441 -0.110916 -0.976941
vn 0.052523 -0.158578 -0.985949
vn 0.087249 0.452168 -0.887655
vn 0.573375 -0.451328 0.683772
vn 0.182441 -0.110916 0.976941
vn -0.072711 -0.411344 0.908575
vn -0.037205 -0.881223 0.471234
vn -0.753254 0.483824 -0.445560
vn -0.283887 0.201531 -0.937440
vn 0.087249 0.452168 -0.887655
vn 0.078572 0.958151 -0.275268
vn 0.768834 -0.639448 0.000000
vn 0.573375 -0.451328 0.683772
vn -0.037205 -0.881223 0.471234
vn 0.003052 -0.984439 -0.175701
vn -0.753254 0.483824 0.445560
vn -0.753254 0.483824 -0.445560
vn 0.078572 0.958151 -0.275268
vn -0.010011 0.790568 0.612292
vn 0.573375 -0.451328 -0.683772
vn 0.768834 -0.639448 0.000000
vn 0.003052 -0.984439 -0.175701
vn 0.031964 -0.688075 -0.724935
vn -0.283887 0.201531 0.937440
vn -0.753254 0.483824 0.445560
vn -0.010011 0.790568 0.612292
vn -0.068195 0.206943 0.975974
vn -0.258674 -0.223726 -0.939699
vn 0.228675 0.073869 -0.970696
vn 0.052523 -0.158578 -0.985949
vn 0.031964 -0.688075 -0.724935
vn 0.228675 0.073869 -0.970696
vn 0.756543 0.355953 -0.548580
vn 0.087249 0.452168 -0.887655
vn 0.052523 -0.158578 -0.985949
vn 0.756543 0.355953 -0.548580
vn 0.844601 0.415808 0.337272
vn 0.078572 0.958151 -0.275268
vn 0.087249 0.452168 -0.887655
vn 0.844601 0.415808 0.337272
vn 0.377349 0.261150 0.888487
vn -0.010011 0.790568 0.612292
vn 0.078572 0.958151 -0.275268
vn 0.377349 0.261150 0.888487
vn -0.115435 0.032341 0.992788
vn -0.068195 0.206943 0.975974
vn -0.010011 0.790568 0.612292
vn -0.115435 0.032341 0.992788
vn -0.525473 -0.307843 0.793165
vn -0.072711 -0.411344 0.908575
vn -0.068195 0.206943 0.975974
vn -0.525473 -0.307843 0.793165
vn -0.785316 -0.590245 0.186785
vn -0.037205 -0.881223 0.471234
vn -0.072711 -0.411344 0.908575
vn -0.785316 -0.590245 0.186785
vn -0.652058 -0.518257 -0.553381
vn 0.003052 -0.984439 -0.175701
vn -0.037205 -0.881223 0.471234
vn -0.652058 -0.518257 -0.553381
vn -0.258674 -0.223726 -0.939699
vn 0.031964 -0.688075 -0.724935
vn 0.003052 -0.984439 -0.175701
vn 0.116933 -0.003384 0.993134
vn 0.622585 -0.018013 0.782345
vn 0.622586 -0.018013 0.782344
vn 0.116932 -0.003384 0.993134
vn -0.359701 0.010408 -0.933010
vn -0.877756 0.025396 -0.478435
vn -0.877756 0.025396 -0.478435
vn -0.359701 0.010408 -0.933010
vn 0.622585 -0.018013 0.782345
vn 0.999582 -0.028921 0.000000
vn 0.999582 -0.028921 0.000000
vn 0.622586 -0.018013 0.782344
vn 0.999582 -0.028921 0.000000
vn 0.622585 -0.018013 -0.782345
vn 0.622586 -0.018013 -0.782344
vn 0.999582 -0.028921 0.000000
vn -0.877756 0.025396 -0.478435
vn -0.877756 0.025396 0.478435
vn -0.877756 0.025396 0.478435
vn -0.877756 0.025396 -0.478435
vn -0.877756 0.025396 0.478435
vn -0.359700 0.010408 0.933010
vn -0.359701 0.010408 0.933010
vn -0.877756 0.025396 0.478435
vn 0.622585 -0.018013 -0.782345
vn 0.116933 -0.003384 -0.993134
vn 0.116932 -0.003384 -0.993134
vn 0.622586 -0.018013 -0.782344
vn -0.359700 0.010408 0.933010
vn 0.116933 -0.003384 0.993134
vn 0.116932 -0.003384 0.993134
vn -0.359701 0.010408 0.933010
vn 0.116933 -0.003384 -0.993134
vn -0.359701 0.010408 -0.933010
vn -0.359701 0.010408 -0.933010
vn 0.116932 -0.003384 -0.993134
vn 0.471551 -0.185711 -0.862062
vn 0.083431 -0.199519 -0.976336
vn 0.089851 -0.199563 -0.975757
vn 0.523779 -0.180899 -0.832425
vn -0.918425 0.095932 0.383786
vn -0.332479 0.174873 0.926756
vn -0.312138 0.175326 0.933719
vn -0.864791 0.113422 0.489154
vn -0.332479 0.174873 0.926756
vn 0.107627 0.170068 0.979537
vn 0.101931 0.170309 0.980105
vn -0.312138 0.175326 0.933719
vn 0.083431 -0.199519 -0.976336
vn -0.269301 -0.182320 -0.945641
vn -0.292827 -0.180106 -0.939050
vn 0.089851 -0.199563 -0.975757
vn 0.107627 0.170068 0.979537
vn 0.620844 0.121969 0.774387
vn 0.577052 0.128608 0.806517
vn 0.101931 0.170309 0.980105
vn -0.269301 -0.182320 -0.945641
vn -0.731015 -0.112186 -0.673076
vn -0.808602 -0.091734 -0.581161
vn -0.292827 -0.180106 -0.939050
vn 0.620844 0.121969 0.774387
vn 0.969066 -0.075606 -0.234934
vn 0.996169 -0.046045 -0.074341
vn 0.577052 0.128608 0.806517
vn -0.731015 -0.112186 -0.673076
vn -0.918425 0.095932 0.383786
vn -0.864791 0.113422 0.489154
vn -0.808602 -0.091734 -0.581161
vn 0.969066 -0.075606 -0.234934
vn 0.471551 -0.185711 -0.862062
vn 0.523779 -0.180899 -0.832425
vn 0.996169 -0.046045 -0.074341
vn -0.471551 0.185713 -0.862062
vn -0.083431 0.199520 -0.976336
vn -0.089850 0.199564 -0.975757
vn -0.523779 0.180900 -0.832425
vn 0.918425 -0.095932 0.383786
vn 0.332480 -0.174874 0.926756
vn 0.312138 -0.175327 0.933719
vn 0.864791 -0.113422 0.489154
vn 0.332480 -0.174874 0.926756
vn -0.107627 -0.170068 0.979537
vn -0.101931 -0.170309 0.980105
vn 0.312138 -0.175327 0.933719
vn -0.083431 0.199520 -0.976336
vn 0.269301 0.182319 -0.945641
vn 0.292827 0.180105 -0.939050
vn -0.089850 0.199564 -0.975757
vn -0.107627 -0.170068 0.979537
vn -0.620845 -0.121969 0.774387
vn -0.577052 -0.128608 0.806517
vn -0.101931 -0.170309 0.980105
vn 0.269301 0.182319 -0.945641
vn 0.731015 0.112185 -0.673076
vn 0.808602 0.091732 -0.581161
vn 0.292827 0.180105 -0.939050
vn -0.620845 -0.121969 0.774387
vn -0.969066 0.075604 -0.234936
vn -0.996169 0.046043 -0.074342
vn -0.577052 -0.128608 0.806517
vn 0.731015 0.112185 -0.673076
vn 0.918425 -0.095932 0.383786
vn 0.864791 -0.113422 0.489154
vn 0.808602 0.091732 -0.581161
vn -0.969066 0.075604 -0.234936
vn -0.471551 0.185713 -0.862062
vn -0.523779 0.180900 -0.832425
vn -0.996169 0.046043 -0.074342
vn -0.098020 -0.915059 0.391229
vn -0.098020 -0.915059 -0.391229
vn -0.728399 -0.518512 -0.447863
vn -0.728399 -0.518512 0.447863
vn 0.024974 0.795325 -0.605668
vn 0.026502 0.999649 0.000000
vn 0.702895 0.711293 0.000000
vn 0.534805 0.502268 -0.679493
vn -0.028662 -0.406481 0.913209
vn -0.098020 -0.915059 0.391229
vn -0.728399 -0.518512 0.447863
vn -0.266248 -0.221181 0.938185
vn 0.014264 0.260396 -0.965397
vn 0.024974 0.795325 -0.605668
vn 0.534805 0.502268 -0.679493
vn 0.183719 0.116868 -0.976007
vn 0.014264 0.260396 0.965397
vn -0.028662 -0.406481 0.913209
vn -0.266248 -0.221181 0.938185
vn 0.183719 0.116868 0.976007
vn -0.028662 -0.406481 -0.913209
vn 0.014264 0.260396 -0.965397
vn 0.183719 0.116868 -0.976007
vn -0.266248 -0.221181 -0.938185
vn 0.024974 0.795325 0.605668
vn 0.014264 0.260396 0.965397
vn 0.183719 0.116868 0.976007
vn 0.534805 0.502268 0.679493
vn -0.098020 -0.915059 -0.391229
vn -0.028662 -0.406481 -0.913209
vn -0.266248 -0.221181 -0.938185
vn -0.728399 -0.518512 -0.447863
vn 0.026502 0.999649 0.000000
vn 0.024974 0.795325 0.605668
vn 0.534805 0.502268 0.679493
vn 0.702895 0.711293 0.000000
vn -0.728399 -0.518512 -0.447863
vn -0.266248 -0.221181 -0.938185
vn -0.289092 0.186156 -0.939027
vn -0.772829 0.447063 -0.450411
vn 0.702895 0.711293 0.000000
vn 0.534805 0.502268 0.679493
vn 0.588502 -0.422872 0.689090
vn 0.795577 -0.605853 0.000000
vn -0.728399 -0.518512 0.447863
vn -0.728399 -0.518512 -0.447863
vn -0.772829 0.447063 -0.450411
vn -0.772829 0.447063 0.450411
vn 0.534805 0.502268 -0.679493
vn 0.702895 0.711293 0.000000
vn 0.795577 -0.605853 0.000000
vn 0.588502 -0.422872 -0.689090
vn -0.266248 -0.221181 0.938185
vn -0.728399 -0.518512 0.447863
vn -0.772829 0.447063 0.450411
vn -0.289092 0.186156 0.939027
vn 0.183719 0.116868 -0.976007
vn 0.534805 0.502268 -0.679493
vn 0.588502 -0.422872 -0.689090
vn 0.185126 -0.100915 -0.977520
vn 0.183719 0.116868 0.976007
vn -0.266248 -0.221181 0.938185
vn -0.289092 0.186156 0.939027
vn 0.185126 -0.100915 0.977520
vn -0.266248 -0.221181 -0.938185
vn 0.183719 0.116868 -0.976007
vn 0.185126 -0.100915 -0.977520
vn -0.289092 0.186156 -0.939027
vn 0.534805 0.502268 0.679493
vn 0.183719 0.116868 0.976007
vn 0.185126 -0.100915 0.977520
vn 0.588502 -0.422872 0.689090
vn -0.098020 -0.915059 -0.391229
vn -0.098020 -0.915059 0.391229
vn 0.627295 -0.612646 0.480797
vn 0.627295 -0.612646 -0.480797
vn 0.026502 0.999649 0.000000
vn 0.024974 0.795325 -0.605668
vn -0.522151 0.511361 -0.682545
vn -0.695779 0.718256 0.000000
vn -0.098020 -0.915059 0.391229
vn -0.028662 -0.406481 0.913209
vn 0.222560 -0.218168 0.950195
vn 0.627295 -0.612646 0.480797
vn 0.024974 0.795325 -0.605668
vn 0.014264 0.260396 -0.965397
vn -0.180303 0.137578 -0.973942
vn -0.522151 0.511361 -0.682545
vn -0.028662 -0.406481 0.913209
vn 0.014264 0.260396 0.965397
vn -0.180303 0.137578 0.973942
vn 0.222560 -0.218168 0.950195
vn 0.014264 0.260396 -0.965397
vn -0.028662 -0.406481 -0.913209
vn 0.222560 -0.218168 -0.950195
vn -0.180303 0.137578 -0.973942
vn 0.014264 0.260396 0.965397
vn 0.024974 0.795325 0.605668
vn -0.522151 0.511361 0.682545
vn -0.180303 0.137578 0.973942
vn -0.028662 -0.406481 -0.913209
vn -0.098020 -0.915059 -0.391229
vn 0.627295 -0.612646 -0.480797
vn 0.222560 -0.218168 -0.950195
vn 0.024974 0.795325 0.605668
vn 0.026502 0.999649 0.000000
vn -0.695779 0.718256 0.000000
vn -0.522151 0.511361 0.682545
vn 0.627295 -0.612646 -0.480797
vn 0.627295 -0.612646 0.480797
vn 0.824728 0.456686 0.333558
vn 0.741023 0.393749 -0.543917
vn -0.695779 0.718256 0.000000
vn -0.522151 0.511361 -0.682545
vn -0.632393 -0.547871 -0.547647
vn -0.759523 -0.623874 0.184136
vn 0.627295 -0.612646 0.480797
vn 0.222560 -0.218168 0.950195
vn 0.369608 0.280755 0.885758
vn 0.824728 0.456686 0.333558
vn -0.522151 0.511361 -0.682545
vn -0.180303 0.137578 -0.973942
vn -0.252599 -0.237304 -0.938020
vn -0.632393 -0.547871 -0.547647
vn 0.222560 -0.218168 0.950195
vn -0.180303 0.137578 0.973942
vn -0.116144 0.026005 0.992892
vn 0.369608 0.280755 0.885758
vn -0.180303 0.137578 -0.973942
vn 0.222560 -0.218168 -0.950195
vn 0.226596 0.086296 -0.970158
vn -0.252599 -0.237304 -0.938020
vn -0.180303 0.137578 0.973942
vn -0.522151 0.511361 0.682545
vn -0.515011 -0.334701 0.789139
vn -0.116144 0.026005 0.992892
vn 0.222560 -0.218168 -0.950195
vn 0.627295 -0.612646 -0.480797
vn 0.741023 0.393749 -0.543917
vn 0.226596 0.086296 -0.970158
vn -0.522151 0.511361 0.682545
vn -0.695779 0.718256 0.000000
vn -0.759523 -0.623874 0.184136
vn -0.515011 -0.334701 0.789139
vn 0.185126 -0.100915 -0.977520
vn 0.588502 -0.422872 -0.689090
vn 0.048720 -0.686451 -0.725543
vn 0.056369 -0.155652 -0.986202
vn 0.185126 -0.100915 0.977520
vn -0.289092 0.186156 0.939027
vn -0.073227 0.203174 0.976401
vn -0.062594 -0.414696 0.907805
vn -0.289092 0.186156 -0.939027
vn 0.185126 -0.100915 -0.977520
vn 0.056369 -0.155652 -0.986202
vn 0.076105 0.456142 -0.886647
vn 0.588502 -0.422872 0.689090
vn 0.185126 -0.100915 0.977520
vn -0.062594 -0.414696 0.907805
vn -0.015730 -0.882050 0.470893
vn -0.772829 0.447063 -0.450411
vn -0.289092 0.186156 -0.939027
vn 0.076105 0.456142 -0.886647
vn 0.055100 0.959940 -0.274736
vn 0.795577 -0.605853 0.000000
vn 0.588502 -0.422872 0.689090
vn -0.015730 -0.882050 0.470893
vn 0.027012 -0.984059 -0.175780
vn -0.772829 0.447063 0.450411
vn -0.772829 0.447063 -0.450411
vn 0.055100 0.959940 -0.274736
vn -0.029253 0.789869 0.612578
vn 0.588502 -0.422872 -0.689090
vn 0.795577 -0.605853 0.000000
vn 0.027012 -0.984059 -0.175780
vn 0.048720 -0.686451 -0.725543
vn -0.289092 0.186156 0.939027
vn -0.772829 0.447063 0.450411
vn -0.029253 0.789869 0.612578
vn -0.073227 0.203174 0.976401
vn -0.252599 -0.237304 -0.938020
vn 0.226596 0.086296 -0.970158
vn 0.056369 -0.155652 -0.986202
vn 0.048720 -0.686451 -0.725543
vn 0.226596 0.086296 -0.970158
vn 0.741023 0.393749 -0.543917
vn 0.076105 0.456142 -0.886647
vn 0.056369 -0.155652 -0.986202
vn 0.741023 0.393749 -0.543917
vn 0.824728 0.456686 0.333558
vn 0.055100 0.959940 -0.274736
vn 0.076105 0.456142 -0.886647
vn 0.824728 0.456686 0.333558
vn 0.369608 0.280755 0.885758
vn -0.029253 0.789869 0.612578
vn 0.055100 0.959940 -0.274736
vn 0.369608 0.280755 0.885758
vn -0.116144 0.026005 0.992892
vn -0.073227 0.203174 0.976401
vn -0.029253 0.789869 0.612578
vn -0.116144 0.026005 0.992892
vn -0.515011 -0.334701 0.789139
vn -0.062594 -0.414696 0.907805
vn -0.073227 0.203174 0.976401
vn -0.515011 -0.334701 0.789139
vn -0.759523 -0.623874 0.184136
vn -0.015730 -0.882050 0.470893
vn -0.062594 -0.414696 0.907805
vn -0.759523 -0.623874 0.184136
vn -0.632393 -0.547871 -0.547647
vn 0.027012 -0.984059 -0.175780
vn -0.015730 -0.882050 0.470893
vn -0.632393 -0.547871 -0.547647
vn -0.252599 -0.237304 -0.938020
vn 0.048720 -0.686451 -0.725543
vn 0.027012 -0.984059 -0.175780
vn 0.877820 0.022665 0.478454
vn 0.877820 0.022665 0.478455
vn 0.877820 0.022665 -0.478455
vn 0.877820 0.022665 -0.478454
vn -0.999667 -0.025810 0.000000
vn -0.999667 -0.025810 0.000000
vn -0.622621 -0.016076 0.782359
vn -0.622621 -0.016076 0.782359
vn -0.622621 -0.016076 -0.782359
vn -0.622621 -0.016076 -0.782359
vn -0.999667 -0.025810 0.000000
vn -0.999667 -0.025810 0.000000
vn 0.877820 0.022665 -0.478454
vn 0.877820 0.022665 -0.478455
vn 0.359714 0.009288 -0.933016
vn 0.359715 0.009288 -0.933016
vn -0.622621 -0.016076 0.782359
vn -0.622621 -0.016076 0.782359
vn -0.116938 -0.003019 0.993135
vn -0.116938 -0.003019 0.993135
vn 0.359715 0.009288 -0.933016
vn 0.359714 0.009288 -0.933016
vn -0.116938 -0.003019 -0.993135
vn -0.116938 -0.003019 -0.993135
vn -0.116938 -0.003019 0.993135
vn -0.116938 -0.003019 0.993135
vn 0.359715 0.009288 0.933016
vn 0.359715 0.009288 0.933016
vn -0.116938 -0.003019 -0.993135
vn -0.116938 -0.003019 -0.993135
vn -0.622621 -0.016076 -0.782359
vn -0.622621 -0.016076 -0.782359
vn 0.359715 0.009288 0.933016
vn 0.359715 0.009288 0.933016
vn 0.877820 0.022665 0.478455
vn 0.877820 0.022665 0.478454
vn 0.337080 -0.156826 -0.928323
vn 0.316700 -0.158379 -0.935210
vn -0.097667 -0.175682 -0.979590
vn -0.103358 -0.175748 -0.978994
vn -0.088272 0.194922 0.976839
vn -0.094696 0.194623 0.976296
vn 0.287772 0.195687 0.937493
vn 0.264280 0.196636 0.944188
vn -0.103358 -0.175748 -0.978994
vn -0.097667 -0.175682 -0.979590
vn -0.572098 -0.159704 -0.804486
vn -0.615855 -0.155464 -0.772369
vn 0.264280 0.196636 0.944188
vn 0.287772 0.195687 0.937493
vn 0.803586 0.135553 0.579547
vn 0.725673 0.151679 0.671112
vn -0.971666 0.022545 0.235279
vn -0.997194 -0.008519 0.074381
vn -0.529245 0.152517 0.834649
vn -0.476947 0.160178 0.864213
vn -0.615855 -0.155464 -0.772369
vn -0.572098 -0.159704 -0.804486
vn -0.997194 -0.008519 0.074381
vn -0.971666 0.022545 0.235279
vn 0.725673 0.151679 0.671112
vn 0.803586 0.135553 0.579547
vn 0.869029 -0.066170 -0.490316
vn 0.921973 -0.045688 -0.384551
vn 0.921973 -0.045688 -0.384551
vn 0.869029 -0.066170 -0.490316
vn 0.316700 -0.158379 -0.935210
vn 0.337080 -0.156826 -0.928323
vn -0.476947 0.160178 0.864213
vn -0.529245 0.152517 0.834649
vn -0.094696 0.194623 0.976296
vn -0.088272 0.194922 0.976839
vn 0.337080 -0.156825 0.928323
vn -0.103358 -0.175748 0.978994
vn -0.097667 -0.175682 0.979590
vn 0.316700 -0.158379 0.935210
vn -0.088273 0.194922 -0.976838
vn 0.264279 0.196636 -0.944188
vn 0.287772 0.195687 -0.937494
vn -0.094696 0.194623 -0.976296
vn -0.103358 -0.175748 0.978994
vn -0.615856 -0.155463 0.772369
vn -0.572098 -0.159703 0.804486
vn -0.097667 -0.175682 0.979590
vn 0.264279 0.196636 -0.944188
vn 0.725674 0.151678 -0.671112
vn 0.803586 0.135553 -0.579547
vn 0.287772 0.195687 -0.937494
vn -0.971666 0.022545 -0.235279
vn -0.476946 0.160177 -0.864214
vn -0.529244 0.152516 -0.834649
vn -0.997194 -0.008519 -0.074381
vn -0.615856 -0.155463 0.772369
vn -0.971666 0.022545 -0.235279
vn -0.997194 -0.008519 -0.074381
vn -0.572098 -0.159703 0.804486
vn 0.725674 0.151678 -0.671112
vn 0.921973 -0.045688 0.384551
vn 0.869029 -0.066170 0.490316
vn 0.803586 0.135553 -0.579547
vn 0.921973 -0.045688 0.384551
vn 0.337080 -0.156825 0.928323
vn 0.316700 -0.158379 0.935210
vn 0.869029 -0.066170 0.490316
vn -0.476946 0.160177 -0.864214
vn -0.088273 0.194922 -0.976838
vn -0.094696 0.194623 -0.976296
vn -0.529244 0.152516 -0.834649
vn -0.549315 -0.765485 -0.335090
vn -0.522174 0.786124 -0.330671
vn -0.371565 0.731771 -0.571359
vn -0.393584 -0.716081 -0.576472
vn -0.613505 -0.789691 0.000000
vn -0.583689 0.811978 0.000000
vn -0.522174 0.786124 -0.330671
vn -0.549315 -0.765485 -0.335090
vn -0.549315 -0.765485 0.335090
vn -0.522180 0.786133 0.330639
vn -0.583689 0.811978 0.000000
vn -0.613505 -0.789691 0.000000
vn -0.393584 -0.716081 0.576472
vn -0.371565 0.731771 0.571359
vn -0.522180 0.786133 0.330639
vn -0.549315 -0.765485 0.335090
vn -0.203990 -0.677050 0.707101
vn -0.185649 0.685401 0.704103
vn -0.371565 0.731771 0.571359
vn -0.393584 -0.716081 0.576472
vn -0.008546 -0.665628 0.746234
vn 0.008546 0.665628 0.746234
vn -0.185649 0.685401 0.704103
vn -0.203990 -0.677050 0.707101
vn 0.185649 -0.685401 0.704103
vn 0.203990 0.677050 0.707101
vn 0.008546 0.665628 0.746234
vn -0.008546 -0.665628 0.746234
vn 0.371565 -0.731771 0.571359
vn 0.393584 0.716081 0.576472
vn 0.203990 0.677050 0.707101
vn 0.185649 -0.685401 0.704103
vn 0.522174 -0.786124 0.330671
vn 0.549283 0.765511 0.335085
vn 0.393584 0.716081 0.576472
vn 0.371565 -0.731771 0.571359
vn 0.583689 -0.811978 0.000000
vn 0.613539 0.789665 0.000000
vn 0.549283 0.765511 0.335085
vn 0.522174 -0.786124 0.330671
vn 0.522180 -0.786133 -0.330639
vn 0.549283 0.765511 -0.335085
vn 0.613539 0.789665 0.000000
vn 0.583689 -0.811978 0.000000
vn -0.008546 -0.665628 -0.746234
vn 0.185649 -0.685401 -0.704103
vn 0.371565 -0.731771 -0.571359
vn 0.522180 -0.786133 -0.330639
vn 0.583689 -0.811978 0.000000
vn 0.522174 -0.786124 0.330671
vn 0.371565 -0.731771 0.571359
vn 0.185649 -0.685401 0.704103
vn -0.008546 -0.665628 0.746234
vn -0.203990 -0.677050 0.707101
vn -0.393584 -0.716081 0.576472
vn -0.549315 -0.765485 0.335090
vn -0.613505 -0.789691 0.000000
vn -0.549315 -0.765485 -0.335090
vn -0.393584 -0.716081 -0.576472
vn -0.203990 -0.677050 -0.707101
vn 0.371565 -0.731771 -0.571359
vn 0.393584 0.716081 -0.576472
vn 0.549283 0.765511 -0.335085
vn 0.522180 -0.786133 -0.330639
vn -0.393584 -0.716081 -0.576472
vn -0.371565 0.731771 -0.571359
vn -0.185649 0.685401 -0.704103
vn -0.203990 -0.677050 -0.707101
vn 0.185649 -0.685401 -0.704103
vn 0.203990 0.677050 -0.707101
vn 0.393584 0.716081 -0.576472
vn 0.371565 -0.731771 -0.571359
vn -0.203990 -0.677050 -0.707101
vn -0.185649 0.685401 -0.704103
vn 0.008546 0.665628 -0.746234
vn -0.008546 -0.665628 -0.746234
vn -0.008546 -0.665628 -0.746234
vn 0.008546 0.665628 -0.746234
vn 0.203990 0.677050 -0.707101
vn 0.185649 -0.685401 -0.704103
vn 0.203990 0.677050 -0.707101
vn 0.008546 0.665628 -0.746234
vn -0.185649 0.685401 -0.704103
vn -0.371565 0.731771 -0.571359
vn -0.522174 0.786124 -0.330671
vn -0.583689 0.811978 0.000000
vn -0.522180 0.786133 0.330639
vn -0.371565 0.731771 0.571359
vn -0.185649 0.685401 0.704103
vn 0.008546 0.665628 0.746234
vn 0.203990 0.677050 0.707101
vn 0.393584 0.716081 0.576472
vn 0.549283 0.765511 0.335085
vn 0.613539 0.789665 0.000000
vn 0.549283 0.765511 -0.335085
vn 0.393584 0.716081 -0.576472
vn 0.007630 -0.665651 -0.746225
vn -0.007630 0.665651 -0.746225
vn 0.186644 0.684981 -0.704248
vn 0.203004 -0.677518 -0.706936
vn 0.203004 -0.677518 -0.706936
vn 0.186644 0.684981 -0.704248
vn 0.372761 0.730942 -0.571641
vn 0.392420 -0.716940 -0.576199
vn 0.392420 -0.716940 -0.576199
vn 0.372761 0.730942 -0.571641
vn 0.523636 0.785065 -0.330874
vn 0.547842 -0.766647 -0.334846
vn 0.547842 -0.766647 -0.334846
vn 0.523636 0.785065 -0.330874
vn 0.585289 0.810825 0.000000
vn 0.611914 -0.790925 0.000000
vn 0.611914 -0.790925 0.000000
vn 0.585289 0.810825 0.000000
vn 0.523636 0.785065 0.330874
vn 0.547842 -0.766647 0.334846
vn 0.547842 -0.766647 0.334846
vn 0.523636 0.785065 0.330874
vn 0.372761 0.730942 0.571641
vn 0.392420 -0.716940 0.576199
vn 0.392420 -0.716940 0.576199
vn 0.372761 0.730942 0.571641
vn 0.186644 0.684981 0.704248
vn 0.203004 -0.677518 0.706936
vn 0.203004 -0.677518 0.706936
vn 0.186644 0.684981 0.704248
vn -0.007630 0.665651 0.746225
vn 0.007630 -0.665651 0.746225
vn 0.007630 -0.665651 0.746225
vn -0.007630 0.665651 0.746225
vn -0.203004 0.677518 0.706936
vn -0.186644 -0.684981 0.704248
vn -0.186644 -0.684981 0.704248
vn -0.203004 0.677518 0.706936
vn -0.392420 0.716940 0.576199
vn -0.372752 -0.730957 0.571627
vn -0.372752 -0.730957 0.571627
vn -0.392420 0.716940 0.576199
vn -0.547842 0.766647 0.334846
vn -0.523636 -0.785065 0.330874
vn -0.523636 -0.785065 0.330874
vn -0.547842 0.766647 0.334846
vn -0.611914 0.790925 0.000000
vn -0.585289 -0.810825 0.000000
vn -0.585289 -0.810825 0.000000
vn -0.611914 0.790925 0.000000
vn -0.547842 0.766647 -0.334846
vn -0.523636 -0.785065 -0.330874
vn -0.523636 -0.785065 -0.330874
vn -0.547842 0.766647 -0.334846
vn -0.392420 0.716940 -0.576199
vn -0.372752 -0.730957 -0.571627
vn 0.186644 0.684981 -0.704248
vn -0.007630 0.665651 -0.746225
vn -0.203004 0.677518 -0.706936
vn -0.392420 0.716940 -0.576199
vn -0.547842 0.766647 -0.334846
vn -0.611914 0.790925 0.000000
vn -0.547842 0.766647 0.334846
vn -0.392420 0.716940 0.576199
vn -0.203004 0.677518 0.706936
vn -0.007630 0.665651 0.746225
vn 0.186644 0.684981 0.704248
vn 0.372761 0.730942 0.571641
vn 0.523636 0.785065 0.330874
vn 0.585289 0.810825 0.000000
vn 0.523636 0.785065 -0.330874
vn 0.372761 0.730942 -0.571641
vn -0.186644 -0.684981 -0.704248
vn -0.203004 0.677518 -0.706936
vn -0.007630 0.665651 -0.746225
vn 0.007630 -0.665651 -0.746225
vn -0.372752 -0.730957 -0.571627
vn -0.392420 0.716940 -0.576199
vn -0.203004 0.677518 -0.706936
vn -0.186644 -0.684981 -0.704248
vn 0.007630 -0.665651 -0.746225
vn 0.203004 -0.677518 -0.706936
vn 0.392420 -0.716940 -0.576199
vn 0.547842 -0.766647 -0.334846
vn 0.611914 -0.790925 0.000000
vn 0.547842 -0.766647 0.334846
vn 0.392420 -0.716940 0.576199
vn 0.203004 -0.677518 0.706936
vn 0.007630 -0.665651 0.746225
vn -0.186644 -0.684981 0.704248
vn -0.372752 -0.730957 0.571627
vn -0.523636 -0.785065 0.330874
vn -0.585289 -0.810825 0.000000
vn -0.523636 -0.785065 -0.330874
vn -0.372752 -0.730957 -0.571627
vn -0.186644 -0.684981 -0.704248
vn 1.000000 0.000000 0.000000
vn 0.927869 0.372907 0.000000
vn 0.544592 0.218889 0.809634
vn 0.571468 0.000000 0.820624
vn 0.571468 0.000000 0.820624
vn 0.544592 0.218889 0.809634
vn 0.020514 0.008242 0.999756
vn 0.021227 0.000000 0.999775
vn 0.021227 0.000000 0.999775
vn 0.020514 0.008242 0.999756
vn -0.512425 -0.205939 0.833673
vn -0.536865 0.000000 0.843668
vn -0.536865 0.000000 0.843668
vn -0.512425 -0.205939 0.833673
vn -0.927869 -0.372907 0.000000
vn -1.000000 0.000000 0.000000
vn -1.000000 0.000000 0.000000
vn -0.927869 -0.372907 0.000000
vn -0.512425 -0.205939 -0.833673
vn -0.536865 0.000000 -0.843668
vn -0.536865 0.000000 -0.843668
vn -0.512425 -0.205939 -0.833673
vn 0.020514 0.008242 -0.999756
vn 0.021227 0.000000 -0.999775
vn 0.021227 0.000000 -0.999775
vn 0.020514 0.008242 -0.999756
vn 0.544592 0.218889 -0.809634
vn 0.571468 0.000000 -0.820624
vn 1.000000 0.000000 0.000000
vn 0.571468 0.000000 -0.820624
vn 0.544592 0.218889 -0.809634
vn 0.927869 0.372907 0.000000
vn 0.927869 0.372907 0.000000
vn 0.755938 0.654643 0.000000
vn 0.471438 0.408260 0.781710
vn 0.544592 0.218889 0.809634
vn 0.544592 0.218889 0.809634
vn 0.471438 0.408260 0.781710
vn 0.018397 0.015935 0.999704
vn 0.020514 0.008242 0.999756
vn 0.020514 0.008242 0.999756
vn 0.018397 0.015935 0.999704
vn -0.445317 -0.385654 0.808062
vn -0.512425 -0.205939 0.833673
vn -0.512425 -0.205939 0.833673
vn -0.445317 -0.385654 0.808062
vn -0.755938 -0.654643 0.000000
vn -0.927869 -0.372907 0.000000
vn -0.927869 -0.372907 0.000000
vn -0.755938 -0.654643 0.000000
vn -0.445317 -0.385654 -0.808062
vn -0.512425 -0.205939 -0.833673
vn -0.512425 -0.205939 -0.833673
vn -0.445317 -0.385654 -0.808062
vn 0.018397 0.015935 -0.999704
vn 0.020514 0.008242 -0.999756
vn 0.020514 0.008242 -0.999756
vn 0.018397 0.015935 -0.999704
vn 0.471438 0.408260 -0.781710
vn 0.544592 0.218889 -0.809634
vn 0.544592 0.218889 -0.809634
vn 0.471438 0.408260 -0.781710
vn 0.755938 0.654643 0.000000
vn 0.927869 0.372907 0.000000
vn 0.755938 0.654643 0.000000
vn 0.554700 0.832050 0.000000
vn 0.368245 0.552367 0.747854
vn 0.471438 0.408260 0.781710
vn 0.471438 0.408260 0.781710
vn 0.368245 0.552367 0.747854
vn 0.015018 0.022526 0.999634
vn 0.018397 0.015935 0.999704
vn 0.018397 0.015935 0.999704
vn 0.015018 0.022526 0.999634
vn -0.349441 -0.524161 0.776625
vn -0.445317 -0.385654 0.808062
vn -0.445317 -0.385654 0.808062
vn -0.349441 -0.524161 0.776625
vn -0.554700 -0.832050 0.000000
vn -0.755938 -0.654643 0.000000
vn -0.755938 -0.654643 0.000000
vn -0.554700 -0.832050 0.000000
vn -0.349441 -0.524161 -0.776625
vn -0.445317 -0.385654 -0.808062
vn -0.445317 -0.385654 -0.808062
vn -0.349441 -0.524161 -0.776625
vn 0.015018 0.022526 -0.999634
vn 0.018397 0.015935 -0.999704
vn 0.018397 0.015935 -0.999704
vn 0.015018 0.022526 -0.999634
vn 0.368245 0.552367 -0.747854
vn 0.471438 0.408260 -0.781710
vn 0.471438 0.408260 -0.781710
vn 0.368245 0.552367 -0.747854
vn 0.554700 0.832050 0.000000
vn 0.755938 0.654643 0.000000
vn 0.554700 0.832050 0.000000
vn 0.359202 0.933260 0.000000
vn 0.250003 0.649556 0.718036
vn 0.368245 0.552367 0.747854
vn 0.368245 0.552367 0.747854
vn 0.250003 0.649556 0.718036
vn 0.010622 0.027591 0.999563
vn 0.015018 0.022526 0.999634
vn 0.015018 0.022526 0.999634
vn 0.010622 0.027591 0.999563
vn -0.238175 -0.618799 0.748572
vn -0.349441 -0.524161 0.776625
vn -0.349441 -0.524161 0.776625
vn -0.238175 -0.618799 0.748572
vn -0.359202 -0.933260 0.000000
vn -0.554700 -0.832050 0.000000
vn -0.554700 -0.832050 0.000000
vn -0.359202 -0.933260 0.000000
vn -0.238175 -0.618799 -0.748572
vn -0.349441 -0.524161 -0.776625
vn -0.349441 -0.524161 -0.776625
vn -0.238175 -0.618799 -0.748572
vn 0.010622 0.027591 -0.999563
vn 0.015018 0.022526 -0.999634
vn 0.015018 0.022526 -0.999634
vn 0.010622 0.027591 -0.999563
vn 0.250008 0.649538 -0.718050
vn 0.368245 0.552367 -0.747854
vn 0.368245 0.552367 -0.747854
vn 0.250008 0.649538 -0.718050
vn 0.359202 0.933260 0.000000
vn 0.554700 0.832050 0.000000
vn 0.359202 0.933260 0.000000
vn 0.175837 0.984419 0.000000
vn 0.125848 0.704606 0.698350
vn 0.250003 0.649556 0.718036
vn 0.250003 0.649556 0.718036
vn 0.125848 0.704606 0.698350
vn 0.005494 0.030764 0.999512
vn 0.010622 0.027591 0.999563
vn 0.010622 0.027591 0.999563
vn 0.005494 0.030764 0.999512
vn -0.120198 -0.672934 0.729872
vn -0.238175 -0.618799 0.748572
vn -0.238175 -0.618799 0.748572
vn -0.120198 -0.672934 0.729872
vn -0.175837 -0.984419 0.000000
vn -0.359202 -0.933260 0.000000
vn -0.359202 -0.933260 0.000000
vn -0.175837 -0.984419 0.000000
vn -0.120198 -0.672934 -0.729872
vn -0.238175 -0.618799 -0.748572
vn -0.238175 -0.618799 -0.748572
vn -0.120198 -0.672934 -0.729872
vn 0.005494 0.030764 -0.999512
vn 0.010622 0.027591 -0.999563
vn 0.010622 0.027591 -0.999563
vn 0.005494 0.030764 -0.999512
vn 0.125848 0.704606 -0.698350
vn 0.250008 0.649538 -0.718050
vn 0.250008 0.649538 -0.718050
vn 0.125848 0.704606 -0.698350
vn 0.175837 0.984419 0.000000
vn 0.359202 0.933260 0.000000
vn 0.175837 0.984419 0.000000
vn 0.000000 1.000000 0.000000
vn 0.000000 0.722351 0.691527
vn 0.125848 0.704606 0.698350
vn 0.125848 0.704606 0.698350
vn 0.000000 0.722351 0.691527
vn 0.000000 0.031861 0.999492
vn 0.005494 0.030764 0.999512
vn 0.005494 0.030764 0.999512
vn 0.000000 0.031861 0.999492
vn 0.000000 -0.690466 0.723365
vn -0.120198 -0.672934 0.729872
vn -0.120198 -0.672934 0.729872
vn 0.000000 -0.690466 0.723365
vn 0.000000 -1.000000 0.000000
vn -0.175837 -0.984419 0.000000
vn -0.175837 -0.984419 0.000000
vn 0.000000 -1.000000 0.000000
vn 0.000000 -0.690466 -0.723365
vn -0.120198 -0.672934 -0.729872
vn -0.120198 -0.672934 -0.729872
vn 0.000000 -0.690466 -0.723365
vn 0.000000 0.031861 -0.999492
vn 0.005494 0.030764 -0.999512
vn 0.005494 0.030764 -0.999512
vn 0.000000 0.031861 -0.999492
vn 0.000000 0.722351 -0.691527
vn 0.125848 0.704606 -0.698350
vn 0.125848 0.704606 -0.698350
vn 0.000000 0.722351 -0.691527
vn 0.000000 1.000000 0.000000
vn 0.175837 0.984419 0.000000
vn 0.000000 1.000000 0.000000
vn -0.175837 0.984419 0.000000
vn -0.125848 0.704606 0.698350
vn 0.000000 0.722351 0.691527
vn 0.000000 0.722351 0.691527
vn -0.125848 0.704606 0.698350
vn -0.005494 0.030764 0.999512
vn 0.000000 0.031861 0.999492
vn 0.000000 0.031861 0.999492
vn -0.005494 0.030764 0.999512
vn 0.120198 -0.672934 0.729872
vn 0.000000 -0.690466 0.723365
vn 0.000000 -0.690466 0.723365
vn 0.120198 -0.672934 0.729872
vn 0.175837 -0.984419 0.000000
vn 0.000000 -1.000000 0.000000
vn 0.000000 -1.000000 0.000000
vn 0.175837 -0.984419 0.000000
vn 0.120198 -0.672934 -0.729872
vn 0.000000 -0.690466 -0.723365
vn 0.000000 -0.690466 -0.723365
vn 0.120198 -0.672934 -0.729872
vn -0.005494 0.030764 -0.999512
vn 0.000000 0.031861 -0.999492
vn 0.000000 0.031861 -0.999492
vn -0.005494 0.030764 -0.999512
vn -0.125848 0.704606 -0.698350
vn 0.000000 0.722351 -0.691527
vn 0.000000 0.722351 -0.691527
vn -0.125848 0.704606 -0.698350
vn -0.175837 0.984419 0.000000
vn 0.000000 1.000000 0.000000
vn -0.175837 0.984419 0.000000
vn -0.359202 0.933260 0.000000
vn -0.250008 0.649538 0.718050
vn -0.125848 0.704606 0.698350
vn -0.125848 0.704606 0.698350
vn -0.250008 0.649538 0.718050
vn -0.010601 0.027591 0.999563
vn -0.005494 0.030764 0.999512
vn -0.005494 0.030764 0.999512
vn -0.010601 0.027591 0.999563
vn 0.238175 -0.618799 0.748572
vn 0.120198 -0.672934 0.729872
vn 0.120198 -0.672934 0.729872
vn 0.238175 -0.618799 0.748572
vn 0.359202 -0.933260 0.000000
vn 0.175837 -0.984419 0.000000
vn 0.175837 -0.984419 0.000000
vn 0.359202 -0.933260 0.000000
vn 0.238175 -0.618799 -0.748572
vn 0.120198 -0.672934 -0.729872
vn 0.120198 -0.672934 -0.729872
vn 0.238175 -0.618799 -0.748572
vn -0.010601 0.027591 -0.999563
vn -0.005494 0.030764 -0.999512
vn -0.005494 0.030764 -0.999512
vn -0.010601 0.027591 -0.999563
vn -0.250008 0.649538 -0.718050
vn -0.125848 0.704606 -0.698350
vn -0.125848 0.704606 -0.698350
vn -0.250008 0.649538 -0.718050
vn -0.359202 0.933260 0.000000
vn -0.175837 0.984419 0.000000
vn -0.359202 0.933260 0.000000
vn -0.554700 0.832050 0.000000
vn -0.368245 0.552367 0.747854
vn -0.250008 0.649538 0.718050
vn -0.250008 0.649538 0.718050
vn -0.368245 0.552367 0.747854
vn -0.015018 0.022526 0.999634
vn -0.010601 0.027591 0.999563
vn -0.010601 0.027591 0.999563
vn -0.015018 0.022526 0.999634
vn 0.349441 -0.524161 0.776625
vn 0.238175 -0.618799 0.748572
vn 0.238175 -0.618799 0.748572
vn 0.349441 -0.524161 0.776625
vn 0.554700 -0.832050 0.000000
vn 0.359202 -0.933260 0.000000
vn 0.359202 -0.933260 0.000000
vn 0.554700 -0.832050 0.000000
vn 0.349441 -0.524161 -0.776625
vn 0.238175 -0.618799 -0.748572
vn 0.238175 -0.618799 -0.748572
vn 0.349441 -0.524161 -0.776625
vn -0.015018 0.022526 -0.999634
vn -0.010601 0.027591 -0.999563
vn -0.010601 0.027591 -0.999563
vn -0.015018 0.022526 -0.999634
vn -0.368245 0.552367 -0.747854
vn -0.250008 0.649538 -0.718050
vn -0.250008 0.649538 -0.718050
vn -0.368245 0.552367 -0.747854
vn -0.554700 0.832050 0.000000
vn -0.359202 0.933260 0.000000
vn -0.554700 0.832050 0.000000
vn -0.755938 0.654643 0.000000
vn -0.471438 0.408260 0.781710
vn -0.368245 0.552367 0.747854
vn -0.368245 0.552367 0.747854
vn -0.471438 0.408260 0.781710
vn -0.018397 0.015935 0.999704
vn -0.015018 0.022526 0.999634
vn -0.015018 0.022526 0.999634
vn -0.018397 0.015935 0.999704
vn 0.445317 -0.385654 0.808062
vn 0.349441 -0.524161 0.776625
vn 0.349441 -0.524161 0.776625
vn 0.445317 -0.385654 0.808062
vn 0.755938 -0.654643 0.000000
vn 0.554700 -0.832050 0.000000
vn 0.554700 -0.832050 0.000000
vn 0.755938 -0.654643 0.000000
vn 0.445317 -0.385654 -0.808062
vn 0.349441 -0.524161 -0.776625
vn 0.349441 -0.524161 -0.776625
vn 0.445317 -0.385654 -0.808062
vn -0.018397 0.015935 -0.999704
vn -0.015018 0.022526 -0.999634
vn -0.015018 0.022526 -0.999634
vn -0.018397 0.015935 -0.999704
vn -0.471438 0.408260 -0.781710
vn -0.368245 0.552367 -0.747854
vn -0.368245 0.552367 -0.747854
vn -0.471438 0.408260 -0.781710
vn -0.755938 0.654643 0.000000
vn -0.554700 0.832050 0.000000
vn -0.755938 0.654643 0.000000
vn -0.927869 0.372907 0.000000
vn -0.544592 0.218889 0.809634
vn -0.471438 0.408260 0.781710
vn -0.471438 0.408260 0.781710
vn -0.544592 0.218889 0.809634
vn -0.020514 0.008242 0.999756
vn -0.018397 0.015935 0.999704
vn -0.018397 0.015935 0.999704
vn -0.020514 0.008242 0.999756
vn 0.512425 -0.205939 0.833673
vn 0.445317 -0.385654 0.808062
vn 0.445317 -0.385654 0.808062
vn 0.512425 -0.205939 0.833673
vn 0.927869 -0.372907 0.000000
vn 0.755938 -0.654643 0.000000
vn 0.755938 -0.654643 0.000000
vn 0.927869 -0.372907 0.000000
vn 0.512425 -0.205939 -0.833673
vn 0.445317 -0.385654 -0.808062
vn 0.445317 -0.385654 -0.808062
vn 0.512425 -0.205939 -0.833673
vn -0.020514 0.008242 -0.999756
vn -0.018397 0.015935 -0.999704
vn -0.018397 0.015935 -0.999704
vn -0.020514 0.008242 -0.999756
vn -0.544592 0.218889 -0.809634
vn -0.471438 0.408260 -0.781710
vn -0.471438 0.408260 -0.781710
vn -0.544592 0.218889 -0.809634
vn -0.927869 0.372907 0.000000
vn -0.755938 0.654643 0.000000
vn -0.927869 0.372907 0.000000
vn -1.000000 0.000000 0.000000
vn -0.571468 0.000000 0.820624
vn -0.544592 0.218889 0.809634
vn -0.544592 0.218889 0.809634
vn -0.571468 0.000000 0.820624
vn -0.021227 0.000000 0.999775
vn -0.020514 0.008242 0.999756
vn -0.020514 0.008242 0.999756
vn -0.021227 0.000000 0.999775
vn 0.536865 0.000000 0.843668
vn 0.512425 -0.205939 0.833673
vn 0.512425 -0.205939 0.833673
vn 0.536865 0.000000 0.843668
vn 1.000000 0.000000 0.000000
vn 0.927869 -0.372907 0.000000
vn 0.927869 -0.372907 0.000000
vn 1.000000 0.000000 0.000000
vn 0.536865 0.000000 -0.843668
vn 0.512425 -0.205939 -0.833673
vn 0.512425 -0.205939 -0.833673
vn 0.536865 0.000000 -0.843668
vn -0.021227 0.000000 -0.999775
vn -0.020514 0.008242 -0.999756
vn -0.020514 0.008242 -0.999756
vn -0.021227 0.000000 -0.999775
vn -0.571468 0.000000 -0.820624
vn -0.544592 0.218889 -0.809634
vn -0.544592 0.218889 -0.809634
vn -0.571468 0.000000 -0.820624
vn -1.000000 0.000000 0.000000
vn -0.927869 0.372907 0.000000
vn -1.000000 0.000000 0.000000
vn -0.927869 -0.372907 0.000000
vn -0.544592 -0.218889 0.809634
vn -0.571468 0.000000 0.820624
vn -0.571468 0.000000 0.820624
vn -0.544592 -0.218889 0.809634
vn -0.020514 -0.008242 0.999756
vn -0.021227 0.000000 0.999775
vn -0.021227 0.000000 0.999775
vn -0.020514 -0.008242 0.999756
vn 0.512425 0.205939 0.833673
vn 0.536865 0.000000 0.843668
vn 0.536865 0.000000 0.843668
vn 0.512425 0.205939 0.833673
vn 0.927869 0.372907 0.000000
vn 1.000000 0.000000 0.000000
vn 1.000000 0.000000 0.000000
vn 0.927869 0.372907 0.000000
vn 0.512425 0.205939 -0.833673
vn 0.536865 0.000000 -0.843668
vn 0.536865 0.000000 -0.843668
vn 0.512425 0.205939 -0.833673
vn -0.020514 -0.008242 -0.999756
vn -0.021227 0.000000 -0.999775
vn -0.021227 0.000000 -0.999775
vn -0.020514 -0.008242 -0.999756
vn -0.544592 -0.218889 -0.809634
vn -0.571468 0.000000 -0.820624
vn -0.571468 0.000000 -0.820624
vn -0.544592 -0.218889 -0.809634
vn -0.927869 -0.372907 0.000000
vn -1.000000 0.000000 0.000000
vn -0.927869 -0.372907 0.000000
vn -0.755938 -0.654643 0.000000
vn -0.471420 -0.408264 0.781718
vn -0.544592 -0.218889 0.809634
vn -0.544592 -0.218889 0.809634
vn -0.471420 -0.408264 0.781718
vn -0.018397 -0.015935 0.999704
vn -0.020514 -0.008242 0.999756
vn -0.020514 -0.008242 0.999756
vn -0.018397 -0.015935 0.999704
vn 0.445317 0.385654 0.808062
vn 0.512425 0.205939 0.833673
vn 0.512425 0.205939 0.833673
vn 0.445317 0.385654 0.808062
vn 0.755938 0.654643 0.000000
vn 0.927869 0.372907 0.000000
vn 0.927869 0.372907 0.000000
vn 0.755938 0.654643 0.000000
vn 0.445317 0.385654 -0.808062
vn 0.512425 0.205939 -0.833673
vn 0.512425 0.205939 -0.833673
vn 0.445317 0.385654 -0.808062
vn -0.018397 -0.015935 -0.999704
vn -0.020514 -0.008242 -0.999756
vn -0.020514 -0.008242 -0.999756
vn -0.018397 -0.015935 -0.999704
vn -0.471438 -0.408260 -0.781710
vn -0.544592 -0.218889 -0.809634
vn -0.544592 -0.218889 -0.809634
vn -0.471438 -0.408260 -0.781710
vn -0.755938 -0.654643 0.000000
vn -0.927869 -0.372907 0.000000
vn -0.755938 -0.654643 0.000000
vn -0.554700 -0.832050 0.000000
vn -0.368245 -0.552367 0.747854
vn -0.471420 -0.408264 0.781718
vn -0.471420 -0.408264 0.781718
vn -0.368245 -0.552367 0.747854
vn -0.015018 -0.022526 0.999634
vn -0.018397 -0.015935 0.999704
vn -0.018397 -0.015935 0.999704
vn -0.015018 -0.022526 0.999634
vn 0.349441 0.524161 0.776625
vn 0.445317 0.385654 0.808062
vn 0.445317 0.385654 0.808062
vn 0.349441 0.524161 0.776625
vn 0.554700 0.832050 0.000000
vn 0.755938 0.654643 0.000000
vn 0.755938 0.654643 0.000000
vn 0.554700 0.832050 0.000000
vn 0.349441 0.524161 -0.776625
vn 0.445317 0.385654 -0.808062
vn 0.445317 0.385654 -0.808062
vn 0.349441 0.524161 -0.776625
vn -0.015018 -0.022526 -0.999634
vn -0.018397 -0.015935 -0.999704
vn -0.018397 -0.015935 -0.999704
vn -0.015018 -0.022526 -0.999634
vn -0.368245 -0.552367 -0.747854
vn -0.471438 -0.408260 -0.781710
vn -0.471438 -0.408260 -0.781710
vn -0.368245 -0.552367 -0.747854
vn -0.554700 -0.832050 0.000000
vn -0.755938 -0.654643 0.000000
vn -0.554700 -0.832050 0.000000
vn -0.359202 -0.933260 0.000000
vn -0.250003 -0.649556 0.718036
vn -0.368245 -0.552367 0.747854
vn -0.368245 -0.552367 0.747854
vn -0.250003 -0.649556 0.718036
vn -0.010601 -0.027591 0.999563
vn -0.015018 -0.022526 0.999634
vn -0.015018 -0.022526 0.999634
vn -0.010601 -0.027591 0.999563
vn 0.238175 0.618799 0.748572
vn 0.349441 0.524161 0.776625
vn 0.349441 0.524161 0.776625
vn 0.238175 0.618799 0.748572
vn 0.359202 0.933260 0.000000
vn 0.554700 0.832050 0.000000
vn 0.554700 0.832050 0.000000
vn 0.359202 0.933260 0.000000
vn 0.238175 0.618799 -0.748572
vn 0.349441 0.524161 -0.776625
vn 0.349441 0.524161 -0.776625
vn 0.238175 0.618799 -0.748572
vn -0.010601 -0.027591 -0.999563
vn -0.015018 -0.022526 -0.999634
vn -0.015018 -0.022526 -0.999634
vn -0.010601 -0.027591 -0.999563
vn -0.250003 -0.649556 -0.718036
vn -0.368245 -0.552367 -0.747854
vn -0.368245 -0.552367 -0.747854
vn -0.250003 -0.649556 -0.718036
vn -0.359202 -0.933260 0.000000
vn -0.554700 -0.832050 0.000000
vn -0.359202 -0.933260 0.000000
vn -0.175837 -0.984419 0.000000
vn -0.125848 -0.704606 0.698350
vn -0.250003 -0.649556 0.718036
vn -0.250003 -0.649556 0.718036
vn -0.125848 -0.704606 0.698350
vn -0.005494 -0.030764 0.999512
vn -0.010601 -0.027591 0.999563
vn -0.010601 -0.027591 0.999563
vn -0.005494 -0.030764 0.999512
vn 0.120198 0.672934 0.729872
vn 0.238175 0.618799 0.748572
vn 0.238175 0.618799 0.748572
vn 0.120198 0.672934 0.729872
vn 0.175837 0.984419 0.000000
vn 0.359202 0.933260 0.000000
vn 0.359202 0.933260 0.000000
vn 0.175837 0.984419 0.000000
vn 0.120198 0.672934 -0.729872
vn 0.238175 0.618799 -0.748572
vn 0.238175 0.618799 -0.748572
vn 0.120198 0.672934 -0.729872
vn -0.005494 -0.030764 -0.999512
vn -0.010601 -0.027591 -0.999563
vn -0.010601 -0.027591 -0.999563
vn -0.005494 -0.030764 -0.999512
vn -0.125848 -0.704606 -0.698350
vn -0.250003 -0.649556 -0.718036
vn -0.250003 -0.649556 -0.718036
vn -0.125848 -0.704606 -0.698350
vn -0.175837 -0.984419 0.000000
vn -0.359202 -0.933260 0.000000
vn -0.175837 -0.984419 0.000000
vn 0.000000 -1.000000 0.000000
vn 0.000000 -0.722336 0.691542
vn -0.125848 -0.704606 0.698350
vn -0.125848 -0.704606 0.698350
vn 0.000000 -0.722336 0.691542
vn 0.000000 -0.031831 0.999493
vn -0.005494 -0.030764 0.999512
vn -0.005494 -0.030764 0.999512
vn 0.000000 -0.031831 0.999493
vn 0.000000 0.690466 0.723365
vn 0.120198 0.672934 0.729872
vn 0.120198 0.672934 0.729872
vn 0.000000 0.690466 0.723365
vn 0.000000 1.000000 0.000000
vn 0.175837 0.984419 0.000000
vn 0.175837 0.984419 0.000000
vn 0.000000 1.000000 0.000000
vn 0.000000 0.690466 -0.723365
vn 0.120198 0.672934 -0.729872
vn 0.120198 0.672934 -0.729872
vn 0.000000 0.690466 -0.723365
vn 0.000000 -0.031831 -0.999493
vn -0.005494 -0.030764 -0.999512
vn -0.005494 -0.030764 -0.999512
vn 0.000000 -0.031831 -0.999493
vn 0.000000 -0.722336 -0.691542
vn -0.125848 -0.704606 -0.698350
vn -0.125848 -0.704606 -0.698350
vn 0.000000 -0.722336 -0.691542
vn 0.000000 -1.000000 0.000000
vn -0.175837 -0.984419 0.000000
vn 0.000000 -1.000000 0.000000
vn 0.175837 -0.984419 0.000000
vn 0.125848 -0.704606 0.698350
vn 0.000000 -0.722336 0.691542
vn 0.000000 -0.722336 0.691542
vn 0.125848 -0.704606 0.698350
vn 0.005494 -0.030764 0.999512
vn 0.000000 -0.031831 0.999493
vn 0.000000 -0.031831 0.999493
vn 0.005494 -0.030764 0.999512
vn -0.120198 0.672934 0.729872
vn 0.000000 0.690466 0.723365
vn 0.000000 0.690466 0.723365
vn -0.120198 0.672934 0.729872
vn -0.175837 0.984419 0.000000
vn 0.000000 1.000000 0.000000
vn 0.000000 1.000000 0.000000
vn -0.175837 0.984419 0.000000
vn -0.120198 0.672934 -0.729872
vn 0.000000 0.690466 -0.723365
vn 0.000000 0.690466 -0.723365
vn -0.120198 0.672934 -0.729872
vn 0.005494 -0.030764 -0.999512
vn 0.000000 -0.031831 -0.999493
vn 0.000000 -0.031831 -0.999493
vn 0.005494 -0.030764 -0.999512
vn 0.125848 -0.704606 -0.698350
vn 0.000000 -0.722336 -0.691542
vn 0.000000 -0.722336 -0.691542
vn 0.125848 -0.704606 -0.698350
vn 0.175837 -0.984419 0.000000
vn 0.000000 -1.000000 0.000000
vn 0.175837 -0.984419 0.000000
vn 0.359202 -0.933260 0.000000
vn 0.250003 -0.649556 0.718036
vn 0.125848 -0.704606 0.698350
vn 0.125848 -0.704606 0.698350
vn 0.250003 -0.649556 0.718036
vn 0.010601 -0.027591 0.999563
vn 0.005494 -0.030764 0.999512
vn 0.005494 -0.030764 0.999512
vn 0.010601 -0.027591 0.999563
vn -0.238175 0.618799 0.748572
vn -0.120198 0.672934 0.729872
vn -0.120198 0.672934 0.729872
vn -0.238175 0.618799 0.748572
vn -0.359202 0.933260 0.000000
vn -0.175837 0.984419 0.000000
vn -0.175837 0.984419 0.000000
vn -0.359202 0.933260 0.000000
vn -0.238175 0.618799 -0.748572
vn -0.120198 0.672934 -0.729872
vn -0.120198 0.672934 -0.729872
vn -0.238175 0.618799 -0.748572
vn 0.010622 -0.027591 -0.999563
vn 0.005494 -0.030764 -0.999512
vn 0.005494 -0.030764 -0.999512
vn 0.010622 -0.027591 -0.999563
vn 0.250003 -0.649556 -0.718036
vn 0.125848 -0.704606 -0.698350
vn 0.125848 -0.704606 -0.698350
vn 0.250003 -0.649556 -0.718036
vn 0.359202 -0.933260 0.000000
vn 0.175837 -0.984419 0.000000
vn 0.359202 -0.933260 0.000000
vn 0.554700 -0.832050 0.000000
vn 0.368245 -0.552367 0.747854
vn 0.250003 -0.649556 0.718036
vn 0.250003 -0.649556 0.718036
vn 0.368245 -0.552367 0.747854
vn 0.015018 -0.022526 0.999634
vn 0.010601 -0.027591 0.999563
vn 0.010601 -0.027591 0.999563
vn 0.015018 -0.022526 0.999634
vn -0.349441 0.524161 0.776625
vn -0.238175 0.618799 0.748572
vn -0.238175 0.618799 0.748572
vn -0.349441 0.524161 0.776625
vn -0.554700 0.832050 0.000000
vn -0.359202 0.933260 0.000000
vn -0.359202 0.933260 0.000000
vn -0.554700 0.832050 0.000000
vn -0.349441 0.524161 -0.776625
vn -0.238175 0.618799 -0.748572
vn -0.238175 0.618799 -0.748572
vn -0.349441 0.524161 -0.776625
vn 0.015018 -0.022526 -0.999634
vn 0.010622 -0.027591 -0.999563
vn 0.010622 -0.027591 -0.999563
vn 0.015018 -0.022526 -0.999634
vn 0.368245 -0.552367 -0.747854
vn 0.250003 -0.649556 -0.718036
vn 0.250003 -0.649556 -0.718036
vn 0.368245 -0.552367 -0.747854
vn 0.554700 -0.832050 0.000000
vn 0.359202 -0.933260 0.000000
vn 0.554700 -0.832050 0.000000
vn 0.755938 -0.654643 0.000000
vn 0.471420 -0.408264 0.781718
vn 0.368245 -0.552367 0.747854
vn 0.368245 -0.552367 0.747854
vn 0.471420 -0.408264 0.781718
vn 0.018397 -0.015935 0.999704
vn 0.015018 -0.022526 0.999634
vn 0.015018 -0.022526 0.999634
vn 0.018397 -0.015935 0.999704
vn -0.445317 0.385654 0.808062
vn -0.349441 0.524161 0.776625
vn -0.349441 0.524161 0.776625
vn -0.445317 0.385654 0.808062
vn -0.755938 0.654643 0.000000
vn -0.554700 0.832050 0.000000
vn -0.554700 0.832050 0.000000
vn -0.755938 0.654643 0.000000
vn -0.445317 0.385654 -0.808062
vn -0.349441 0.524161 -0.776625
vn -0.349441 0.524161 -0.776625
vn -0.445317 0.385654 -0.808062
vn 0.018397 -0.015935 -0.999704
vn 0.015018 -0.022526 -0.999634
vn 0.015018 -0.022526 -0.999634
vn 0.018397 -0.015935 -0.999704
vn 0.471420 -0.408264 -0.781718
vn 0.368245 -0.552367 -0.747854
vn 0.368245 -0.552367 -0.747854
vn 0.471420 -0.408264 -0.781718
vn 0.755938 -0.654643 0.000000
vn 0.554700 -0.832050 0.000000
vn 0.755938 -0.654643 0.000000
vn 0.927869 -0.372907 0.000000
vn 0.544592 -0.218889 0.809634
vn 0.471420 -0.408264 0.781718
vn 0.471420 -0.408264 0.781718
vn 0.544592 -0.218889 0.809634
vn 0.020514 -0.008242 0.999756
vn 0.018397 -0.015935 0.999704
vn 0.018397 -0.015935 0.999704
vn 0.020514 -0.008242 0.999756
vn -0.512425 0.205939 0.833673
vn -0.445317 0.385654 0.808062
vn -0.445317 0.385654 0.808062
vn -0.512425 0.205939 0.833673
vn -0.927869 0.372907 0.000000
vn -0.755938 0.654643 0.000000
vn -0.755938 0.654643 0.000000
vn -0.927869 0.372907 0.000000
vn -0.512425 0.205939 -0.833673
vn -0.445317 0.385654 -0.808062
vn -0.445317 0.385654 -0.808062
vn -0.512425 0.205939 -0.833673
vn 0.020514 -0.008242 -0.999756
vn 0.018397 -0.015935 -0.999704
vn 0.018397 -0.015935 -0.999704
vn 0.020514 -0.008242 -0.999756
vn 0.544592 -0.218889 -0.809634
vn 0.471420 -0.408264 -0.781718
vn 0.471420 -0.408264 -0.781718
vn 0.544592 -0.218889 -0.809634
vn 0.927869 -0.372907 0.000000
vn 0.755938 -0.654643 0.000000
vn 0.927869 -0.372907 0.000000
vn 1.000000 0.000000 0.000000
vn 0.571468 0.000000 0.820624
vn 0.544592 -0.218889 0.809634
vn 0.544592 -0.218889 0.809634
vn 0.571468 0.000000 0.820624
vn 0.021227 0.000000 0.999775
vn 0.020514 -0.008242 0.999756
vn 0.020514 -0.008242 0.999756
vn 0.021227 0.000000 0.999775
vn -0.536865 0.000000 0.843668
vn -0.512425 0.205939 0.833673
vn -0.512425 0.205939 0.833673
vn -0.536865 0.000000 0.843668
vn -1.000000 0.000000 0.000000
vn -0.927869 0.372907 0.000000
vn -0.927869 0.372907 0.000000
vn -1.000000 0.000000 0.000000
vn -0.536865 0.000000 -0.843668
vn -0.512425 0.205939 -0.833673
vn -0.512425 0.205939 -0.833673
vn -0.536865 0.000000 -0.843668
vn 0.021227 0.000000 -0.999775
vn 0.020514 -0.008242 -0.999756
vn 0.020514 -0.008242 -0.999756
vn 0.021227 0.000000 -0.999775
vn 0.571468 0.000000 -0.820624
vn 0.544592 -0.218889 -0.809634
vn 0.544592 -0.218889 -0.809634
vn 0.571468 0.000000 -0.820624
vn 1.000000 0.000000 0.000000
vn 0.927869 -0.372907 0.000000
vn 0.000000 -0.039828 0.999207
vn 0.000000 0.165077 0.986281
vn -0.540823 0.132709 0.830601
vn -0.545009 -0.033987 0.837741
vn -0.545009 -0.033987 0.837741
vn -0.540823 0.132709 0.830601
vn -0.998571 -0.000914 0.053427
vn -0.999785 -0.001374 0.020689
vn -0.999785 -0.001374 0.020689
vn -0.998571 -0.000914 0.053427
vn -0.578557 -0.126854 -0.805717
vn -0.559889 0.035466 -0.827808
vn -0.559889 0.035466 -0.827808
vn -0.578557 -0.126854 -0.805717
vn 0.000000 -0.149453 -0.988769
vn 0.000000 0.043704 -0.999045
vn 0.000000 0.043704 -0.999045
vn 0.000000 -0.149453 -0.988769
vn 0.578557 -0.126854 -0.805717
vn 0.559889 0.035466 -0.827808
vn 0.559889 0.035466 -0.827808
vn 0.578557 -0.126854 -0.805717
vn 0.998571 -0.000914 0.053427
vn 0.999785 -0.001374 0.020689
vn 0.999785 -0.001374 0.020689
vn 0.998571 -0.000914 0.053427
vn 0.540823 0.132709 0.830601
vn 0.545009 -0.033987 0.837741
vn 0.000000 -0.039828 0.999207
vn 0.545009 -0.033987 0.837741
vn 0.540823 0.132709 0.830601
vn 0.000000 0.165077 0.986281
vn 0.000000 0.165077 0.986281
vn 0.000000 0.406761 0.913534
vn -0.556250 0.331758 0.761920
vn -0.540823 0.132709 0.830601
vn -0.540823 0.132709 0.830601
vn -0.556250 0.331758 0.761920
vn -0.999139 0.007459 0.040816
vn -0.998571 -0.000914 0.053427
vn -0.998571 -0.000914 0.053427
vn -0.999139 0.007459 0.040816
vn -0.585599 -0.324183 -0.742953
vn -0.578557 -0.126854 -0.805717
vn -0.578557 -0.126854 -0.805717
vn -0.585599 -0.324183 -0.742953
vn 0.000000 -0.393912 -0.919148
vn 0.000000 -0.149453 -0.988769
vn 0.000000 -0.149453 -0.988769
vn 0.000000 -0.393912 -0.919148
vn 0.585599 -0.324183 -0.742953
vn 0.578557 -0.126854 -0.805717
vn 0.578557 -0.126854 -0.805717
vn 0.585599 -0.324183 -0.742953
vn 0.999139 0.007459 0.040816
vn 0.998571 -0.000914 0.053427
vn 0.998571 -0.000914 0.053427
vn 0.999139 0.007459 0.040816
vn 0.556250 0.331758 0.761920
vn 0.540823 0.132709 0.830601
vn 0.540823 0.132709 0.830601
vn 0.556250 0.331758 0.761920
vn 0.000000 0.406761 0.913534
vn 0.000000 0.165077 0.986281
vn 0.000000 0.406761 0.913534
vn 0.000000 0.611457 0.791278
vn -0.571886 0.493775 0.655082
vn -0.556250 0.331758 0.761920
vn -0.556250 0.331758 0.761920
vn -0.571886 0.493775 0.655082
vn -0.998956 0.017341 0.042275
vn -0.999139 0.007459 0.040816
vn -0.999139 0.007459 0.040816
vn -0.998956 0.017341 0.042275
vn -0.605943 -0.480226 -0.634205
vn -0.585599 -0.324183 -0.742953
vn -0.585599 -0.324183 -0.742953
vn -0.605943 -0.480226 -0.634205
vn 0.000000 -0.596037 -0.802957
vn 0.000000 -0.393912 -0.919148
vn 0.000000 -0.393912 -0.919148
vn 0.000000 -0.596037 -0.802957
vn 0.605943 -0.480226 -0.634205
vn 0.585599 -0.324183 -0.742953
vn 0.585599 -0.324183 -0.742953
vn 0.605943 -0.480226 -0.634205
vn 0.998956 0.017341 0.042275
vn 0.999139 0.007459 0.040816
vn 0.999139 0.007459 0.040816
vn 0.998956 0.017341 0.042275
vn 0.571886 0.493775 0.655082
vn 0.556250 0.331758 0.761920
vn 0.556250 0.331758 0.761920
vn 0.571886 0.493775 0.655082
vn 0.000000 0.611457 0.791278
vn 0.000000 0.406761 0.913534
vn 0.000000 0.611457 0.791278
vn 0.000000 0.801838 0.597541
vn -0.589310 0.641283 0.491396
vn -0.571886 0.493775 0.655082
vn -0.571886 0.493775 0.655082
vn -0.589310 0.641283 0.491396
vn -0.998825 0.030834 0.037378
vn -0.998956 0.017341 0.042275
vn -0.998956 0.017341 0.042275
vn -0.998825 0.030834 0.037378
vn -0.629879 -0.618133 -0.470281
vn -0.605943 -0.480226 -0.634205
vn -0.605943 -0.480226 -0.634205
vn -0.629879 -0.618133 -0.470281
vn 0.000000 -0.789385 -0.613899
vn 0.000000 -0.596037 -0.802957
vn 0.000000 -0.596037 -0.802957
vn 0.000000 -0.789385 -0.613899
vn 0.629879 -0.618133 -0.470281
vn 0.605943 -0.480226 -0.634205
vn 0.605943 -0.480226 -0.634205
vn 0.629879 -0.618133 -0.470281
vn 0.998825 0.030834 0.037378
vn 0.998956 0.017341 0.042275
vn 0.998956 0.017341 0.042275
vn 0.998825 0.030834 0.037378
vn 0.589310 0.641283 0.491396
vn 0.571886 0.493775 0.655082
vn 0.571886 0.493775 0.655082
vn 0.589310 0.641283 0.491396
vn 0.000000 0.801838 0.597541
vn 0.000000 0.611457 0.791278
vn 0.000000 0.801838 0.597541
vn 0.000000 0.945314 0.326163
vn -0.603536 0.751224 0.267221
vn -0.589310 0.641283 0.491396
vn -0.589310 0.641283 0.491396
vn -0.603536 0.751224 0.267221
vn -0.998788 0.043644 0.022737
vn -0.998825 0.030834 0.037378
vn -0.998825 0.030834 0.037378
vn -0.998788 0.043644 0.022737
vn -0.650314 -0.716471 -0.252509
vn -0.629879 -0.618133 -0.470281
vn -0.629879 -0.618133 -0.470281
vn -0.650314 -0.716471 -0.252509
vn 0.000000 -0.940630 -0.339434
vn 0.000000 -0.789385 -0.613899
vn 0.000000 -0.789385 -0.613899
vn 0.000000 -0.940630 -0.339434
vn 0.650314 -0.716471 -0.252509
vn 0.629879 -0.618133 -0.470281
vn 0.629879 -0.618133 -0.470281
vn 0.650314 -0.716471 -0.252509
vn 0.998788 0.043644 0.022737
vn 0.998825 0.030834 0.037378
vn 0.998825 0.030834 0.037378
vn 0.998788 0.043644 0.022737
vn 0.603536 0.751224 0.267221
vn 0.589310 0.641283 0.491396
vn 0.589310 0.641283 0.491396
vn 0.603536 0.751224 0.267221
vn 0.000000 0.945314 0.326163
vn 0.000000 0.801838 0.597541
vn 0.000000 0.945314 0.326163
vn 0.000000 1.000000 0.000000
vn -0.609100 0.793093 0.000000
vn -0.603536 0.751224 0.267221
vn -0.603536 0.751224 0.267221
vn -0.609100 0.793093 0.000000
vn -0.998792 0.049133 0.000000
vn -0.998788 0.043644 0.022737
vn -0.998788 0.043644 0.022737
vn -0.998792 0.049133 0.000000
vn -0.658529 -0.752556 0.000000
vn -0.650314 -0.716471 -0.252509
vn -0.650314 -0.716471 -0.252509
vn -0.658529 -0.752556 0.000000
vn 0.000000 -1.000000 0.000000
vn 0.000000 -0.940630 -0.339434
vn 0.000000 -0.940630 -0.339434
vn 0.000000 -1.000000 0.000000
vn 0.658529 -0.752556 0.000000
vn 0.650314 -0.716471 -0.252509
vn 0.650314 -0.716471 -0.252509
vn 0.658529 -0.752556 0.000000
vn 0.998792 0.049133 0.000000
vn 0.998788 0.043644 0.022737
vn 0.998788 0.043644 0.022737
vn 0.998792 0.049133 0.000000
vn 0.609100 0.793093 0.000000
vn 0.603536 0.751224 0.267221
vn 0.603536 0.751224 0.267221
vn 0.609100 0.793093 0.000000
vn 0.000000 1.000000 0.000000
vn 0.000000 0.945314 0.326163
vn 0.000000 1.000000 0.000000
vn 0.000000 0.945314 -0.326163
vn -0.603536 0.751224 -0.267221
vn -0.609100 0.793093 0.000000
vn -0.609100 0.793093 0.000000
vn -0.603536 0.751224 -0.267221
vn -0.998788 0.043644 -0.022737
vn -0.998792 0.049133 0.000000
vn -0.998792 0.049133 0.000000
vn -0.998788 0.043644 -0.022737
vn -0.650314 -0.716471 0.252509
vn -0.658529 -0.752556 0.000000
vn -0.658529 -0.752556 0.000000
vn -0.650314 -0.716471 0.252509
vn 0.000000 -0.940630 0.339434
vn 0.000000 -1.000000 0.000000
vn 0.000000 -1.000000 0.000000
vn 0.000000 -0.940630 0.339434
vn 0.650314 -0.716471 0.252509
vn 0.658529 -0.752556 0.000000
vn 0.658529 -0.752556 0.000000
vn 0.650314 -0.716471 0.252509
vn 0.998788 0.043644 -0.022737
vn 0.998792 0.049133 0.000000
vn 0.998792 0.049133 0.000000
vn 0.998788 0.043644 -0.022737
vn 0.603536 0.751224 -0.267221
vn 0.609100 0.793093 0.000000
vn 0.609100 0.793093 0.000000
vn 0.603536 0.751224 -0.267221
vn 0.000000 0.945314 -0.326163
vn 0.000000 1.000000 0.000000
vn 0.000000 0.945314 -0.326163
vn 0.000000 0.801838 -0.597541
vn -0.589310 0.641283 -0.491396
vn -0.603536 0.751224 -0.267221
vn -0.603536 0.751224 -0.267221
vn -0.589310 0.641283 -0.491396
vn -0.998825 0.030834 -0.037378
vn -0.998788 0.043644 -0.022737
vn -0.998788 0.043644 -0.022737
vn -0.998825 0.030834 -0.037378
vn -0.629893 -0.618110 0.470292
vn -0.650314 -0.716471 0.252509
vn -0.650314 -0.716471 0.252509
vn -0.629893 -0.618110 0.470292
vn 0.000000 -0.789385 0.613899
vn 0.000000 -0.940630 0.339434
vn 0.000000 -0.940630 0.339434
vn 0.000000 -0.789385 0.613899
vn 0.629893 -0.618110 0.470292
vn 0.650314 -0.716471 0.252509
vn 0.650314 -0.716471 0.252509
vn 0.629893 -0.618110 0.470292
vn 0.998825 0.030834 -0.037378
vn 0.998788 0.043644 -0.022737
vn 0.998788 0.043644 -0.022737
vn 0.998825 0.030834 -0.037378
vn 0.589310 0.641283 -0.491396
vn 0.603536 0.751224 -0.267221
vn 0.603536 0.751224 -0.267221
vn 0.589310 0.641283 -0.491396
vn 0.000000 0.801838 -0.597541
vn 0.000000 0.945314 -0.326163
vn 0.000000 0.801838 -0.597541
vn 0.000000 0.611457 -0.791278
vn -0.571886 0.493775 -0.655082
vn -0.589310 0.641283 -0.491396
vn -0.589310 0.641283 -0.491396
vn -0.571886 0.493775 -0.655082
vn -0.998956 0.017341 -0.042275
vn -0.998825 0.030834 -0.037378
vn -0.998825 0.030834 -0.037378
vn -0.998956 0.017341 -0.042275
vn -0.605943 -0.480226 0.634205
vn -0.629893 -0.618110 0.470292
vn -0.629893 -0.618110 0.470292
vn -0.605943 -0.480226 0.634205
vn 0.000000 -0.596037 0.802957
vn 0.000000 -0.789385 0.613899
vn 0.000000 -0.789385 0.613899
vn 0.000000 -0.596037 0.802957
vn 0.605943 -0.480226 0.634205
vn 0.629893 -0.618110 0.470292
vn 0.629893 -0.618110 0.470292
vn 0.605943 -0.480226 0.634205
vn 0.998956 0.017341 -0.042275
vn 0.998825 0.030834 -0.037378
vn 0.998825 0.030834 -0.037378
vn 0.998956 0.017341 -0.042275
vn 0.571886 0.493775 -0.655082
vn 0.589310 0.641283 -0.491396
vn 0.589310 0.641283 -0.491396
vn 0.571886 0.493775 -0.655082
vn 0.000000 0.611457 -0.791278
vn 0.000000 0.801838 -0.597541
vn 0.000000 0.611457 -0.791278
vn 0.000000 0.406761 -0.913534
vn -0.556265 0.331767 -0.761905
vn -0.571886 0.493775 -0.655082
vn -0.571886 0.493775 -0.655082
vn -0.556265 0.331767 -0.761905
vn -0.999139 0.007459 -0.040816
vn -0.998956 0.017341 -0.042275
vn -0.998956 0.017341 -0.042275
vn -0.999139 0.007459 -0.040816
vn -0.585599 -0.324183 0.742953
vn -0.605943 -0.480226 0.634205
vn -0.605943 -0.480226 0.634205
vn -0.585599 -0.324183 0.742953
vn 0.000000 -0.393912 0.919148
vn 0.000000 -0.596037 0.802957
vn 0.000000 -0.596037 0.802957
vn 0.000000 -0.393912 0.919148
vn 0.585599 -0.324183 0.742953
vn 0.605943 -0.480226 0.634205
vn 0.605943 -0.480226 0.634205
vn 0.585599 -0.324183 0.742953
vn 0.999139 0.007459 -0.040816
vn 0.998956 0.017341 -0.042275
vn 0.998956 0.017341 -0.042275
vn 0.999139 0.007459 -0.040816
vn 0.556265 0.331767 -0.761905
vn 0.571886 0.493775 -0.655082
vn 0.571886 0.493775 -0.655082
vn 0.556265 0.331767 -0.761905
vn 0.000000 0.406761 -0.913534
vn 0.000000 0.611457 -0.791278
vn 0.000000 0.406761 -0.913534
vn 0.000000 0.165077 -0.986281
vn -0.540823 0.132709 -0.830601
vn -0.556265 0.331767 -0.761905
vn -0.556265 0.331767 -0.761905
vn -0.540823 0.132709 -0.830601
vn -0.998571 -0.000914 -0.053427
vn -0.999139 0.007459 -0.040816
vn -0.999139 0.007459 -0.040816
vn -0.998571 -0.000914 -0.053427
vn -0.578557 -0.126854 0.805717
vn -0.585599 -0.324183 0.742953
vn -0.585599 -0.324183 0.742953
vn -0.578557 -0.126854 0.805717
vn 0.000000 -0.149453 0.988769
vn 0.000000 -0.393912 0.919148
vn 0.000000 -0.393912 0.919148
vn 0.000000 -0.149453 0.988769
vn 0.578557 -0.126854 0.805717
vn 0.585599 -0.324183 0.742953
vn 0.585599 -0.324183 0.742953
vn 0.578557 -0.126854 0.805717
vn 0.998571 -0.000914 -0.053427
vn 0.999139 0.007459 -0.040816
vn 0.999139 0.007459 -0.040816
vn 0.998571 -0.000914 -0.053427
vn 0.540823 0.132709 -0.830601
vn 0.556265 0.331767 -0.761905
vn 0.556265 0.331767 -0.761905
vn 0.540823 0.132709 -0.830601
vn 0.000000 0.165077 -0.986281
vn 0.000000 0.406761 -0.913534
vn 0.000000 0.165077 -0.986281
vn 0.000000 -0.039828 -0.999207
vn -0.545009 -0.033987 -0.837741
vn -0.540823 0.132709 -0.830601
vn -0.540823 0.132709 -0.830601
vn -0.545009 -0.033987 -0.837741
vn -0.999784 -0.001374 -0.020736
vn -0.998571 -0.000914 -0.053427
vn -0.998571 -0.000914 -0.053427
vn -0.999784 -0.001374 -0.020736
vn -0.559889 0.035466 0.827808
vn -0.578557 -0.126854 0.805717
vn -0.578557 -0.126854 0.805717
vn -0.559889 0.035466 0.827808
vn 0.000000 0.043704 0.999045
vn 0.000000 -0.149453 0.988769
vn 0.000000 -0.149453 0.988769
vn 0.000000 0.043704 0.999045
vn 0.559889 0.035466 0.827808
vn 0.578557 -0.126854 0.805717
vn 0.578557 -0.126854 0.805717
vn 0.559889 0.035466 0.827808
vn 0.999784 -0.001374 -0.020736
vn 0.998571 -0.000914 -0.053427
vn 0.998571 -0.000914 -0.053427
vn 0.999784 -0.001374 -0.020736
vn 0.545009 -0.033987 -0.837741
vn 0.540823 0.132709 -0.830601
vn 0.540823 0.132709 -0.830601
vn 0.545009 -0.033987 -0.837741
vn 0.000000 -0.039828 -0.999207
vn 0.000000 0.165077 -0.986281
vn 0.000000 -0.039828 -0.999207
vn 0.000000 -0.202128 -0.979359
vn -0.545711 -0.166065 -0.821354
vn -0.545009 -0.033987 -0.837741
vn -0.545009 -0.033987 -0.837741
vn -0.545711 -0.166065 -0.821354
vn -0.999293 -0.002197 -0.037524
vn -0.999784 -0.001374 -0.020736
vn -0.999784 -0.001374 -0.020736
vn -0.999293 -0.002197 -0.037524
vn -0.572534 0.162520 0.803612
vn -0.559889 0.035466 0.827808
vn -0.559889 0.035466 0.827808
vn -0.572534 0.162520 0.803612
vn 0.000000 0.195077 0.980788
vn 0.000000 0.043704 0.999045
vn 0.000000 0.043704 0.999045
vn 0.000000 0.195077 0.980788
vn 0.572534 0.162520 0.803612
vn 0.559889 0.035466 0.827808
vn 0.559889 0.035466 0.827808
vn 0.572534 0.162520 0.803612
vn 0.999293 -0.002197 -0.037524
vn 0.999784 -0.001374 -0.020736
vn 0.999784 -0.001374 -0.020736
vn 0.999293 -0.002197 -0.037524
vn 0.545711 -0.166065 -0.821354
vn 0.545009 -0.033987 -0.837741
vn 0.545009 -0.033987 -0.837741
vn 0.545711 -0.166065 -0.821354
vn 0.000000 -0.202128 -0.979359
vn 0.000000 -0.039828 -0.999207
vn 0.000000 -0.202128 -0.979359
vn 0.000000 -0.406761 -0.913534
vn -0.556250 -0.331758 -0.761920
vn -0.545711 -0.166065 -0.821354
vn -0.545711 -0.166065 -0.821354
vn -0.556250 -0.331758 -0.761920
vn -0.999139 -0.007459 -0.040816
vn -0.999293 -0.002197 -0.037524
vn -0.999293 -0.002197 -0.037524
vn -0.999139 -0.007459 -0.040816
vn -0.585599 0.324183 0.742953
vn -0.572534 0.162520 0.803612
vn -0.572534 0.162520 0.803612
vn -0.585599 0.324183 0.742953
vn 0.000000 0.393912 0.919148
vn 0.000000 0.195077 0.980788
vn 0.000000 0.195077 0.980788
vn 0.000000 0.393912 0.919148
vn 0.585599 0.324183 0.742953
vn 0.572534 0.162520 0.803612
vn 0.572534 0.162520 0.803612
vn 0.585599 0.324183 0.742953
vn 0.999139 -0.007459 -0.040816
vn 0.999293 -0.002197 -0.037524
vn 0.999293 -0.002197 -0.037524
vn 0.999139 -0.007459 -0.040816
vn 0.556250 -0.331758 -0.761920
vn 0.545711 -0.166065 -0.821354
vn 0.545711 -0.166065 -0.821354
vn 0.556250 -0.331758 -0.761920
vn 0.000000 -0.406761 -0.913534
vn 0.000000 -0.202128 -0.979359
vn 0.000000 -0.406761 -0.913534
vn 0.000000 -0.611457 -0.791278
vn -0.571886 -0.493775 -0.655082
vn -0.556250 -0.331758 -0.761920
vn -0.556250 -0.331758 -0.761920
vn -0.571886 -0.493775 -0.655082
vn -0.998956 -0.017341 -0.042275
vn -0.999139 -0.007459 -0.040816
vn -0.999139 -0.007459 -0.040816
vn -0.998956 -0.017341 -0.042275
vn -0.605943 0.480226 0.634205
vn -0.585599 0.324183 0.742953
vn -0.585599 0.324183 0.742953
vn -0.605943 0.480226 0.634205
vn 0.000000 0.596037 0.802957
vn 0.000000 0.393912 0.919148
vn 0.000000 0.393912 0.919148
vn 0.000000 0.596037 0.802957
vn 0.605943 0.480226 0.634205
vn 0.585599 0.324183 0.742953
vn 0.585599 0.324183 0.742953
vn 0.605943 0.480226 0.634205
vn 0.998956 -0.017341 -0.042275
vn 0.999139 -0.007459 -0.040816
vn 0.999139 -0.007459 -0.040816
vn 0.998956 -0.017341 -0.042275
vn 0.571886 -0.493775 -0.655082
vn 0.556250 -0.331758 -0.761920
vn 0.556250 -0.331758 -0.761920
vn 0.571886 -0.493775 -0.655082
vn 0.000000 -0.611457 -0.791278
vn 0.000000 -0.406761 -0.913534
vn 0.000000 -0.611457 -0.791278
vn 0.000000 -0.801838 -0.597541
vn -0.589310 -0.641283 -0.491396
vn -0.571886 -0.493775 -0.655082
vn -0.571886 -0.493775 -0.655082
vn -0.589310 -0.641283 -0.491396
vn -0.998825 -0.030834 -0.037378
vn -0.998956 -0.017341 -0.042275
vn -0.998956 -0.017341 -0.042275
vn -0.998825 -0.030834 -0.037378
vn -0.629879 0.618133 0.470281
vn -0.605943 0.480226 0.634205
vn -0.605943 0.480226 0.634205
vn -0.629879 0.618133 0.470281
vn 0.000000 0.789385 0.613899
vn 0.000000 0.596037 0.802957
vn 0.000000 0.596037 0.802957
vn 0.000000 0.789385 0.613899
vn 0.629879 0.618133 0.470281
vn 0.605943 0.480226 0.634205
vn 0.605943 0.480226 0.634205
vn 0.629879 0.618133 0.470281
vn 0.998825 -0.030834 -0.037378
vn 0.998956 -0.017341 -0.042275
vn 0.998956 -0.017341 -0.042275
vn 0.998825 -0.030834 -0.037378
vn 0.589310 -0.641283 -0.491396
vn 0.571886 -0.493775 -0.655082
vn 0.571886 -0.493775 -0.655082
vn 0.589310 -0.641283 -0.491396
vn 0.000000 -0.801838 -0.597541
vn 0.000000 -0.611457 -0.791278
vn 0.000000 -0.801838 -0.597541
vn 0.000000 -0.945304 -0.326190
vn -0.603530 -0.751216 -0.267255
vn -0.589310 -0.641283 -0.491396
vn -0.589310 -0.641283 -0.491396
vn -0.603530 -0.751216 -0.267255
vn -0.998788 -0.043644 -0.022737
vn -0.998825 -0.030834 -0.037378
vn -0.998825 -0.030834 -0.037378
vn -0.998788 -0.043644 -0.022737
vn -0.650314 0.716471 0.252509
vn -0.629879 0.618133 0.470281
vn -0.629879 0.618133 0.470281
vn -0.650314 0.716471 0.252509
vn 0.000000 0.940630 0.339434
vn 0.000000 0.789385 0.613899
vn 0.000000 0.789385 0.613899
vn 0.000000 0.940630 0.339434
vn 0.650314 0.716471 0.252509
vn 0.629879 0.618133 0.470281
vn 0.629879 0.618133 0.470281
vn 0.650314 0.716471 0.252509
vn 0.998788 -0.043644 -0.022737
vn 0.998825 -0.030834 -0.037378
vn 0.998825 -0.030834 -0.037378
vn 0.998788 -0.043644 -0.022737
vn 0.603530 -0.751216 -0.267255
vn 0.589310 -0.641283 -0.491396
vn 0.589310 -0.641283 -0.491396
vn 0.603530 -0.751216 -0.267255
vn 0.000000 -0.945304 -0.326190
vn 0.000000 -0.801838 -0.597541
vn 0.000000 -0.945304 -0.326190
vn 0.000000 -1.000000 0.000000
vn -0.609100 -0.793093 0.000000
vn -0.603530 -0.751216 -0.267255
vn -0.603530 -0.751216 -0.267255
vn -0.609100 -0.793093 0.000000
vn -0.998792 -0.049133 0.000000
vn -0.998788 -0.043644 -0.022737
vn -0.998788 -0.043644 -0.022737
vn -0.998792 -0.049133 0.000000
vn -0.658529 0.752556 0.000000
vn -0.650314 0.716471 0.252509
vn -0.650314 0.716471 0.252509
vn -0.658529 0.752556 0.000000
vn 0.000000 1.000000 0.000000
vn 0.000000 0.940630 0.339434
vn 0.000000 0.940630 0.339434
vn 0.000000 1.000000 0.000000
vn 0.658529 0.752556 0.000000
vn 0.650314 0.716471 0.252509
vn 0.650314 0.716471 0.252509
vn 0.658529 0.752556 0.000000
vn 0.998792 -0.049133 0.000000
vn 0.998788 -0.043644 -0.022737
vn 0.998788 -0.043644 -0.022737
vn 0.998792 -0.049133 0.000000
vn 0.609100 -0.793093 0.000000
vn 0.603530 -0.751216 -0.267255
vn 0.603530 -0.751216 -0.267255
vn 0.609100 -0.793093 0.000000
vn 0.000000 -1.000000 0.000000
vn 0.000000 -0.945304 -0.326190
vn 0.000000 -1.000000 0.000000
vn 0.000000 -0.945304 0.326190
vn -0.603530 -0.751216 0.267255
vn -0.609100 -0.793093 0.000000
vn -0.609100 -0.793093 0.000000
vn -0.603530 -0.751216 0.267255
vn -0.998788 -0.043644 0.022737
vn -0.998792 -0.049133 0.000000
vn -0.998792 -0.049133 0.000000
vn -0.998788 -0.043644 0.022737
vn -0.650314 0.716471 -0.252509
vn -0.658529 0.752556 0.000000
vn -0.658529 0.752556 0.000000
vn -0.650314 0.716471 -0.252509
vn 0.000000 0.940630 -0.339434
vn 0.000000 1.000000 0.000000
vn 0.000000 1.000000 0.000000
vn 0.000000 0.940630 -0.339434
vn 0.650314 0.716471 -0.252509
vn 0.658529 0.752556 0.000000
vn 0.658529 0.752556 0.000000
vn 0.650314 0.716471 -0.252509
vn 0.998788 -0.043644 0.022737
vn 0.998792 -0.049133 0.000000
vn 0.998792 -0.049133 0.000000
vn 0.998788 -0.043644 0.022737
vn 0.603530 -0.751216 0.267255
vn 0.609100 -0.793093 0.000000
vn 0.609100 -0.793093 0.000000
vn 0.603530 -0.751216 0.267255
vn 0.000000 -0.945304 0.326190
vn 0.000000 -1.000000 0.000000
vn 0.000000 -0.945304 0.326190
vn 0.000000 -0.801838 0.597541
vn -0.589310 -0.641283 0.491396
vn -0.603530 -0.751216 0.267255
vn -0.603530 -0.751216 0.267255
vn -0.589310 -0.641283 0.491396
vn -0.998825 -0.030834 0.037378
vn -0.998788 -0.043644 0.022737
vn -0.998788 -0.043644 0.022737
vn -0.998825 -0.030834 0.037378
vn -0.629879 0.618133 -0.470281
vn -0.650314 0.716471 -0.252509
vn -0.650314 0.716471 -0.252509
vn -0.629879 0.618133 -0.470281
vn 0.000000 0.789397 -0.613884
vn 0.000000 0.940630 -0.339434
vn 0.000000 0.940630 -0.339434
vn 0.000000 0.789397 -0.613884
vn 0.629879 0.618133 -0.470281
vn 0.650314 0.716471 -0.252509
vn 0.650314 0.716471 -0.252509
vn 0.629879 0.618133 -0.470281
vn 0.998825 -0.030834 0.037378
vn 0.998788 -0.043644 0.022737
vn 0.998788 -0.043644 0.022737
vn 0.998825 -0.030834 0.037378
vn 0.589310 -0.641283 0.491396
vn 0.603530 -0.751216 0.267255
vn 0.603530 -0.751216 0.267255
vn 0.589310 -0.641283 0.491396
vn 0.000000 -0.801838 0.597541
vn 0.000000 -0.945304 0.326190
vn 0.000000 -0.801838 0.597541
vn 0.000000 -0.611457 0.791278
vn -0.571886 -0.493775 0.655082
vn -0.589310 -0.641283 0.491396
vn -0.589310 -0.641283 0.491396
vn -0.571886 -0.493775 0.655082
vn -0.998956 -0.017341 0.042275
vn -0.998825 -0.030834 0.037378
vn -0.998825 -0.030834 0.037378
vn -0.998956 -0.017341 0.042275
vn -0.605943 0.480226 -0.634205
vn -0.629879 0.618133 -0.470281
vn -0.629879 0.618133 -0.470281
vn -0.605943 0.480226 -0.634205
vn 0.000000 0.596037 -0.802957
vn 0.000000 0.789397 -0.613884
vn 0.000000 0.789397 -0.613884
vn 0.000000 0.596037 -0.802957
vn 0.605943 0.480226 -0.634205
vn 0.629879 0.618133 -0.470281
vn 0.629879 0.618133 -0.470281
vn 0.605943 0.480226 -0.634205
vn 0.998956 -0.017341 0.042275
vn 0.998825 -0.030834 0.037378
vn 0.998825 -0.030834 0.037378
vn 0.998956 -0.017341 0.042275
vn 0.571886 -0.493775 0.655082
vn 0.589310 -0.641283 0.491396
vn 0.589310 -0.641283 0.491396
vn 0.571886 -0.493775 0.655082
vn 0.000000 -0.611457 0.791278
vn 0.000000 -0.801838 0.597541
vn 0.000000 -0.611457 0.791278
vn 0.000000 -0.406761 0.913534
vn -0.556250 -0.331758 0.761920
vn -0.571886 -0.493775 0.655082
vn -0.571886 -0.493775 0.655082
vn -0.556250 -0.331758 0.761920
vn -0.999139 -0.007459 0.040816
vn -0.998956 -0.017341 0.042275
vn -0.998956 -0.017341 0.042275
vn -0.999139 -0.007459 0.040816
vn -0.585599 0.324183 -0.742953
vn -0.605943 0.480226 -0.634205
vn -0.605943 0.480226 -0.634205
vn -0.585599 0.324183 -0.742953
vn 0.000000 0.393912 -0.919148
vn 0.000000 0.596037 -0.802957
vn 0.000000 0.596037 -0.802957
vn 0.000000 0.393912 -0.919148
vn 0.585599 0.324183 -0.742953
vn 0.605943 0.480226 -0.634205
vn 0.605943 0.480226 -0.634205
vn 0.585599 0.324183 -0.742953
vn 0.999139 -0.007459 0.040816
vn 0.998956 -0.017341 0.042275
vn 0.998956 -0.017341 0.042275
vn 0.999139 -0.007459 0.040816
vn 0.556250 -0.331758 0.761920
vn 0.571886 -0.493775 0.655082
vn 0.571886 -0.493775 0.655082
vn 0.556250 -0.331758 0.761920
vn 0.000000 -0.406761 0.913534
vn 0.000000 -0.611457 0.791278
vn 0.000000 -0.406761 0.913534
vn 0.000000 -0.202128 0.979359
vn -0.545711 -0.166065 0.821354
vn -0.556250 -0.331758 0.761920
vn -0.556250 -0.331758 0.761920
vn -0.545711 -0.166065 0.821354
vn -0.999293 -0.002197 0.037524
vn -0.999139 -0.007459 0.040816
vn -0.999139 -0.007459 0.040816
vn -0.999293 -0.002197 0.037524
vn -0.572534 0.162520 -0.803612
vn -0.585599 0.324183 -0.742953
vn -0.585599 0.324183 -0.742953
vn -0.572534 0.162520 -0.803612
vn 0.000000 0.195077 -0.980788
vn 0.000000 0.393912 -0.919148
vn 0.000000 0.393912 -0.919148
vn 0.000000 0.195077 -0.980788
vn 0.572534 0.162520 -0.803612
vn 0.585599 0.324183 -0.742953
vn 0.585599 0.324183 -0.742953
vn 0.572534 0.162520 -0.803612
vn 0.999293 -0.002197 0.037524
vn 0.999139 -0.007459 0.040816
vn 0.999139 -0.007459 0.040816
vn 0.999293 -0.002197 0.037524
vn 0.545711 -0.166065 0.821354
vn 0.556250 -0.331758 0.761920
vn 0.556250 -0.331758 0.761920
vn 0.545711 -0.166065 0.821354
vn 0.000000 -0.202128 0.979359
vn 0.000000 -0.406761 0.913534
vn 0.000000 -0.202128 0.979359
vn 0.000000 -0.039828 0.999207
vn -0.545009 -0.033987 0.837741
vn -0.545711 -0.166065 0.821354
vn -0.545711 -0.166065 0.821354
vn -0.545009 -0.033987 0.837741
vn -0.999785 -0.001374 0.020689
vn -0.999293 -0.002197 0.037524
vn -0.999293 -0.002197 0.037524
vn -0.999785 -0.001374 0.020689
vn -0.559889 0.035466 -0.827808
vn -0.572534 0.162520 -0.803612
vn -0.572534 0.162520 -0.803612
vn -0.559889 0.035466 -0.827808
vn 0.000000 0.043704 -0.999045
vn 0.000000 0.195077 -0.980788
vn 0.000000 0.195077 -0.980788
vn 0.000000 0.043704 -0.999045
vn 0.559889 0.035466 -0.827808
vn 0.572534 0.162520 -0.803612
vn 0.572534 0.162520 -0.803612
vn 0.559889 0.035466 -0.827808
vn 0.999785 -0.001374 0.020689
vn 0.999293 -0.002197 0.037524
vn 0.999293 -0.002197 0.037524
vn 0.999785 -0.001374 0.020689
vn 0.545009 -0.033987 0.837741
vn 0.545711 -0.166065 0.821354
vn 0.545711 -0.166065 0.821354
vn 0.545009 -0.033987 0.837741
vn 0.000000 -0.039828 0.999207
vn 0.000000 -0.202128 0.979359
vn 0.000000 -0.039828 0.999207
vn 0.000000 0.165077 0.986281
vn -0.540823 0.132709 0.830601
vn -0.545009 -0.033987 0.837741
vn -0.545009 -0.033987 0.837741
vn -0.540823 0.132709 0.830601
vn -0.998571 -0.000914 0.053427
vn -0.999784 -0.001374 0.020736
vn -0.999784 -0.001374 0.020736
vn -0.998571 -0.000914 0.053427
vn -0.578557 -0.126854 -0.805717
vn -0.559889 0.035466 -0.827808
vn -0.559889 0.035466 -0.827808
vn -0.578557 -0.126854 -0.805717
vn 0.000000 -0.149453 -0.988769
vn 0.000000 0.043704 -0.999045
vn 0.000000 0.043704 -0.999045
vn 0.000000 -0.149453 -0.988769
vn 0.578557 -0.126854 -0.805717
vn 0.559889 0.035466 -0.827808
vn 0.559889 0.035466 -0.827808
vn 0.578557 -0.126854 -0.805717
vn 0.998571 -0.000914 0.053427
vn 0.999785 -0.001374 0.020689
vn 0.999785 -0.001374 0.020689
vn 0.998571 -0.000914 0.053427
vn 0.540823 0.132709 0.830601
vn 0.545008 -0.034023 0.837740
vn 0.000000 -0.039828 0.999207
vn 0.545008 -0.034023 0.837740
vn 0.540823 0.132709 0.830601
vn 0.000000 0.165077 0.986281
vn 0.000000 0.165077 0.986281
vn 0.000000 0.406761 0.913534
vn -0.556265 0.331767 0.761905
vn -0.540823 0.132709 0.830601
vn -0.540823 0.132709 0.830601
vn -0.556265 0.331767 0.761905
vn -0.999139 0.007459 0.040816
vn -0.998571 -0.000914 0.053427
vn -0.998571 -0.000914 0.053427
vn -0.999139 0.007459 0.040816
vn -0.585599 -0.324183 -0.742953
vn -0.578557 -0.126854 -0.805717
vn -0.578557 -0.126854 -0.805717
vn -0.585599 -0.324183 -0.742953
vn 0.000000 -0.393912 -0.919148
vn 0.000000 -0.149453 -0.988769
vn 0.000000 -0.149453 -0.988769
vn 0.000000 -0.393912 -0.919148
vn 0.585599 -0.324183 -0.742953
vn 0.578557 -0.126854 -0.805717
vn 0.578557 -0.126854 -0.805717
vn 0.585599 -0.324183 -0.742953
vn 0.999139 0.007459 0.040816
vn 0.998571 -0.000914 0.053427
vn 0.998571 -0.000914 0.053427
vn 0.999139 0.007459 0.040816
vn 0.556243 0.331791 0.761911
vn 0.540823 0.132709 0.830601
vn 0.540823 0.132709 0.830601
vn 0.556243 0.331791 0.761911
vn 0.000000 0.406761 0.913534
vn 0.000000 0.165077 0.986281
vn 0.000000 0.406761 0.913534
vn 0.000000 0.611457 0.791278
vn -0.571886 0.493775 0.655082
vn -0.556265 0.331767 0.761905
vn -0.556265 0.331767 0.761905
vn -0.571886 0.493775 0.655082
vn -0.998956 0.017341 0.042275
vn -0.999139 0.007459 0.040816
vn -0.999139 0.007459 0.040816
vn -0.998956 0.017341 0.042275
vn -0.605943 -0.480226 -0.634205
vn -0.585599 -0.324183 -0.742953
vn -0.585599 -0.324183 -0.742953
vn -0.605943 -0.480226 -0.634205
vn 0.000000 -0.596037 -0.802957
vn 0.000000 -0.393912 -0.919148
vn 0.000000 -0.393912 -0.919148
vn 0.000000 -0.596037 -0.802957
vn 0.605943 -0.480226 -0.634205
vn 0.585599 -0.324183 -0.742953
vn 0.585599 -0.324183 -0.742953
vn 0.605943 -0.480226 -0.634205
vn 0.998956 0.017341 0.042275
vn 0.999139 0.007459 0.040816
vn 0.999139 0.007459 0.040816
vn 0.998956 0.017341 0.042275
vn 0.571886 0.493775 0.655082
vn 0.556243 0.331791 0.761911
vn 0.556243 0.331791 0.761911
vn 0.571886 0.493775 0.655082
vn 0.000000 0.611457 0.791278
vn 0.000000 0.406761 0.913534
vn 0.000000 0.611457 0.791278
vn 0.000000 0.801838 0.597541
vn -0.589310 0.641283 0.491396
vn -0.571886 0.493775 0.655082
vn -0.571886 0.493775 0.655082
vn -0.589310 0.641283 0.491396
vn -0.998825 0.030834 0.037378
vn -0.998956 0.017341 0.042275
vn -0.998956 0.017341 0.042275
vn -0.998825 0.030834 0.037378
vn -0.629879 -0.618133 -0.470281
vn -0.605943 -0.480226 -0.634205
vn -0.605943 -0.480226 -0.634205
vn -0.629879 -0.618133 -0.470281
vn 0.000000 -0.789385 -0.613899
vn 0.000000 -0.596037 -0.802957
vn 0.000000 -0.596037 -0.802957
vn 0.000000 -0.789385 -0.613899
vn 0.629879 -0.618133 -0.470281
vn 0.605943 -0.480226 -0.634205
vn 0.605943 -0.480226 -0.634205
vn 0.629879 -0.618133 -0.470281
vn 0.998825 0.030834 0.037378
vn 0.998956 0.017341 0.042275
vn 0.998956 0.017341 0.042275
vn 0.998825 0.030834 0.037378
vn 0.589310 0.641283 0.491396
vn 0.571886 0.493775 0.655082
vn 0.571886 0.493775 0.655082
vn 0.589310 0.641283 0.491396
vn 0.000000 0.801838 0.597541
vn 0.000000 0.611457 0.791278
vn 0.000000 0.801838 0.597541
vn 0.000000 0.945304 0.326190
vn -0.603536 0.751224 0.267221
vn -0.589310 0.641283 0.491396
vn -0.589310 0.641283 0.491396
vn -0.603536 0.751224 0.267221
vn -0.998788 0.043644 0.022737
vn -0.998825 0.030834 0.037378
vn -0.998825 0.030834 0.037378
vn -0.998788 0.043644 0.022737
vn -0.650314 -0.716471 -0.252509
vn -0.629879 -0.618133 -0.470281
vn -0.629879 -0.618133 -0.470281
vn -0.650314 -0.716471 -0.252509
vn 0.000000 -0.940630 -0.339434
vn 0.000000 -0.789385 -0.613899
vn 0.000000 -0.789385 -0.613899
vn 0.000000 -0.940630 -0.339434
vn 0.650314 -0.716471 -0.252509
vn 0.629879 -0.618133 -0.470281
vn 0.629879 -0.618133 -0.470281
vn 0.650314 -0.716471 -0.252509
vn 0.998788 0.043644 0.022737
vn 0.998825 0.030834 0.037378
vn 0.998825 0.030834 0.037378
vn 0.998788 0.043644 0.022737
vn 0.603536 0.751224 0.267221
vn 0.589310 0.641283 0.491396
vn 0.589310 0.641283 0.491396
vn 0.603536 0.751224 0.267221
vn 0.000000 0.945304 0.326190
vn 0.000000 0.801838 0.597541
vn 0.000000 0.945304 0.326190
vn 0.000000 1.000000 0.000000
vn -0.609100 0.793093 0.000000
vn -0.603536 0.751224 0.267221
vn -0.603536 0.751224 0.267221
vn -0.609100 0.793093 0.000000
vn -0.998792 0.049133 0.000000
vn -0.998788 0.043644 0.022737
vn -0.998788 0.043644 0.022737
vn -0.998792 0.049133 0.000000
vn -0.658529 -0.752556 0.000000
vn -0.650314 -0.716471 -0.252509
vn -0.650314 -0.716471 -0.252509
vn -0.658529 -0.752556 0.000000
vn 0.000000 -1.000000 0.000000
vn 0.000000 -0.940630 -0.339434
vn 0.000000 -0.940630 -0.339434
vn 0.000000 -1.000000 0.000000
vn 0.658529 -0.752556 0.000000
vn 0.650314 -0.716471 -0.252509
vn 0.650314 -0.716471 -0.252509
vn 0.658529 -0.752556 0.000000
vn 0.998792 0.049133 0.000000
vn 0.998788 0.043644 0.022737
vn 0.998788 0.043644 0.022737
vn 0.998792 0.049133 0.000000
vn 0.609100 0.793093 0.000000
vn 0.603536 0.751224 0.267221
vn 0.603536 0.751224 0.267221
vn 0.609100 0.793093 0.000000
vn 0.000000 1.000000 0.000000
vn 0.000000 0.945304 0.326190
vn 0.000000 1.000000 0.000000
vn 0.000000 0.945304 -0.326190
vn -0.603536 0.751224 -0.267221
vn -0.609100 0.793093 0.000000
vn -0.609100 0.793093 0.000000
vn -0.603536 0.751224 -0.267221
vn -0.998788 0.043644 -0.022737
vn -0.998792 0.049133 0.000000
vn -0.998792 0.049133 0.000000
vn -0.998788 0.043644 -0.022737
vn -0.650314 -0.716471 0.252509
vn -0.658529 -0.752556 0.000000
vn -0.658529 -0.752556 0.000000
vn -0.650314 -0.716471 0.252509
vn 0.000000 -0.940630 0.339434
vn 0.000000 -1.000000 0.000000
vn 0.000000 -1.000000 0.000000
vn 0.000000 -0.940630 0.339434
vn 0.650314 -0.716471 0.252509
vn 0.658529 -0.752556 0.000000
vn 0.658529 -0.752556 0.000000
vn 0.650314 -0.716471 0.252509
vn 0.998788 0.043644 -0.022737
vn 0.998792 0.049133 0.000000
vn 0.998792 0.049133 0.000000
vn 0.998788 0.043644 -0.022737
vn 0.603530 0.751216 -0.267255
vn 0.609100 0.793093 0.000000
vn 0.609100 0.793093 0.000000
vn 0.603530 0.751216 -0.267255
vn 0.000000 0.945304 -0.326190
vn 0.000000 1.000000 0.000000
vn 0.000000 0.945304 -0.326190
vn 0.000000 0.801838 -0.597541
vn -0.589310 0.641283 -0.491396
vn -0.603536 0.751224 -0.267221
vn -0.603536 0.751224 -0.267221
vn -0.589310 0.641283 -0.491396
vn -0.998825 0.030834 -0.037378
vn -0.998788 0.043644 -0.022737
vn -0.998788 0.043644 -0.022737
vn -0.998825 0.030834 -0.037378
vn -0.629863 -0.618143 0.470289
vn -0.650314 -0.716471 0.252509
vn -0.650314 -0.716471 0.252509
vn -0.629863 -0.618143 0.470289
vn 0.000000 -0.789385 0.613899
vn 0.000000 -0.940630 0.339434
vn 0.000000 -0.940630 0.339434
vn 0.000000 -0.789385 0.613899
vn 0.629863 -0.618143 0.470289
vn 0.650314 -0.716471 0.252509
vn 0.650314 -0.716471 0.252509
vn 0.629863 -0.618143 0.470289
vn 0.998825 0.030834 -0.037378
vn 0.998788 0.043644 -0.022737
vn 0.998788 0.043644 -0.022737
vn 0.998825 0.030834 -0.037378
vn 0.589300 0.641271 -0.491424
vn 0.603530 0.751216 -0.267255
vn 0.603530 0.751216 -0.267255
vn 0.589300 0.641271 -0.491424
vn 0.000000 0.801838 -0.597541
vn 0.000000 0.945304 -0.326190
vn 0.000000 0.801838 -0.597541
vn 0.000000 0.611457 -0.791278
vn -0.571886 0.493775 -0.655082
vn -0.589310 0.641283 -0.491396
vn -0.589310 0.641283 -0.491396
vn -0.571886 0.493775 -0.655082
vn -0.998956 0.017341 -0.042275
vn -0.998825 0.030834 -0.037378
vn -0.998825 0.030834 -0.037378
vn -0.998956 0.017341 -0.042275
vn -0.605943 -0.480226 0.634205
vn -0.629863 -0.618143 0.470289
vn -0.629863 -0.618143 0.470289
vn -0.605943 -0.480226 0.634205
vn 0.000000 -0.596037 0.802957
vn 0.000000 -0.789385 0.613899
vn 0.000000 -0.789385 0.613899
vn 0.000000 -0.596037 0.802957
vn 0.605943 -0.480226 0.634205
vn 0.629863 -0.618143 0.470289
vn 0.629863 -0.618143 0.470289
vn 0.605943 -0.480226 0.634205
vn 0.998956 0.017341 -0.042275
vn 0.998825 0.030834 -0.037378
vn 0.998825 0.030834 -0.037378
vn 0.998956 0.017341 -0.042275
vn 0.571886 0.493775 -0.655082
vn 0.589300 0.641271 -0.491424
vn 0.589300 0.641271 -0.491424
vn 0.571886 0.493775 -0.655082
vn 0.000000 0.611457 -0.791278
vn 0.000000 0.801838 -0.597541
vn 0.000000 0.611457 -0.791278
vn 0.000000 0.406761 -0.913534
vn -0.556250 0.331758 -0.761920
vn -0.571886 0.493775 -0.655082
vn -0.571886 0.493775 -0.655082
vn -0.556250 0.331758 -0.761920
vn -0.999139 0.007459 -0.040816
vn -0.998956 0.017341 -0.042275
vn -0.998956 0.017341 -0.042275
vn -0.999139 0.007459 -0.040816
vn -0.585599 -0.324183 0.742953
vn -0.605943 -0.480226 0.634205
vn -0.605943 -0.480226 0.634205
vn -0.585599 -0.324183 0.742953
vn 0.000000 -0.393912 0.919148
vn 0.000000 -0.596037 0.802957
vn 0.000000 -0.596037 0.802957
vn 0.000000 -0.393912 0.919148
vn 0.585599 -0.324183 0.742953
vn 0.605943 -0.480226 0.634205
vn 0.605943 -0.480226 0.634205
vn 0.585599 -0.324183 0.742953
vn 0.999139 0.007459 -0.040816
vn 0.998956 0.017341 -0.042275
vn 0.998956 0.017341 -0.042275
vn 0.999139 0.007459 -0.040816
vn 0.556250 0.331758 -0.761920
vn 0.571886 0.493775 -0.655082
vn 0.571886 0.493775 -0.655082
vn 0.556250 0.331758 -0.761920
vn 0.000000 0.406761 -0.913534
vn 0.000000 0.611457 -0.791278
vn 0.000000 0.406761 -0.913534
vn 0.000000 0.165077 -0.986281
vn -0.540823 0.132709 -0.830601
vn -0.556250 0.331758 -0.761920
vn -0.556250 0.331758 -0.761920
vn -0.540823 0.132709 -0.830601
vn -0.998571 -0.000914 -0.053427
vn -0.999139 0.007459 -0.040816
vn -0.999139 0.007459 -0.040816
vn -0.998571 -0.000914 -0.053427
vn -0.578557 -0.126854 0.805717
vn -0.585599 -0.324183 0.742953
vn -0.585599 -0.324183 0.742953
vn -0.578557 -0.126854 0.805717
vn 0.000000 -0.149453 0.988769
vn 0.000000 -0.393912 0.919148
vn 0.000000 -0.393912 0.919148
vn 0.000000 -0.149453 0.988769
vn 0.578557 -0.126854 0.805717
vn 0.585599 -0.324183 0.742953
vn 0.585599 -0.324183 0.742953
vn 0.578557 -0.126854 0.805717
vn 0.998571 -0.000914 -0.053427
vn 0.999139 0.007459 -0.040816
vn 0.999139 0.007459 -0.040816
vn 0.998571 -0.000914 -0.053427
vn 0.540823 0.132709 -0.830601
vn 0.556250 0.331758 -0.761920
vn 0.556250 0.331758 -0.761920
vn 0.540823 0.132709 -0.830601
vn 0.000000 0.165077 -0.986281
vn 0.000000 0.406761 -0.913534
vn 0.000000 0.165077 -0.986281
vn 0.000000 -0.039828 -0.999207
vn -0.545009 -0.033987 -0.837741
vn -0.540823 0.132709 -0.830601
vn -0.540823 0.132709 -0.830601
vn -0.545009 -0.033987 -0.837741
vn -0.999785 -0.001374 -0.020689
vn -0.998571 -0.000914 -0.053427
vn -0.998571 -0.000914 -0.053427
vn -0.999785 -0.001374 -0.020689
vn -0.559889 0.035466 0.827808
vn -0.578557 -0.126854 0.805717
vn -0.578557 -0.126854 0.805717
vn -0.559889 0.035466 0.827808
vn 0.000000 0.043704 0.999045
vn 0.000000 -0.149453 0.988769
vn 0.000000 -0.149453 0.988769
vn 0.000000 0.043704 0.999045
vn 0.559889 0.035466 0.827808
vn 0.578557 -0.126854 0.805717
vn 0.578557 -0.126854 0.805717
vn 0.559889 0.035466 0.827808
vn 0.999784 -0.001374 -0.020736
vn 0.998571 -0.000914 -0.053427
vn 0.998571 -0.000914 -0.053427
vn 0.999784 -0.001374 -0.020736
vn 0.544991 -0.034024 -0.837751
vn 0.540823 0.132709 -0.830601
vn 0.540823 0.132709 -0.830601
vn 0.544991 -0.034024 -0.837751
vn 0.000000 -0.039828 -0.999207
vn 0.000000 0.165077 -0.986281
vn 0.000000 -0.039828 -0.999207
vn 0.000000 -0.202128 -0.979359
vn -0.545711 -0.166065 -0.821354
vn -0.545009 -0.033987 -0.837741
vn -0.545009 -0.033987 -0.837741
vn -0.545711 -0.166065 -0.821354
vn -0.999293 -0.002197 -0.037524
vn -0.999785 -0.001374 -0.020689
vn -0.999785 -0.001374 -0.020689
vn -0.999293 -0.002197 -0.037524
vn -0.572534 0.162520 0.803612
vn -0.559889 0.035466 0.827808
vn -0.559889 0.035466 0.827808
vn -0.572534 0.162520 0.803612
vn 0.000000 0.195077 0.980788
vn 0.000000 0.043704 0.999045
vn 0.000000 0.043704 0.999045
vn 0.000000 0.195077 0.980788
vn 0.572534 0.162520 0.803612
vn 0.559889 0.035466 0.827808
vn 0.559889 0.035466 0.827808
vn 0.572534 0.162520 0.803612
vn 0.999293 -0.002197 -0.037524
vn 0.999784 -0.001374 -0.020736
vn 0.999784 -0.001374 -0.020736
vn 0.999293 -0.002197 -0.037524
vn 0.545711 -0.166065 -0.821354
vn 0.544991 -0.034024 -0.837751
vn 0.544991 -0.034024 -0.837751
vn 0.545711 -0.166065 -0.821354
vn 0.000000 -0.202128 -0.979359
vn 0.000000 -0.039828 -0.999207
vn 0.000000 -0.202128 -0.979359
vn 0.000000 -0.406761 -0.913534
vn -0.556250 -0.331758 -0.761920
vn -0.545711 -0.166065 -0.821354
vn -0.545711 -0.166065 -0.821354
vn -0.556250 -0.331758 -0.761920
vn -0.999139 -0.007459 -0.040816
vn -0.999293 -0.002197 -0.037524
vn -0.999293 -0.002197 -0.037524
vn -0.999139 -0.007459 -0.040816
vn -0.585599 0.324183 0.742953
vn -0.572534 0.162520 0.803612
vn -0.572534 0.162520 0.803612
vn -0.585599 0.324183 0.742953
vn 0.000000 0.393912 0.919148
vn 0.000000 0.195077 0.980788
vn 0.000000 0.195077 0.980788
vn 0.000000 0.393912 0.919148
vn 0.585599 0.324183 0.742953
vn 0.572534 0.162520 0.803612
vn 0.572534 0.162520 0.803612
vn 0.585599 0.324183 0.742953
vn 0.999139 -0.007459 -0.040816
vn 0.999293 -0.002197 -0.037524
vn 0.999293 -0.002197 -0.037524
vn 0.999139 -0.007459 -0.040816
vn 0.556250 -0.331758 -0.761920
vn 0.545711 -0.166065 -0.821354
vn 0.545711 -0.166065 -0.821354
vn 0.556250 -0.331758 -0.761920
vn 0.000000 -0.406761 -0.913534
vn 0.000000 -0.202128 -0.979359
vn 0.000000 -0.406761 -0.913534
vn 0.000000 -0.611457 -0.791278
vn -0.571886 -0.493775 -0.655082
vn -0.556250 -0.331758 -0.761920
vn -0.556250 -0.331758 -0.761920
vn -0.571886 -0.493775 -0.655082
vn -0.998956 -0.017341 -0.042275
vn -0.999139 -0.007459 -0.040816
vn -0.999139 -0.007459 -0.040816
vn -0.998956 -0.017341 -0.042275
vn -0.605943 0.480226 0.634205
vn -0.585599 0.324183 0.742953
vn -0.585599 0.324183 0.742953
vn -0.605943 0.480226 0.634205
vn 0.000000 0.596037 0.802957
vn 0.000000 0.393912 0.919148
vn 0.000000 0.393912 0.919148
vn 0.000000 0.596037 0.802957
vn 0.605943 0.480226 0.634205
vn 0.585599 0.324183 0.742953
vn 0.585599 0.324183 0.742953
vn 0.605943 0.480226 0.634205
vn 0.998956 -0.017341 -0.042275
vn 0.999139 -0.007459 -0.040816
vn 0.999139 -0.007459 -0.040816
vn 0.998956 -0.017341 -0.042275
vn 0.571886 -0.493775 -0.655082
vn 0.556250 -0.331758 -0.761920
vn 0.556250 -0.331758 -0.761920
vn 0.571886 -0.493775 -0.655082
vn 0.000000 -0.611457 -0.791278
vn 0.000000 -0.406761 -0.913534
vn 0.000000 -0.611457 -0.791278
vn 0.000000 -0.801838 -0.597541
vn -0.589310 -0.641283 -0.491396
vn -0.571886 -0.493775 -0.655082
vn -0.571886 -0.493775 -0.655082
vn -0.589310 -0.641283 -0.491396
vn -0.998825 -0.030834 -0.037378
vn -0.998956 -0.017341 -0.042275
vn -0.998956 -0.017341 -0.042275
vn -0.998825 -0.030834 -0.037378
vn -0.629879 0.618133 0.470281
vn -0.605943 0.480226 0.634205
vn -0.605943 0.480226 0.634205
vn -0.629879 0.618133 0.470281
vn 0.000000 0.789385 0.613899
vn 0.000000 0.596037 0.802957
vn 0.000000 0.596037 0.802957
vn 0.000000 0.789385 0.613899
vn 0.629893 0.618110 0.470292
vn 0.605943 0.480226 0.634205
vn 0.605943 0.480226 0.634205
vn 0.629893 0.618110 0.470292
vn 0.998825 -0.030834 -0.037378
vn 0.998956 -0.017341 -0.042275
vn 0.998956 -0.017341 -0.042275
vn 0.998825 -0.030834 -0.037378
vn 0.589310 -0.641283 -0.491396
vn 0.571886 -0.493775 -0.655082
vn 0.571886 -0.493775 -0.655082
vn 0.589310 -0.641283 -0.491396
vn 0.000000 -0.801838 -0.597541
vn 0.000000 -0.611457 -0.791278
vn 0.000000 -0.801838 -0.597541
vn 0.000000 -0.945314 -0.326163
vn -0.603536 -0.751224 -0.267221
vn -0.589310 -0.641283 -0.491396
vn -0.589310 -0.641283 -0.491396
vn -0.603536 -0.751224 -0.267221
vn -0.998788 -0.043644 -0.022737
vn -0.998825 -0.030834 -0.037378
vn -0.998825 -0.030834 -0.037378
vn -0.998788 -0.043644 -0.022737
vn -0.650314 0.716471 0.252509
vn -0.629879 0.618133 0.470281
vn -0.629879 0.618133 0.470281
vn -0.650314 0.716471 0.252509
vn 0.000000 0.940630 0.339434
vn 0.000000 0.789385 0.613899
vn 0.000000 0.789385 0.613899
vn 0.000000 0.940630 0.339434
vn 0.650314 0.716471 0.252509
vn 0.629893 0.618110 0.470292
vn 0.629893 0.618110 0.470292
vn 0.650314 0.716471 0.252509
vn 0.998788 -0.043644 -0.022737
vn 0.998825 -0.030834 -0.037378
vn 0.998825 -0.030834 -0.037378
vn 0.998788 -0.043644 -0.022737
vn 0.603536 -0.751224 -0.267221
vn 0.589310 -0.641283 -0.491396
vn 0.589310 -0.641283 -0.491396
vn 0.603536 -0.751224 -0.267221
vn 0.000000 -0.945314 -0.326163
vn 0.000000 -0.801838 -0.597541
vn 0.000000 -0.945314 -0.326163
vn 0.000000 -1.000000 0.000000
vn -0.609100 -0.793093 0.000000
vn -0.603536 -0.751224 -0.267221
vn -0.603536 -0.751224 -0.267221
vn -0.609100 -0.793093 0.000000
vn -0.998792 -0.049133 0.000000
vn -0.998788 -0.043644 -0.022737
vn -0.998788 -0.043644 -0.022737
vn -0.998792 -0.049133 0.000000
vn -0.658529 0.752556 0.000000
vn -0.650314 0.716471 0.252509
vn -0.650314 0.716471 0.252509
vn -0.658529 0.752556 0.000000
vn 0.000000 1.000000 0.000000
vn 0.000000 0.940630 0.339434
vn 0.000000 0.940630 0.339434
vn 0.000000 1.000000 0.000000
vn 0.658529 0.752556 0.000000
vn 0.650314 0.716471 0.252509
vn 0.650314 0.716471 0.252509
vn 0.658529 0.752556 0.000000
vn 0.998792 -0.049133 0.000000
vn 0.998788 -0.043644 -0.022737
vn 0.998788 -0.043644 -0.022737
vn 0.998792 -0.049133 0.000000
vn 0.609100 -0.793093 0.000000
vn 0.603536 -0.751224 -0.267221
vn 0.603536 -0.751224 -0.267221
vn 0.609100 -0.793093 0.000000
vn 0.000000 -1.000000 0.000000
vn 0.000000 -0.945314 -0.326163
vn 0.000000 -1.000000 0.000000
vn 0.000000 -0.945304 0.326190
vn -0.603530 -0.751216 0.267255
vn -0.609100 -0.793093 0.000000
vn -0.609100 -0.793093 0.000000
vn -0.603530 -0.751216 0.267255
vn -0.998788 -0.043644 0.022737
vn -0.998792 -0.049133 0.000000
vn -0.998792 -0.049133 0.000000
vn -0.998788 -0.043644 0.022737
vn -0.650314 0.716471 -0.252509
vn -0.658529 0.752556 0.000000
vn -0.658529 0.752556 0.000000
vn -0.650314 0.716471 -0.252509
vn 0.000000 0.940630 -0.339434
vn 0.000000 1.000000 0.000000
vn 0.000000 1.000000 0.000000
vn 0.000000 0.940630 -0.339434
vn 0.650314 0.716471 -0.252509
vn 0.658529 0.752556 0.000000
vn 0.658529 0.752556 0.000000
vn 0.650314 0.716471 -0.252509
vn 0.998788 -0.043644 0.022737
vn 0.998792 -0.049133 0.000000
vn 0.998792 -0.049133 0.000000
vn 0.998788 -0.043644 0.022737
vn 0.603530 -0.751216 0.267255
vn 0.609100 -0.793093 0.000000
vn 0.609100 -0.793093 0.000000
vn 0.603530 -0.751216 0.267255
vn 0.000000 -0.945304 0.326190
vn 0.000000 -1.000000 0.000000
vn 0.000000 -0.945304 0.326190
vn 0.000000 -0.801838 0.597541
vn -0.589300 -0.641271 0.491424
vn -0.603530 -0.751216 0.267255
vn -0.603530 -0.751216 0.267255
vn -0.589300 -0.641271 0.491424
vn -0.998825 -0.030834 0.037378
vn -0.998788 -0.043644 0.022737
vn -0.998788 -0.043644 0.022737
vn -0.998825 -0.030834 0.037378
vn -0.629879 0.618133 -0.470281
vn -0.650314 0.716471 -0.252509
vn -0.650314 0.716471 -0.252509
vn -0.629879 0.618133 -0.470281
vn 0.000000 0.789397 -0.613884
vn 0.000000 0.940630 -0.339434
vn 0.000000 0.940630 -0.339434
vn 0.000000 0.789397 -0.613884
vn 0.629863 0.618143 -0.470289
vn 0.650314 0.716471 -0.252509
vn 0.650314 0.716471 -0.252509
vn 0.629863 0.618143 -0.470289
vn 0.998825 -0.030834 0.037378
vn 0.998788 -0.043644 0.022737
vn 0.998788 -0.043644 0.022737
vn 0.998825 -0.030834 0.037378
vn 0.589310 -0.641283 0.491396
vn 0.603530 -0.751216 0.267255
vn 0.603530 -0.751216 0.267255
vn 0.589310 -0.641283 0.491396
vn 0.000000 -0.801838 0.597541
vn 0.000000 -0.945304 0.326190
vn 0.000000 -0.801838 0.597541
vn 0.000000 -0.611457 0.791278
vn -0.571886 -0.493775 0.655082
vn -0.589300 -0.641271 0.491424
vn -0.589300 -0.641271 0.491424
vn -0.571886 -0.493775 0.655082
vn -0.998956 -0.017341 0.042275
vn -0.998825 -0.030834 0.037378
vn -0.998825 -0.030834 0.037378
vn -0.998956 -0.017341 0.042275
vn -0.605943 0.480226 -0.634205
vn -0.629879 0.618133 -0.470281
vn -0.629879 0.618133 -0.470281
vn -0.605943 0.480226 -0.634205
vn 0.000000 0.596037 -0.802957
vn 0.000000 0.789397 -0.613884
vn 0.000000 0.789397 -0.613884
vn 0.000000 0.596037 -0.802957
vn 0.605943 0.480226 -0.634205
vn 0.629863 0.618143 -0.470289
vn 0.629863 0.618143 -0.470289
vn 0.605943 0.480226 -0.634205
vn 0.998956 -0.017341 0.042275
vn 0.998825 -0.030834 0.037378
vn 0.998825 -0.030834 0.037378
vn 0.998956 -0.017341 0.042275
vn 0.571886 -0.493775 0.655082
vn 0.589310 -0.641283 0.491396
vn 0.589310 -0.641283 0.491396
vn 0.571886 -0.493775 0.655082
vn 0.000000 -0.611457 0.791278
vn 0.000000 -0.801838 0.597541
vn 0.000000 -0.611457 0.791278
vn 0.000000 -0.406761 0.913534
vn -0.556250 -0.331758 0.761920
vn -0.571886 -0.493775 0.655082
vn -0.571886 -0.493775 0.655082
vn -0.556250 -0.331758 0.761920
vn -0.999139 -0.007459 0.040816
vn -0.998956 -0.017341 0.042275
vn -0.998956 -0.017341 0.042275
vn -0.999139 -0.007459 0.040816
vn -0.585599 0.324183 -0.742953
vn -0.605943 0.480226 -0.634205
vn -0.605943 0.480226 -0.634205
vn -0.585599 0.324183 -0.742953
vn 0.000000 0.393912 -0.919148
vn 0.000000 0.596037 -0.802957
vn 0.000000 0.596037 -0.802957
vn 0.000000 0.393912 -0.919148
vn 0.585599 0.324183 -0.742953
vn 0.605943 0.480226 -0.634205
vn 0.605943 0.480226 -0.634205
vn 0.585599 0.324183 -0.742953
vn 0.999139 -0.007459 0.040816
vn 0.998956 -0.017341 0.042275
vn 0.998956 -0.017341 0.042275
vn 0.999139 -0.007459 0.040816
vn 0.556250 -0.331758 0.761920
vn 0.571886 -0.493775 0.655082
vn 0.571886 -0.493775 0.655082
vn 0.556250 -0.331758 0.761920
vn 0.000000 -0.406761 0.913534
vn 0.000000 -0.611457 0.791278
vn 0.000000 -0.406761 0.913534
vn 0.000000 -0.202128 0.979359
vn -0.545711 -0.166065 0.821354
vn -0.556250 -0.331758 0.761920
vn -0.556250 -0.331758 0.761920
vn -0.545711 -0.166065 0.821354
vn -0.999293 -0.002197 0.037524
vn -0.999139 -0.007459 0.040816
vn -0.999139 -0.007459 0.040816
vn -0.999293 -0.002197 0.037524
vn -0.572534 0.162520 -0.803612
vn -0.585599 0.324183 -0.742953
vn -0.585599 0.324183 -0.742953
vn -0.572534 0.162520 -0.803612
vn 0.000000 0.195077 -0.980788
vn 0.000000 0.393912 -0.919148
vn 0.000000 0.393912 -0.919148
vn 0.000000 0.195077 -0.980788
vn 0.572534 0.162520 -0.803612
vn 0.585599 0.324183 -0.742953
vn 0.585599 0.324183 -0.742953
vn 0.572534 0.162520 -0.803612
vn 0.999293 -0.002197 0.037524
vn 0.999139 -0.007459 0.040816
vn 0.999139 -0.007459 0.040816
vn 0.999293 -0.002197 0.037524
vn 0.545711 -0.166065 0.821354
vn 0.556250 -0.331758 0.761920
vn 0.556250 -0.331758 0.761920
vn 0.545711 -0.166065 0.821354
vn 0.000000 -0.202128 0.979359
vn 0.000000 -0.406761 0.913534
vn 0.000000 -0.202128 0.979359
vn 0.000000 -0.039828 0.999207
vn -0.545009 -0.033987 0.837741
vn -0.545711 -0.166065 0.821354
vn -0.545711 -0.166065 0.821354
vn -0.545009 -0.033987 0.837741
vn -0.999784 -0.001374 0.020736
vn -0.999293 -0.002197 0.037524
vn -0.999293 -0.002197 0.037524
vn -0.999784 -0.001374 0.020736
vn -0.559889 0.035466 -0.827808
vn -0.572534 0.162520 -0.803612
vn -0.572534 0.162520 -0.803612
vn -0.559889 0.035466 -0.827808
vn 0.000000 0.043704 -0.999045
vn 0.000000 0.195077 -0.980788
vn 0.000000 0.195077 -0.980788
vn 0.000000 0.043704 -0.999045
vn 0.559889 0.035466 -0.827808
vn 0.572534 0.162520 -0.803612
vn 0.572534 0.162520 -0.803612
vn 0.559889 0.035466 -0.827808
vn 0.999785 -0.001374 0.020689
vn 0.999293 -0.002197 0.037524
vn 0.999293 -0.002197 0.037524
vn 0.999785 -0.001374 0.020689
vn 0.545008 -0.034023 0.837740
vn 0.545711 -0.166065 0.821354
vn 0.545711 -0.166065 0.821354
vn 0.545008 -0.034023 0.837740
vn 0.000000 -0.039828 0.999207
vn 0.000000 -0.202128 0.979359
vn 1.000000 0.000000 0.000000
vn 0.927869 0.372907 0.000000
vn 0.544592 0.218889 0.809634
vn 0.571468 0.000000 0.820624
vn 0.571468 0.000000 0.820624
vn 0.544592 0.218889 0.809634
vn 0.020514 0.008242 0.999756
vn 0.021227 0.000000 0.999775
vn 0.021227 0.000000 0.999775
vn 0.020514 0.008242 0.999756
vn -0.512425 -0.205939 0.833673
vn -0.536865 0.000000 0.843668
vn -0.536865 0.000000 0.843668
vn -0.512425 -0.205939 0.833673
vn -0.927869 -0.372907 0.000000
vn -1.000000 0.000000 0.000000
vn -1.000000 0.000000 0.000000
vn -0.927869 -0.372907 0.000000
vn -0.512425 -0.205939 -0.833673
vn -0.536865 0.000000 -0.843668
vn -0.536865 0.000000 -0.843668
vn -0.512425 -0.205939 -0.833673
vn 0.020514 0.008242 -0.999756
vn 0.021227 0.000000 -0.999775
vn 0.021227 0.000000 -0.999775
vn 0.020514 0.008242 -0.999756
vn 0.544592 0.218889 -0.809634
vn 0.571468 0.000000 -0.820624
vn 1.000000 0.000000 0.000000
vn 0.571468 0.000000 -0.820624
vn 0.544592 0.218889 -0.809634
vn 0.927869 0.372907 0.000000
vn 0.927869 0.372907 0.000000
vn 0.755938 0.654643 0.000000
vn 0.471438 0.408260 0.781710
vn 0.544592 0.218889 0.809634
vn 0.544592 0.218889 0.809634
vn 0.471438 0.408260 0.781710
vn 0.018397 0.015935 0.999704
vn 0.020514 0.008242 0.999756
vn 0.020514 0.008242 0.999756
vn 0.018397 0.015935 0.999704
vn -0.445317 -0.385654 0.808062
vn -0.512425 -0.205939 0.833673
vn -0.512425 -0.205939 0.833673
vn -0.445317 -0.385654 0.808062
vn -0.755938 -0.654643 0.000000
vn -0.927869 -0.372907 0.000000
vn -0.927869 -0.372907 0.000000
vn -0.755938 -0.654643 0.000000
vn -0.445322 -0.385626 -0.808072
vn -0.512425 -0.205939 -0.833673
vn -0.512425 -0.205939 -0.833673
vn -0.445322 -0.385626 -0.808072
vn 0.018397 0.015935 -0.999704
vn 0.020514 0.008242 -0.999756
vn 0.020514 0.008242 -0.999756
vn 0.018397 0.015935 -0.999704
vn 0.471438 0.408260 -0.781710
vn 0.544592 0.218889 -0.809634
vn 0.544592 0.218889 -0.809634
vn 0.471438 0.408260 -0.781710
vn 0.755938 0.654643 0.000000
vn 0.927869 0.372907 0.000000
vn 0.755938 0.654643 0.000000
vn 0.554700 0.832050 0.000000
vn 0.368245 0.552367 0.747854
vn 0.471438 0.408260 0.781710
vn 0.471438 0.408260 0.781710
vn 0.368245 0.552367 0.747854
vn 0.015018 0.022526 0.999634
vn 0.018397 0.015935 0.999704
vn 0.018397 0.015935 0.999704
vn 0.015018 0.022526 0.999634
vn -0.349441 -0.524161 0.776625
vn -0.445317 -0.385654 0.808062
vn -0.445317 -0.385654 0.808062
vn -0.349441 -0.524161 0.776625
vn -0.554700 -0.832050 0.000000
vn -0.755938 -0.654643 0.000000
vn -0.755938 -0.654643 0.000000
vn -0.554700 -0.832050 0.000000
vn -0.349441 -0.524161 -0.776625
vn -0.445322 -0.385626 -0.808072
vn -0.445322 -0.385626 -0.808072
vn -0.349441 -0.524161 -0.776625
vn 0.015018 0.022526 -0.999634
vn 0.018397 0.015935 -0.999704
vn 0.018397 0.015935 -0.999704
vn 0.015018 0.022526 -0.999634
vn 0.368245 0.552367 -0.747854
vn 0.471438 0.408260 -0.781710
vn 0.471438 0.408260 -0.781710
vn 0.368245 0.552367 -0.747854
vn 0.554700 0.832050 0.000000
vn 0.755938 0.654643 0.000000
vn 0.554700 0.832050 0.000000
vn 0.359202 0.933260 0.000000
vn 0.250003 0.649556 0.718036
vn 0.368245 0.552367 0.747854
vn 0.368245 0.552367 0.747854
vn 0.250003 0.649556 0.718036
vn 0.010622 0.027591 0.999563
vn 0.015018 0.022526 0.999634
vn 0.015018 0.022526 0.999634
vn 0.010622 0.027591 0.999563
vn -0.238156 -0.618802 0.748576
vn -0.349441 -0.524161 0.776625
vn -0.349441 -0.524161 0.776625
vn -0.238156 -0.618802 0.748576
vn -0.359202 -0.933260 0.000000
vn -0.554700 -0.832050 0.000000
vn -0.554700 -0.832050 0.000000
vn -0.359202 -0.933260 0.000000
vn -0.238175 -0.618799 -0.748572
vn -0.349441 -0.524161 -0.776625
vn -0.349441 -0.524161 -0.776625
vn -0.238175 -0.618799 -0.748572
vn 0.010622 0.027591 -0.999563
vn 0.015018 0.022526 -0.999634
vn 0.015018 0.022526 -0.999634
vn 0.010622 0.027591 -0.999563
vn 0.250003 0.649556 -0.718036
vn 0.368245 0.552367 -0.747854
vn 0.368245 0.552367 -0.747854
vn 0.250003 0.649556 -0.718036
vn 0.359202 0.933260 0.000000
vn 0.554700 0.832050 0.000000
vn 0.359202 0.933260 0.000000
vn 0.175837 0.984419 0.000000
vn 0.125868 0.704604 0.698348
vn 0.250003 0.649556 0.718036
vn 0.250003 0.649556 0.718036
vn 0.125868 0.704604 0.698348
vn 0.005494 0.030764 0.999512
vn 0.010622 0.027591 0.999563
vn 0.010622 0.027591 0.999563
vn 0.005494 0.030764 0.999512
vn -0.120198 -0.672934 0.729872
vn -0.238156 -0.618802 0.748576
vn -0.238156 -0.618802 0.748576
vn -0.120198 -0.672934 0.729872
vn -0.175837 -0.984419 0.000000
vn -0.359202 -0.933260 0.000000
vn -0.359202 -0.933260 0.000000
vn -0.175837 -0.984419 0.000000
vn -0.120198 -0.672934 -0.729872
vn -0.238175 -0.618799 -0.748572
vn -0.238175 -0.618799 -0.748572
vn -0.120198 -0.672934 -0.729872
vn 0.005494 0.030764 -0.999512
vn 0.010622 0.027591 -0.999563
vn 0.010622 0.027591 -0.999563
vn 0.005494 0.030764 -0.999512
vn 0.125868 0.704604 -0.698348
vn 0.250003 0.649556 -0.718036
vn 0.250003 0.649556 -0.718036
vn 0.125868 0.704604 -0.698348
vn 0.175837 0.984419 0.000000
vn 0.359202 0.933260 0.000000
vn 0.175837 0.984419 0.000000
vn 0.000000 1.000000 0.000000
vn 0.000000 0.722351 0.691527
vn 0.125868 0.704604 0.698348
vn 0.125868 0.704604 0.698348
vn 0.000000 0.722351 0.691527
vn 0.000000 0.031861 0.999492
vn 0.005494 0.030764 0.999512
vn 0.005494 0.030764 0.999512
vn 0.000000 0.031861 0.999492
vn 0.000000 -0.690466 0.723365
vn -0.120198 -0.672934 0.729872
vn -0.120198 -0.672934 0.729872
vn 0.000000 -0.690466 0.723365
vn 0.000000 -1.000000 0.000000
vn -0.175837 -0.984419 0.000000
vn -0.175837 -0.984419 0.000000
vn 0.000000 -1.000000 0.000000
vn 0.000000 -0.690466 -0.723365
vn -0.120198 -0.672934 -0.729872
vn -0.120198 -0.672934 -0.729872
vn 0.000000 -0.690466 -0.723365
vn 0.000000 0.031831 -0.999493
vn 0.005494 0.030764 -0.999512
vn 0.005494 0.030764 -0.999512
vn 0.000000 0.031831 -0.999493
vn 0.000000 0.722351 -0.691527
vn 0.125868 0.704604 -0.698348
vn 0.125868 0.704604 -0.698348
vn 0.000000 0.722351 -0.691527
vn 0.000000 1.000000 0.000000
vn 0.175837 0.984419 0.000000
vn 0.000000 1.000000 0.000000
vn -0.175837 0.984419 0.000000
vn -0.125848 0.704606 0.698350
vn 0.000000 0.722351 0.691527
vn 0.000000 0.722351 0.691527
vn -0.125848 0.704606 0.698350
vn -0.005494 0.030764 0.999512
vn 0.000000 0.031861 0.999492
vn 0.000000 0.031861 0.999492
vn -0.005494 0.030764 0.999512
vn 0.120198 -0.672934 0.729872
vn 0.000000 -0.690466 0.723365
vn 0.000000 -0.690466 0.723365
vn 0.120198 -0.672934 0.729872
vn 0.175837 -0.984419 0.000000
vn 0.000000 -1.000000 0.000000
vn 0.000000 -1.000000 0.000000
vn 0.175837 -0.984419 0.000000
vn 0.120198 -0.672934 -0.729872
vn 0.000000 -0.690466 -0.723365
vn 0.000000 -0.690466 -0.723365
vn 0.120198 -0.672934 -0.729872
vn -0.005494 0.030764 -0.999512
vn 0.000000 0.031831 -0.999493
vn 0.000000 0.031831 -0.999493
vn -0.005494 0.030764 -0.999512
vn -0.125848 0.704606 -0.698350
vn 0.000000 0.722351 -0.691527
vn 0.000000 0.722351 -0.691527
vn -0.125848 0.704606 -0.698350
vn -0.175837 0.984419 0.000000
vn 0.000000 1.000000 0.000000
vn -0.175837 0.984419 0.000000
vn -0.359202 0.933260 0.000000
vn -0.250003 0.649556 0.718036
vn -0.125848 0.704606 0.698350
vn -0.125848 0.704606 0.698350
vn -0.250003 0.649556 0.718036
vn -0.010622 0.027591 0.999563
vn -0.005494 0.030764 0.999512
vn -0.005494 0.030764 0.999512
vn -0.010622 0.027591 0.999563
vn 0.238180 -0.618780 0.748587
vn 0.120198 -0.672934 0.729872
vn 0.120198 -0.672934 0.729872
vn 0.238180 -0.618780 0.748587
vn 0.359202 -0.933260 0.000000
vn 0.175837 -0.984419 0.000000
vn 0.175837 -0.984419 0.000000
vn 0.359202 -0.933260 0.000000
vn 0.238180 -0.618780 -0.748587
vn 0.120198 -0.672934 -0.729872
vn 0.120198 -0.672934 -0.729872
vn 0.238180 -0.618780 -0.748587
vn -0.010622 0.027591 -0.999563
vn -0.005494 0.030764 -0.999512
vn -0.005494 0.030764 -0.999512
vn -0.010622 0.027591 -0.999563
vn -0.250003 0.649556 -0.718036
vn -0.125848 0.704606 -0.698350
vn -0.125848 0.704606 -0.698350
vn -0.250003 0.649556 -0.718036
vn -0.359202 0.933260 0.000000
vn -0.175837 0.984419 0.000000
vn -0.359202 0.933260 0.000000
vn -0.554700 0.832050 0.000000
vn -0.368245 0.552367 0.747854
vn -0.250003 0.649556 0.718036
vn -0.250003 0.649556 0.718036
vn -0.368245 0.552367 0.747854
vn -0.015018 0.022526 0.999634
vn -0.010622 0.027591 0.999563
vn -0.010622 0.027591 0.999563
vn -0.015018 0.022526 0.999634
vn 0.349441 -0.524161 0.776625
vn 0.238180 -0.618780 0.748587
vn 0.238180 -0.618780 0.748587
vn 0.349441 -0.524161 0.776625
vn 0.554700 -0.832050 0.000000
vn 0.359202 -0.933260 0.000000
vn 0.359202 -0.933260 0.000000
vn 0.554700 -0.832050 0.000000
vn 0.349441 -0.524161 -0.776625
vn 0.238180 -0.618780 -0.748587
vn 0.238180 -0.618780 -0.748587
vn 0.349441 -0.524161 -0.776625
vn -0.015018 0.022526 -0.999634
vn -0.010622 0.027591 -0.999563
vn -0.010622 0.027591 -0.999563
vn -0.015018 0.022526 -0.999634
vn -0.368245 0.552367 -0.747854
vn -0.250003 0.649556 -0.718036
vn -0.250003 0.649556 -0.718036
vn -0.368245 0.552367 -0.747854
vn -0.554700 0.832050 0.000000
vn -0.359202 0.933260 0.000000
vn -0.554700 0.832050 0.000000
vn -0.755938 0.654643 0.000000
vn -0.471420 0.408264 0.781718
vn -0.368245 0.552367 0.747854
vn -0.368245 0.552367 0.747854
vn -0.471420 0.408264 0.781718
vn -0.018397 0.015935 0.999704
vn -0.015018 0.022526 0.999634
vn -0.015018 0.022526 0.999634
vn -0.018397 0.015935 0.999704
vn 0.445317 -0.385654 0.808062
vn 0.349441 -0.524161 0.776625
vn 0.349441 -0.524161 0.776625
vn 0.445317 -0.385654 0.808062
vn 0.755938 -0.654643 0.000000
vn 0.554700 -0.832050 0.000000
vn 0.554700 -0.832050 0.000000
vn 0.755938 -0.654643 0.000000
vn 0.445317 -0.385654 -0.808062
vn 0.349441 -0.524161 -0.776625
vn 0.349441 -0.524161 -0.776625
vn 0.445317 -0.385654 -0.808062
vn -0.018397 0.015935 -0.999704
vn -0.015018 0.022526 -0.999634
vn -0.015018 0.022526 -0.999634
vn -0.018397 0.015935 -0.999704
vn -0.471438 0.408260 -0.781710
vn -0.368245 0.552367 -0.747854
vn -0.368245 0.552367 -0.747854
vn -0.471438 0.408260 -0.781710
vn -0.755938 0.654643 0.000000
vn -0.554700 0.832050 0.000000
vn -0.755938 0.654643 0.000000
vn -0.927869 0.372907 0.000000
vn -0.544592 0.218889 0.809634
vn -0.471420 0.408264 0.781718
vn -0.471420 0.408264 0.781718
vn -0.544592 0.218889 0.809634
vn -0.020514 0.008242 0.999756
vn -0.018397 0.015935 0.999704
vn -0.018397 0.015935 0.999704
vn -0.020514 0.008242 0.999756
vn 0.512425 -0.205939 0.833673
vn 0.445317 -0.385654 0.808062
vn 0.445317 -0.385654 0.808062
vn 0.512425 -0.205939 0.833673
vn 0.927869 -0.372907 0.000000
vn 0.755938 -0.654643 0.000000
vn 0.755938 -0.654643 0.000000
vn 0.927869 -0.372907 0.000000
vn 0.512425 -0.205939 -0.833673
vn 0.445317 -0.385654 -0.808062
vn 0.445317 -0.385654 -0.808062
vn 0.512425 -0.205939 -0.833673
vn -0.020514 0.008242 -0.999756
vn -0.018397 0.015935 -0.999704
vn -0.018397 0.015935 -0.999704
vn -0.020514 0.008242 -0.999756
vn -0.544592 0.218889 -0.809634
vn -0.471438 0.408260 -0.781710
vn -0.471438 0.408260 -0.781710
vn -0.544592 0.218889 -0.809634
vn -0.927869 0.372907 0.000000
vn -0.755938 0.654643 0.000000
vn -0.927869 0.372907 0.000000
vn -1.000000 0.000000 0.000000
vn -0.571468 0.000000 0.820624
vn -0.544592 0.218889 0.809634
vn -0.544592 0.218889 0.809634
vn -0.571468 0.000000 0.820624
vn -0.021227 0.000000 0.999775
vn -0.020514 0.008242 0.999756
vn -0.020514 0.008242 0.999756
vn -0.021227 0.000000 0.999775
vn 0.536865 0.000000 0.843668
vn 0.512425 -0.205939 0.833673
vn 0.512425 -0.205939 0.833673
vn 0.536865 0.000000 0.843668
vn 1.000000 0.000000 0.000000
vn 0.927869 -0.372907 0.000000
vn 0.927869 -0.372907 0.000000
vn 1.000000 0.000000 0.000000
vn 0.536865 0.000000 -0.843668
vn 0.512425 -0.205939 -0.833673
vn 0.512425 -0.205939 -0.833673
vn 0.536865 0.000000 -0.843668
vn -0.021227 0.000000 -0.999775
vn -0.020514 0.008242 -0.999756
vn -0.020514 0.008242 -0.999756
vn -0.021227 0.000000 -0.999775
vn -0.571468 0.000000 -0.820624
vn -0.544592 0.218889 -0.809634
vn -0.544592 0.218889 -0.809634
vn -0.571468 0.000000 -0.820624
vn -1.000000 0.000000 0.000000
vn -0.927869 0.372907 0.000000
vn -1.000000 0.000000 0.000000
vn -0.927869 -0.372907 0.000000
vn -0.544592 -0.218889 0.809634
vn -0.571468 0.000000 0.820624
vn -0.571468 0.000000 0.820624
vn -0.544592 -0.218889 0.809634
vn -0.020514 -0.008242 0.999756
vn -0.021227 0.000000 0.999775
vn -0.021227 0.000000 0.999775
vn -0.020514 -0.008242 0.999756
vn 0.512425 0.205939 0.833673
vn 0.536865 0.000000 0.843668
vn 0.536865 0.000000 0.843668
vn 0.512425 0.205939 0.833673
vn 0.927869 0.372907 0.000000
vn 1.000000 0.000000 0.000000
vn 1.000000 0.000000 0.000000
vn 0.927869 0.372907 0.000000
vn 0.512425 0.205939 -0.833673
vn 0.536865 0.000000 -0.843668
vn 0.536865 0.000000 -0.843668
vn 0.512425 0.205939 -0.833673
vn -0.020514 -0.008242 -0.999756
vn -0.021227 0.000000 -0.999775
vn -0.021227 0.000000 -0.999775
vn -0.020514 -0.008242 -0.999756
vn -0.544592 -0.218889 -0.809634
vn -0.571468 0.000000 -0.820624
vn -0.571468 0.000000 -0.820624
vn -0.544592 -0.218889 -0.809634
vn -0.927869 -0.372907 0.000000
vn -1.000000 0.000000 0.000000
vn -0.927869 -0.372907 0.000000
vn -0.755938 -0.654643 0.000000
vn -0.471438 -0.408260 0.781710
vn -0.544592 -0.218889 0.809634
vn -0.544592 -0.218889 0.809634
vn -0.471438 -0.408260 0.781710
vn -0.018397 -0.015935 0.999704
vn -0.020514 -0.008242 0.999756
vn -0.020514 -0.008242 0.999756
vn -0.018397 -0.015935 0.999704
vn 0.445317 0.385654 0.808062
vn 0.512425 0.205939 0.833673
vn 0.512425 0.205939 0.833673
vn 0.445317 0.385654 0.808062
vn 0.755938 0.654643 0.000000
vn 0.927869 0.372907 0.000000
vn 0.927869 0.372907 0.000000
vn 0.755938 0.654643 0.000000
vn 0.445317 0.385654 -0.808062
vn 0.512425 0.205939 -0.833673
vn 0.512425 0.205939 -0.833673
vn 0.445317 0.385654 -0.808062
vn -0.018397 -0.015935 -0.999704
vn -0.020514 -0.008242 -0.999756
vn -0.020514 -0.008242 -0.999756
vn -0.018397 -0.015935 -0.999704
vn -0.471438 -0.408260 -0.781710
vn -0.544592 -0.218889 -0.809634
vn -0.544592 -0.218889 -0.809634
vn -0.471438 -0.408260 -0.781710
vn -0.755938 -0.654643 0.000000
vn -0.927869 -0.372907 0.000000
vn -0.755938 -0.654643 0.000000
vn -0.554700 -0.832050 0.000000
vn -0.368245 -0.552367 0.747854
vn -0.471438 -0.408260 0.781710
vn -0.471438 -0.408260 0.781710
vn -0.368245 -0.552367 0.747854
vn -0.015018 -0.022526 0.999634
vn -0.018397 -0.015935 0.999704
vn -0.018397 -0.015935 0.999704
vn -0.015018 -0.022526 0.999634
vn 0.349441 0.524161 0.776625
vn 0.445317 0.385654 0.808062
vn 0.445317 0.385654 0.808062
vn 0.349441 0.524161 0.776625
vn 0.554700 0.832050 0.000000
vn 0.755938 0.654643 0.000000
vn 0.755938 0.654643 0.000000
vn 0.554700 0.832050 0.000000
vn 0.349441 0.524161 -0.776625
vn 0.445317 0.385654 -0.808062
vn 0.445317 0.385654 -0.808062
vn 0.349441 0.524161 -0.776625
vn -0.015018 -0.022526 -0.999634
vn -0.018397 -0.015935 -0.999704
vn -0.018397 -0.015935 -0.999704
vn -0.015018 -0.022526 -0.999634
vn -0.368245 -0.552367 -0.747854
vn -0.471438 -0.408260 -0.781710
vn -0.471438 -0.408260 -0.781710
vn -0.368245 -0.552367 -0.747854
vn -0.554700 -0.832050 0.000000
vn -0.755938 -0.654643 0.000000
vn -0.554700 -0.832050 0.000000
vn -0.359202 -0.933260 0.000000
vn -0.250003 -0.649556 0.718036
vn -0.368245 -0.552367 0.747854
vn -0.368245 -0.552367 0.747854
vn -0.250003 -0.649556 0.718036
vn -0.010601 -0.027591 0.999563
vn -0.015018 -0.022526 0.999634
vn -0.015018 -0.022526 0.999634
vn -0.010601 -0.027591 0.999563
vn 0.238175 0.618799 0.748572
vn 0.349441 0.524161 0.776625
vn 0.349441 0.524161 0.776625
vn 0.238175 0.618799 0.748572
vn 0.359202 0.933260 0.000000
vn 0.554700 0.832050 0.000000
vn 0.554700 0.832050 0.000000
vn 0.359202 0.933260 0.000000
vn 0.238175 0.618799 -0.748572
vn 0.349441 0.524161 -0.776625
vn 0.349441 0.524161 -0.776625
vn 0.238175 0.618799 -0.748572
vn -0.010601 -0.027591 -0.999563
vn -0.015018 -0.022526 -0.999634
vn -0.015018 -0.022526 -0.999634
vn -0.010601 -0.027591 -0.999563
vn -0.250008 -0.649538 -0.718050
vn -0.368245 -0.552367 -0.747854
vn -0.368245 -0.552367 -0.747854
vn -0.250008 -0.649538 -0.718050
vn -0.359202 -0.933260 0.000000
vn -0.554700 -0.832050 0.000000
vn -0.359202 -0.933260 0.000000
vn -0.175837 -0.984419 0.000000
vn -0.125848 -0.704606 0.698350
vn -0.250003 -0.649556 0.718036
vn -0.250003 -0.649556 0.718036
vn -0.125848 -0.704606 0.698350
vn -0.005494 -0.030764 0.999512
vn -0.010601 -0.027591 0.999563
vn -0.010601 -0.027591 0.999563
vn -0.005494 -0.030764 0.999512
vn 0.120198 0.672934 0.729872
vn 0.238175 0.618799 0.748572
vn 0.238175 0.618799 0.748572
vn 0.120198 0.672934 0.729872
vn 0.175837 0.984419 0.000000
vn 0.359202 0.933260 0.000000
vn 0.359202 0.933260 0.000000
vn 0.175837 0.984419 0.000000
vn 0.120198 0.672934 -0.729872
vn 0.238175 0.618799 -0.748572
vn 0.238175 0.618799 -0.748572
vn 0.120198 0.672934 -0.729872
vn -0.005494 -0.030764 -0.999512
vn -0.010601 -0.027591 -0.999563
vn -0.010601 -0.027591 -0.999563
vn -0.005494 -0.030764 -0.999512
vn -0.125868 -0.704604 -0.698348
vn -0.250008 -0.649538 -0.718050
vn -0.250008 -0.649538 -0.718050
vn -0.125868 -0.704604 -0.698348
vn -0.175837 -0.984419 0.000000
vn -0.359202 -0.933260 0.000000
vn -0.175837 -0.984419 0.000000
vn 0.000000 -1.000000 0.000000
vn 0.000000 -0.722336 0.691542
vn -0.125848 -0.704606 0.698350
vn -0.125848 -0.704606 0.698350
vn 0.000000 -0.722336 0.691542
vn 0.000000 -0.031831 0.999493
vn -0.005494 -0.030764 0.999512
vn -0.005494 -0.030764 0.999512
vn 0.000000 -0.031831 0.999493
vn 0.000000 0.690466 0.723365
vn 0.120198 0.672934 0.729872
vn 0.120198 0.672934 0.729872
vn 0.000000 0.690466 0.723365
vn 0.000000 1.000000 0.000000
vn 0.175837 0.984419 0.000000
vn 0.175837 0.984419 0.000000
vn 0.000000 1.000000 0.000000
vn 0.000000 0.690466 -0.723365
vn 0.120198 0.672934 -0.729872
vn 0.120198 0.672934 -0.729872
vn 0.000000 0.690466 -0.723365
vn 0.000000 -0.031831 -0.999493
vn -0.005494 -0.030764 -0.999512
vn -0.005494 -0.030764 -0.999512
vn 0.000000 -0.031831 -0.999493
vn 0.000000 -0.722351 -0.691527
vn -0.125868 -0.704604 -0.698348
vn -0.125868 -0.704604 -0.698348
vn 0.000000 -0.722351 -0.691527
vn 0.000000 -1.000000 0.000000
vn -0.175837 -0.984419 0.000000
vn 0.000000 -1.000000 0.000000
vn 0.175837 -0.984419 0.000000
vn 0.125848 -0.704606 0.698350
vn 0.000000 -0.722336 0.691542
vn 0.000000 -0.722336 0.691542
vn 0.125848 -0.704606 0.698350
vn 0.005494 -0.030764 0.999512
vn 0.000000 -0.031831 0.999493
vn 0.000000 -0.031831 0.999493
vn 0.005494 -0.030764 0.999512
vn -0.120198 0.672934 0.729872
vn 0.000000 0.690466 0.723365
vn 0.000000 0.690466 0.723365
vn -0.120198 0.672934 0.729872
vn -0.175837 0.984419 0.000000
vn 0.000000 1.000000 0.000000
vn 0.000000 1.000000 0.000000
vn -0.175837 0.984419 0.000000
vn -0.120198 0.672934 -0.729872
vn 0.000000 0.690466 -0.723365
vn 0.000000 0.690466 -0.723365
vn -0.120198 0.672934 -0.729872
vn 0.005494 -0.030764 -0.999512
vn 0.000000 -0.031831 -0.999493
vn 0.000000 -0.031831 -0.999493
vn 0.005494 -0.030764 -0.999512
vn 0.125848 -0.704606 -0.698350
vn 0.000000 -0.722351 -0.691527
vn 0.000000 -0.722351 -0.691527
vn 0.125848 -0.704606 -0.698350
vn 0.175837 -0.984419 0.000000
vn 0.000000 -1.000000 0.000000
vn 0.175837 -0.984419 0.000000
vn 0.359202 -0.933260 0.000000
vn 0.250008 -0.649538 0.718050
vn 0.125848 -0.704606 0.698350
vn 0.125848 -0.704606 0.698350
vn 0.250008 -0.649538 0.718050
vn 0.010601 -0.027591 0.999563
vn 0.005494 -0.030764 0.999512
vn 0.005494 -0.030764 0.999512
vn 0.010601 -0.027591 0.999563
vn -0.238175 0.618799 0.748572
vn -0.120198 0.672934 0.729872
vn -0.120198 0.672934 0.729872
vn -0.238175 0.618799 0.748572
vn -0.359202 0.933260 0.000000
vn -0.175837 0.984419 0.000000
vn -0.175837 0.984419 0.000000
vn -0.359202 0.933260 0.000000
vn -0.238175 0.618799 -0.748572
vn -0.120198 0.672934 -0.729872
vn -0.120198 0.672934 -0.729872
vn -0.238175 0.618799 -0.748572
vn 0.010622 -0.027591 -0.999563
vn 0.005494 -0.030764 -0.999512
vn 0.005494 -0.030764 -0.999512
vn 0.010622 -0.027591 -0.999563
vn 0.250008 -0.649538 -0.718050
vn 0.125848 -0.704606 -0.698350
vn 0.125848 -0.704606 -0.698350
vn 0.250008 -0.649538 -0.718050
vn 0.359202 -0.933260 0.000000
vn 0.175837 -0.984419 0.000000
vn 0.359202 -0.933260 0.000000
vn 0.554700 -0.832050 0.000000
vn 0.368245 -0.552367 0.747854
vn 0.250008 -0.649538 0.718050
vn 0.250008 -0.649538 0.718050
vn 0.368245 -0.552367 0.747854
vn 0.015018 -0.022526 0.999634
vn 0.010601 -0.027591 0.999563
vn 0.010601 -0.027591 0.999563
vn 0.015018 -0.022526 0.999634
vn -0.349441 0.524161 0.776625
vn -0.238175 0.618799 0.748572
vn -0.238175 0.618799 0.748572
vn -0.349441 0.524161 0.776625
vn -0.554700 0.832050 0.000000
vn -0.359202 0.933260 0.000000
vn -0.359202 0.933260 0.000000
vn -0.554700 0.832050 0.000000
vn -0.349441 0.524161 -0.776625
vn -0.238175 0.618799 -0.748572
vn -0.238175 0.618799 -0.748572
vn -0.349441 0.524161 -0.776625
vn 0.015018 -0.022526 -0.999634
vn 0.010622 -0.027591 -0.999563
vn 0.010622 -0.027591 -0.999563
vn 0.015018 -0.022526 -0.999634
vn 0.368245 -0.552367 -0.747854
vn 0.250008 -0.649538 -0.718050
vn 0.250008 -0.649538 -0.718050
vn 0.368245 -0.552367 -0.747854
vn 0.554700 -0.832050 0.000000
vn 0.359202 -0.933260 0.000000
vn 0.554700 -0.832050 0.000000
vn 0.755938 -0.654643 0.000000
vn 0.471420 -0.408264 0.781718
vn 0.368245 -0.552367 0.747854
vn 0.368245 -0.552367 0.747854
vn 0.471420 -0.408264 0.781718
vn 0.018397 -0.015935 0.999704
vn 0.015018 -0.022526 0.999634
vn 0.015018 -0.022526 0.999634
vn 0.018397 -0.015935 0.999704
vn -0.445317 0.385654 0.808062
vn -0.349441 0.524161 0.776625
vn -0.349441 0.524161 0.776625
vn -0.445317 0.385654 0.808062
vn -0.755938 0.654643 0.000000
vn -0.554700 0.832050 0.000000
vn -0.554700 0.832050 0.000000
vn -0.755938 0.654643 0.000000
vn -0.445317 0.385654 -0.808062
vn -0.349441 0.524161 -0.776625
vn -0.349441 0.524161 -0.776625
vn -0.445317 0.385654 -0.808062
vn 0.018397 -0.015935 -0.999704
vn 0.015018 -0.022526 -0.999634
vn 0.015018 -0.022526 -0.999634
vn 0.018397 -0.015935 -0.999704
vn 0.471420 -0.408264 -0.781718
vn 0.368245 -0.552367 -0.747854
vn 0.368245 -0.552367 -0.747854
vn 0.471420 -0.408264 -0.781718
vn 0.755938 -0.654643 0.000000
vn 0.554700 -0.832050 0.000000
vn 0.755938 -0.654643 0.000000
vn 0.927869 -0.372907 0.000000
vn 0.544592 -0.218889 0.809634
vn 0.471420 -0.408264 0.781718
vn 0.471420 -0.408264 0.781718
vn 0.544592 -0.218889 0.809634
vn 0.020514 -0.008242 0.999756
vn 0.018397 -0.015935 0.999704
vn 0.018397 -0.015935 0.999704
vn 0.020514 -0.008242 0.999756
vn -0.512425 0.205939 0.833673
vn -0.445317 0.385654 0.808062
vn -0.445317 0.385654 0.808062
vn -0.512425 0.205939 0.833673
vn -0.927869 0.372907 0.000000
vn -0.755938 0.654643 0.000000
vn -0.755938 0.654643 0.000000
vn -0.927869 0.372907 0.000000
vn -0.512425 0.205939 -0.833673
vn -0.445317 0.385654 -0.808062
vn -0.445317 0.385654 -0.808062
vn -0.512425 0.205939 -0.833673
vn 0.020514 -0.008242 -0.999756
vn 0.018397 -0.015935 -0.999704
vn 0.018397 -0.015935 -0.999704
vn 0.020514 -0.008242 -0.999756
vn 0.544592 -0.218889 -0.809634
vn 0.471420 -0.408264 -0.781718
vn 0.471420 -0.408264 -0.781718
vn 0.544592 -0.218889 -0.809634
vn 0.927869 -0.372907 0.000000
vn 0.755938 -0.654643 0.000000
vn 0.927869 -0.372907 0.000000
vn 1.000000 0.000000 0.000000
vn 0.571468 0.000000 0.820624
vn 0.544592 -0.218889 0.809634
vn 0.544592 -0.218889 0.809634
vn 0.571468 0.000000 0.820624
vn 0.021227 0.000000 0.999775
vn 0.020514 -0.008242 0.999756
vn 0.020514 -0.008242 0.999756
vn 0.021227 0.000000 0.999775
vn -0.536865 0.000000 0.843668
vn -0.512425 0.205939 0.833673
vn -0.512425 0.205939 0.833673
vn -0.536865 0.000000 0.843668
vn -1.000000 0.000000 0.000000
vn -0.927869 0.372907 0.000000
vn -0.927869 0.372907 0.000000
vn -1.000000 0.000000 0.000000
vn -0.536865 0.000000 -0.843668
vn -0.512425 0.205939 -0.833673
vn -0.512425 0.205939 -0.833673
vn -0.536865 0.000000 -0.843668
vn 0.021227 0.000000 -0.999775
vn 0.020514 -0.008242 -0.999756
vn 0.020514 -0.008242 -0.999756
vn 0.021227 0.000000 -0.999775
vn 0.571468 0.000000 -0.820624
vn 0.544592 -0.218889 -0.809634
vn 0.544592 -0.218889 -0.809634
vn 0.571468 0.000000 -0.820624
vn 1.000000 0.000000 0.000000
vn 0.927869 -0.372907 0.000000
vn -0.120594 -0.911845 0.392423
vn -0.120594 -0.911845 -0.392423
vn -0.748914 -0.483708 -0.452939
vn -0.748914 -0.483708 0.452939
vn 0.044347 0.794095 -0.606174
vn 0.050846 0.998707 0.000000
vn 0.730770 0.682624 0.000000
vn 0.551101 0.476489 -0.685016
vn -0.038551 -0.404816 0.913585
vn -0.120594 -0.911845 0.392423
vn -0.748914 -0.483708 0.452939
vn -0.271945 -0.206829 0.939823
vn 0.020596 0.259485 -0.965528
vn 0.044347 0.794095 -0.606174
vn 0.551101 0.476489 -0.685016
vn 0.186557 0.106809 -0.976621
vn 0.020596 0.259485 0.965528
vn -0.038551 -0.404816 0.913585
vn -0.271945 -0.206829 0.939823
vn 0.186557 0.106809 0.976621
vn -0.038551 -0.404816 -0.913585
vn 0.020596 0.259485 -0.965528
vn 0.186557 0.106809 -0.976621
vn -0.271945 -0.206829 -0.939823
vn 0.044347 0.794095 0.606174
vn 0.020596 0.259485 0.965528
vn 0.186557 0.106809 0.976621
vn 0.551101 0.476489 0.685016
vn -0.120594 -0.911845 -0.392423
vn -0.038551 -0.404816 -0.913585
vn -0.271945 -0.206829 -0.939823
vn -0.748914 -0.483708 -0.452939
vn 0.050846 0.998707 0.000000
vn 0.044347 0.794095 0.606174
vn 0.551101 0.476489 0.685016
vn 0.730770 0.682624 0.000000
vn -0.748914 -0.483708 -0.452939
vn -0.271945 -0.206829 -0.939823
vn -0.283887 0.201531 -0.937440
vn -0.753254 0.483824 -0.445560
vn 0.730770 0.682624 0.000000
vn 0.551101 0.476489 0.685016
vn 0.573375 -0.451328 0.683772
vn 0.768834 -0.639448 0.000000
vn -0.748914 -0.483708 0.452939
vn -0.748914 -0.483708 -0.452939
vn -0.753254 0.483824 -0.445560
vn -0.753254 0.483824 0.445560
vn 0.551101 0.476489 -0.685016
vn 0.730770 0.682624 0.000000
vn 0.768834 -0.639448 0.000000
vn 0.573375 -0.451328 -0.683772
vn -0.271945 -0.206829 0.939823
vn -0.748914 -0.483708 0.452939
vn -0.753254 0.483824 0.445560
vn -0.283887 0.201531 0.937440
vn 0.186557 0.106809 -0.976621
vn 0.551101 0.476489 -0.685016
vn 0.573375 -0.451328 -0.683772
vn 0.182441 -0.110916 -0.976941
vn 0.186557 0.106809 0.976621
vn -0.271945 -0.206829 0.939823
vn -0.283887 0.201531 0.937440
vn 0.182441 -0.110916 0.976941
vn -0.271945 -0.206829 -0.939823
vn 0.186557 0.106809 -0.976621
vn 0.182441 -0.110916 -0.976941
vn -0.283887 0.201531 -0.937440
vn 0.551101 0.476489 0.685016
vn 0.186557 0.106809 0.976621
vn 0.182441 -0.110916 0.976941
vn 0.573375 -0.451328 0.683772
vn -0.120594 -0.911845 -0.392423
vn -0.120594 -0.911845 0.392423
vn 0.604848 -0.639026 0.475189
vn 0.604848 -0.639026 -0.475189
vn 0.050846 0.998707 0.000000
vn 0.044347 0.794095 -0.606174
vn -0.505213 0.535205 -0.676990
vn -0.667629 0.744494 0.000000
vn -0.120594 -0.911845 0.392423
vn -0.038551 -0.404816 0.913585
vn 0.216783 -0.229867 0.948771
vn 0.604848 -0.639026 0.475189
vn 0.044347 0.794095 -0.606174
vn 0.020596 0.259485 -0.965528
vn -0.176700 0.147240 -0.973189
vn -0.505213 0.535205 -0.676990
vn -0.038551 -0.404816 0.913585
vn 0.020596 0.259485 0.965528
vn -0.176700 0.147240 0.973189
vn 0.216783 -0.229867 0.948771
vn 0.020596 0.259485 -0.965528
vn -0.038551 -0.404816 -0.913585
vn 0.216783 -0.229867 -0.948771
vn -0.176700 0.147240 -0.973189
vn 0.020596 0.259485 0.965528
vn 0.044347 0.794095 0.606174
vn -0.505213 0.535205 0.676990
vn -0.176700 0.147240 0.973189
vn -0.038551 -0.404816 -0.913585
vn -0.120594 -0.911845 -0.392423
vn 0.604848 -0.639026 -0.475189
vn 0.216783 -0.229867 -0.948771
vn 0.044347 0.794095 0.606174
vn 0.050846 0.998707 0.000000
vn -0.667629 0.744494 0.000000
vn -0.505213 0.535205 0.676990
vn 0.604848 -0.639026 -0.475189
vn 0.604848 -0.639026 0.475189
vn 0.844601 0.415808 0.337272
vn 0.756543 0.355953 -0.548580
vn -0.667629 0.744494 0.000000
vn -0.505213 0.535205 -0.676990
vn -0.652058 -0.518257 -0.553381
vn -0.785316 -0.590245 0.186785
vn 0.604848 -0.639026 0.475189
vn 0.216783 -0.229867 0.948771
vn 0.377349 0.261150 0.888487
vn 0.844601 0.415808 0.337272
vn -0.505213 0.535205 -0.676990
vn -0.176700 0.147240 -0.973189
vn -0.258674 -0.223726 -0.939699
vn -0.652058 -0.518257 -0.553381
vn 0.216783 -0.229867 0.948771
vn -0.176700 0.147240 0.973189
vn -0.115435 0.032341 0.992788
vn 0.377349 0.261150 0.888487
vn -0.176700 0.147240 -0.973189
vn 0.216783 -0.229867 -0.948771
vn 0.228675 0.073869 -0.970696
vn -0.258674 -0.223726 -0.939699
vn -0.176700 0.147240 0.973189
vn -0.505213 0.535205 0.676990
vn -0.525473 -0.307843 0.793165
vn -0.115435 0.032341 0.992788
vn 0.216783 -0.229867 -0.948771
vn 0.604848 -0.639026 -0.475189
vn 0.756543 0.355953 -0.548580
vn 0.228675 0.073869 -0.970696
vn -0.505213 0.535205 0.676990
vn -0.667629 0.744494 0.000000
vn -0.785316 -0.590245 0.186785
vn -0.525473 -0.307843 0.793165
vn 0.182441 -0.110916 -0.976941
vn 0.573375 -0.451328 -0.683772
vn 0.031964 -0.688075 -0.724935
vn 0.052523 -0.158578 -0.985949
vn 0.182441 -0.110916 0.976941
vn -0.283887 0.201531 0.937440
vn -0.068195 0.206943 0.975974
vn -0.072711 -0.411344 0.908575
vn -0.283887 0.201531 -0.937440
vn 0.182441 -0.110916 -0.976941
vn 0.052523 -0.158578 -0.985949
vn 0.087251 0.452181 -0.887649
vn 0.573375 -0.451328 0.683772
vn 0.182441 -0.110916 0.976941
vn -0.072711 -0.411344 0.908575
vn -0.037205 -0.881223 0.471234
vn -0.753254 0.483824 -0.445560
vn -0.283887 0.201531 -0.937440
vn 0.087251 0.452181 -0.887649
vn 0.078572 0.958151 -0.275268
vn 0.768834 -0.639448 0.000000
vn 0.573375 -0.451328 0.683772
vn -0.037205 -0.881223 0.471234
vn 0.003052 -0.984439 -0.175701
vn -0.753254 0.483824 0.445560
vn -0.753254 0.483824 -0.445560
vn 0.078572 0.958151 -0.275268
vn -0.010011 0.790580 0.612277
vn 0.573375 -0.451328 -0.683772
vn 0.768834 -0.639448 0.000000
vn 0.003052 -0.984439 -0.175701
vn 0.031964 -0.688075 -0.724935
vn -0.283887 0.201531 0.937440
vn -0.753254 0.483824 0.445560
vn -0.010011 0.790580 0.612277
vn -0.068195 0.206943 0.975974
vn -0.258674 -0.223726 -0.939699
vn 0.228675 0.073869 -0.970696
vn 0.052523 -0.158578 -0.985949
vn 0.031964 -0.688075 -0.724935
vn 0.228675 0.073869 -0.970696
vn 0.756543 0.355953 -0.548580
vn 0.087251 0.452181 -0.887649
vn 0.052523 -0.158578 -0.985949
vn 0.756543 0.355953 -0.548580
vn 0.844601 0.415808 0.337272
vn 0.078572 0.958151 -0.275268
vn 0.087251 0.452181 -0.887649
vn 0.844601 0.415808 0.337272
vn 0.377349 0.261150 0.888487
vn -0.010011 0.790580 0.612277
vn 0.078572 0.958151 -0.275268
vn 0.377349 0.261150 0.888487
vn -0.115435 0.032341 0.992788
vn -0.068195 0.206943 0.975974
vn -0.010011 0.790580 0.612277
vn -0.115435 0.032341 0.992788
vn -0.525473 -0.307843 0.793165
vn -0.072711 -0.411344 0.908575
vn -0.068195 0.206943 0.975974
vn -0.525473 -0.307843 0.793165
vn -0.785316 -0.590245 0.186785
vn -0.037205 -0.881223 0.471234
vn -0.072711 -0.411344 0.908575
vn -0.785316 -0.590245 0.186785
vn -0.652058 -0.518257 -0.553381
vn 0.003052 -0.984439 -0.175701
vn -0.037205 -0.881223 0.471234
vn -0.652058 -0.518257 -0.553381
vn -0.258674 -0.223726 -0.939699
vn 0.031964 -0.688075 -0.724935
vn 0.003052 -0.984439 -0.175701
vn 0.116933 -0.003384 0.993134
vn 0.622585 -0.018013 0.782345
vn 0.622586 -0.018013 0.782344
vn 0.116933 -0.003384 0.993134
vn -0.359700 0.010408 -0.933010
vn -0.877756 0.025396 -0.478435
vn -0.877756 0.025396 -0.478435
vn -0.359701 0.010408 -0.933010
vn 0.622585 -0.018013 0.782345
vn 0.999582 -0.028921 0.000000
vn 0.999582 -0.028921 0.000000
vn 0.622586 -0.018013 0.782344
vn 0.999582 -0.028921 0.000000
vn 0.622586 -0.018013 -0.782344
vn 0.622586 -0.018013 -0.782344
vn 0.999582 -0.028921 0.000000
vn -0.877756 0.025396 -0.478435
vn -0.877756 0.025396 0.478435
vn -0.877756 0.025396 0.478435
vn -0.877756 0.025396 -0.478435
vn -0.877756 0.025396 0.478435
vn -0.359700 0.010408 0.933010
vn -0.359700 0.010408 0.933010
vn -0.877756 0.025396 0.478435
vn 0.622586 -0.018013 -0.782344
vn 0.116933 -0.003384 -0.993134
vn 0.116933 -0.003384 -0.993134
vn 0.622586 -0.018013 -0.782344
vn -0.359700 0.010408 0.933010
vn 0.116933 -0.003384 0.993134
vn 0.116933 -0.003384 0.993134
vn -0.359700 0.010408 0.933010
vn 0.116933 -0.003384 -0.993134
vn -0.359700 0.010408 -0.933010
vn -0.359701 0.010408 -0.933010
vn 0.116933 -0.003384 -0.993134
vn 0.471551 -0.185713 -0.862062
vn 0.083431 -0.199521 -0.976335
vn 0.089850 -0.199565 -0.975756
vn 0.523779 -0.180900 -0.832425
vn -0.918426 0.095932 0.383785
vn -0.332480 0.174876 0.926755
vn -0.312138 0.175328 0.933719
vn -0.864792 0.113422 0.489153
vn -0.332480 0.174876 0.926755
vn 0.107627 0.170068 0.979537
vn 0.101931 0.170309 0.980105
vn -0.312138 0.175328 0.933719
vn 0.083431 -0.199521 -0.976335
vn -0.269301 -0.182319 -0.945641
vn -0.292826 -0.180104 -0.939050
vn 0.089850 -0.199565 -0.975756
vn 0.107627 0.170068 0.979537
vn 0.620845 0.121969 0.774387
vn 0.577053 0.128607 0.806518
vn 0.101931 0.170309 0.980105
vn -0.269301 -0.182319 -0.945641
vn -0.731014 -0.112185 -0.673077
vn -0.808601 -0.091732 -0.581163
vn -0.292826 -0.180104 -0.939050
vn 0.620845 0.121969 0.774387
vn 0.969067 -0.075603 -0.234933
vn 0.996169 -0.046043 -0.074341
vn 0.577053 0.128607 0.806518
vn -0.731014 -0.112185 -0.673077
vn -0.918426 0.095932 0.383785
vn -0.864792 0.113422 0.489153
vn -0.808601 -0.091732 -0.581163
vn 0.969067 -0.075603 -0.234933
vn 0.471551 -0.185713 -0.862062
vn 0.523779 -0.180900 -0.832425
vn 0.996169 -0.046043 -0.074341
vn -0.471551 0.185712 -0.862062
vn -0.083430 0.199521 -0.976335
vn -0.089850 0.199565 -0.975756
vn -0.523779 0.180899 -0.832425
vn 0.918425 -0.095932 0.383786
vn 0.332481 -0.174875 0.926755
vn 0.312139 -0.175328 0.933718
vn 0.864792 -0.113422 0.489153
vn 0.332481 -0.174875 0.926755
vn -0.107627 -0.170068 0.979537
vn -0.101931 -0.170309 0.980105
vn 0.312139 -0.175328 0.933718
vn -0.083430 0.199521 -0.976335
vn 0.269301 0.182319 -0.945641
vn 0.292826 0.180105 -0.939050
vn -0.089850 0.199565 -0.975756
vn -0.107627 -0.170068 0.979537
vn -0.620846 -0.121968 0.774386
vn -0.577054 -0.128607 0.806517
vn -0.101931 -0.170309 0.980105
vn 0.269301 0.182319 -0.945641
vn 0.731014 0.112185 -0.673077
vn 0.808601 0.091734 -0.581163
vn 0.292826 0.180105 -0.939050
vn -0.620846 -0.121968 0.774386
vn -0.969067 0.075603 -0.234934
vn -0.996169 0.046043 -0.074341
vn -0.577054 -0.128607 0.806517
vn 0.731014 0.112185 -0.673077
vn 0.918425 -0.095932 0.383786
vn 0.864792 -0.113422 0.489153
vn 0.808601 0.091734 -0.581163
vn -0.969067 0.075603 -0.234934
vn -0.471551 0.185712 -0.862062
vn -0.523779 0.180899 -0.832425
vn -0.996169 0.046043 -0.074341
vn -0.098020 -0.915059 0.391229
vn -0.098020 -0.915059 -0.391229
vn -0.728399 -0.518512 -0.447863
vn -0.728399 -0.518512 0.447863
vn 0.024974 0.795325 -0.605668
vn 0.026502 0.999649 0.000000
vn 0.702915 0.711274 0.000000
vn 0.534805 0.502268 -0.679493
vn -0.028662 -0.406481 0.913209
vn -0.098020 -0.915059 0.391229
vn -0.728399 -0.518512 0.447863
vn -0.266268 -0.221179 0.938180
vn 0.014264 0.260396 -0.965397
vn 0.024974 0.795325 -0.605668
vn 0.534805 0.502268 -0.679493
vn 0.183719 0.116868 -0.976007
vn 0.014264 0.260424 0.965389
vn -0.028662 -0.406481 0.913209
vn -0.266268 -0.221179 0.938180
vn 0.183719 0.116868 0.976007
vn -0.028662 -0.406481 -0.913209
vn 0.014264 0.260396 -0.965397
vn 0.183719 0.116868 -0.976007
vn -0.266268 -0.221179 -0.938180
vn 0.024974 0.795325 0.605668
vn 0.014264 0.260424 0.965389
vn 0.183719 0.116868 0.976007
vn 0.534805 0.502268 0.679493
vn -0.098020 -0.915059 -0.391229
vn -0.028662 -0.406481 -0.913209
vn -0.266268 -0.221179 -0.938180
vn -0.728399 -0.518512 -0.447863
vn 0.026502 0.999649 0.000000
vn 0.024974 0.795325 0.605668
vn 0.534805 0.502268 0.679493
vn 0.702915 0.711274 0.000000
vn -0.728399 -0.518512 -0.447863
vn -0.266268 -0.221179 -0.938180
vn -0.289092 0.186156 -0.939027
vn -0.772829 0.447063 -0.450411
vn 0.702915 0.711274 0.000000
vn 0.534805 0.502268 0.679493
vn 0.588502 -0.422872 0.689090
vn 0.795577 -0.605853 0.000000
vn -0.728399 -0.518512 0.447863
vn -0.728399 -0.518512 -0.447863
vn -0.772829 0.447063 -0.450411
vn -0.772829 0.447063 0.450411
vn 0.534805 0.502268 -0.679493
vn 0.702915 0.711274 0.000000
vn 0.795577 -0.605853 0.000000
vn 0.588502 -0.422872 -0.689090
vn -0.266268 -0.221179 0.938180
vn -0.728399 -0.518512 0.447863
vn -0.772829 0.447063 0.450411
vn -0.289092 0.186156 0.939027
vn 0.183719 0.116868 -0.976007
vn 0.534805 0.502268 -0.679493
vn 0.588502 -0.422872 -0.689090
vn 0.185126 -0.100915 -0.977520
vn 0.183719 0.116868 0.976007
vn -0.266268 -0.221179 0.938180
vn -0.289092 0.186156 0.939027
vn 0.185126 -0.100915 0.977520
vn -0.266268 -0.221179 -0.938180
vn 0.183719 0.116868 -0.976007
vn 0.185126 -0.100915 -0.977520
vn -0.289092 0.186156 -0.939027
vn 0.534805 0.502268 0.679493
vn 0.183719 0.116868 0.976007
vn 0.185126 -0.100915 0.977520
vn 0.588502 -0.422872 0.689090
vn -0.098020 -0.915059 -0.391229
vn -0.098020 -0.915059 0.391229
vn 0.627310 -0.612622 0.480809
vn 0.627310 -0.612622 -0.480809
vn 0.026502 0.999649 0.000000
vn 0.024974 0.795325 -0.605668
vn -0.522151 0.511361 -0.682545
vn -0.695779 0.718256 0.000000
vn -0.098020 -0.915059 0.391229
vn -0.028662 -0.406481 0.913209
vn 0.222560 -0.218168 0.950195
vn 0.627310 -0.612622 0.480809
vn 0.024974 0.795325 -0.605668
vn 0.014264 0.260396 -0.965397
vn -0.180303 0.137578 -0.973942
vn -0.522151 0.511361 -0.682545
vn -0.028662 -0.406481 0.913209
vn 0.014264 0.260424 0.965389
vn -0.180303 0.137578 0.973942
vn 0.222560 -0.218168 0.950195
vn 0.014264 0.260396 -0.965397
vn -0.028662 -0.406481 -0.913209
vn 0.222560 -0.218168 -0.950195
vn -0.180303 0.137578 -0.973942
vn 0.014264 0.260424 0.965389
vn 0.024974 0.795325 0.605668
vn -0.522151 0.511361 0.682545
vn -0.180303 0.137578 0.973942
vn -0.028662 -0.406481 -0.913209
vn -0.098020 -0.915059 -0.391229
vn 0.627310 -0.612622 -0.480809
vn 0.222560 -0.218168 -0.950195
vn 0.024974 0.795325 0.605668
vn 0.026502 0.999649 0.000000
vn -0.695779 0.718256 0.000000
vn -0.522151 0.511361 0.682545
vn 0.627310 -0.612622 -0.480809
vn 0.627310 -0.612622 0.480809
vn 0.824728 0.456686 0.333558
vn 0.741023 0.393749 -0.543917
vn -0.695779 0.718256 0.000000
vn -0.522151 0.511361 -0.682545
vn -0.632393 -0.547871 -0.547647
vn -0.759523 -0.623874 0.184136
vn 0.627310 -0.612622 0.480809
vn 0.222560 -0.218168 0.950195
vn 0.369608 0.280755 0.885758
vn 0.824728 0.456686 0.333558
vn -0.522151 0.511361 -0.682545
vn -0.180303 0.137578 -0.973942
vn -0.252599 -0.237304 -0.938020
vn -0.632393 -0.547871 -0.547647
vn 0.222560 -0.218168 0.950195
vn -0.180303 0.137578 0.973942
vn -0.116144 0.026005 0.992892
vn 0.369608 0.280755 0.885758
vn -0.180303 0.137578 -0.973942
vn 0.222560 -0.218168 -0.950195
vn 0.226596 0.086296 -0.970158
vn -0.252599 -0.237304 -0.938020
vn -0.180303 0.137578 0.973942
vn -0.522151 0.511361 0.682545
vn -0.515011 -0.334701 0.789139
vn -0.116144 0.026005 0.992892
vn 0.222560 -0.218168 -0.950195
vn 0.627310 -0.612622 -0.480809
vn 0.741023 0.393749 -0.543917
vn 0.226596 0.086296 -0.970158
vn -0.522151 0.511361 0.682545
vn -0.695779 0.718256 0.000000
vn -0.759523 -0.623874 0.184136
vn -0.515011 -0.334701 0.789139
vn 0.185126 -0.100915 -0.977520
vn 0.588502 -0.422872 -0.689090
vn 0.048720 -0.686451 -0.725543
vn 0.056369 -0.155652 -0.986202
vn 0.185126 -0.100915 0.977520
vn -0.289092 0.186156 0.939027
vn -0.073227 0.203174 0.976401
vn -0.062594 -0.414696 0.907805
vn -0.289092 0.186156 -0.939027
vn 0.185126 -0.100915 -0.977520
vn 0.056369 -0.155652 -0.986202
vn 0.076105 0.456142 -0.886647
vn 0.588502 -0.422872 0.689090
vn 0.185126 -0.100915 0.977520
vn -0.062594 -0.414696 0.907805
vn -0.015730 -0.882050 0.470893
vn -0.772829 0.447063 -0.450411
vn -0.289092 0.186156 -0.939027
vn 0.076105 0.456142 -0.886647
vn 0.055100 0.959940 -0.274736
vn 0.795577 -0.605853 0.000000
vn 0.588502 -0.422872 0.689090
vn -0.015730 -0.882050 0.470893
vn 0.027012 -0.984059 -0.175780
vn -0.772829 0.447063 0.450411
vn -0.772829 0.447063 -0.450411
vn 0.055100 0.959940 -0.274736
vn -0.029253 0.789869 0.612578
vn 0.588502 -0.422872 -0.689090
vn 0.795577 -0.605853 0.000000
vn 0.027012 -0.984059 -0.175780
vn 0.048720 -0.686451 -0.725543
vn -0.289092 0.186156 0.939027
vn -0.772829 0.447063 0.450411
vn -0.029253 0.789869 0.612578
vn -0.073227 0.203174 0.976401
vn -0.252599 -0.237304 -0.938020
vn 0.226596 0.086296 -0.970158
vn 0.056369 -0.155652 -0.986202
vn 0.048720 -0.686451 -0.725543
vn 0.226596 0.086296 -0.970158
vn 0.741023 0.393749 -0.543917
vn 0.076105 0.456142 -0.886647
vn 0.056369 -0.155652 -0.986202
vn 0.741023 0.393749 -0.543917
vn 0.824728 0.456686 0.333558
vn 0.055100 0.959940 -0.274736
vn 0.076105 0.456142 -0.886647
vn 0.824728 0.456686 0.333558
vn 0.369608 0.280755 0.885758
vn -0.029253 0.789869 0.612578
vn 0.055100 0.959940 -0.274736
vn 0.369608 0.280755 0.885758
vn -0.116144 0.026005 0.992892
vn -0.073227 0.203174 0.976401
vn -0.029253 0.789869 0.612578
vn -0.116144 0.026005 0.992892
vn -0.515011 -0.334701 0.789139
vn -0.062594 -0.414696 0.907805
vn -0.073227 0.203174 0.976401
vn -0.515011 -0.334701 0.789139
vn -0.759523 -0.623874 0.184136
vn -0.015730 -0.882050 0.470893
vn -0.062594 -0.414696 0.907805
vn -0.759523 -0.623874 0.184136
vn -0.632393 -0.547871 -0.547647
vn 0.027012 -0.984059 -0.175780
vn -0.015730 -0.882050 0.470893
vn -0.632393 -0.547871 -0.547647
vn -0.252599 -0.237304 -0.938020
vn 0.048720 -0.686451 -0.725543
vn 0.027012 -0.984059 -0.175780
vn 0.877820 0.022665 0.478454
vn 0.877820 0.022665 0.478455
vn 0.877820 0.022665 -0.478455
vn 0.877820 0.022665 -0.478454
vn -0.999667 -0.025810 0.000000
vn -0.999667 -0.025810 0.000000
vn -0.622621 -0.016076 0.782359
vn -0.622621 -0.016076 0.782359
vn -0.622621 -0.016076 -0.782359
vn -0.622621 -0.016076 -0.782359
vn -0.999667 -0.025810 0.000000
vn -0.999667 -0.025810 0.000000
vn 0.877820 0.022665 -0.478454
vn 0.877820 0.022665 -0.478455
vn 0.359714 0.009288 -0.933016
vn 0.359715 0.009288 -0.933016
vn -0.622621 -0.016076 0.782359
vn -0.622621 -0.016076 0.782359
vn -0.116938 -0.003019 0.993135
vn -0.116938 -0.003019 0.993135
vn 0.359715 0.009288 -0.933016
vn 0.359714 0.009288 -0.933016
vn -0.116938 -0.003019 -0.993135
vn -0.116938 -0.003019 -0.993135
vn -0.116938 -0.003019 0.993135
vn -0.116938 -0.003019 0.993135
vn 0.359714 0.009288 0.933016
vn 0.359715 0.009288 0.933016
vn -0.116938 -0.003019 -0.993135
vn -0.116938 -0.003019 -0.993135
vn -0.622621 -0.016076 -0.782359
vn -0.622621 -0.016076 -0.782359
vn 0.359715 0.009288 0.933016
vn 0.359714 0.009288 0.933016
vn 0.877820 0.022665 0.478455
vn 0.877820 0.022665 0.478454
vn 0.337080 -0.156825 -0.928323
vn 0.316700 -0.158379 -0.935210
vn -0.097667 -0.175683 -0.979590
vn -0.103358 -0.175748 -0.978994
vn -0.088271 0.194921 0.976839
vn -0.094694 0.194621 0.976297
vn 0.287771 0.195688 0.937494
vn 0.264279 0.196636 0.944188
vn -0.103358 -0.175748 -0.978994
vn -0.097667 -0.175683 -0.979590
vn -0.572100 -0.159703 -0.804485
vn -0.615857 -0.155463 -0.772367
vn 0.264279 0.196636 0.944188
vn 0.287771 0.195688 0.937494
vn 0.803585 0.135554 0.579548
vn 0.725672 0.151681 0.671114
vn -0.971667 0.022547 0.235278
vn -0.997194 -0.008517 0.074380
vn -0.529245 0.152515 0.834649
vn -0.476947 0.160176 0.864214
vn -0.615857 -0.155463 -0.772367
vn -0.572100 -0.159703 -0.804485
vn -0.997194 -0.008517 0.074380
vn -0.971667 0.022547 0.235278
vn 0.725672 0.151681 0.671114
vn 0.803585 0.135554 0.579548
vn 0.869028 -0.066171 -0.490319
vn 0.921971 -0.045691 -0.384555
vn 0.921971 -0.045691 -0.384555
vn 0.869028 -0.066171 -0.490319
vn 0.316700 -0.158379 -0.935210
vn 0.337080 -0.156825 -0.928323
vn -0.476947 0.160176 0.864214
vn -0.529245 0.152515 0.834649
vn -0.094694 0.194621 0.976297
vn -0.088271 0.194921 0.976839
vn 0.337080 -0.156824 0.928323
vn -0.103359 -0.175748 0.978994
vn -0.097667 -0.175683 0.979590
vn 0.316700 -0.158378 0.935210
vn -0.088272 0.194921 -0.976839
vn 0.264278 0.196635 -0.944188
vn 0.287770 0.195687 -0.937494
vn -0.094695 0.194622 -0.976297
vn -0.103359 -0.175748 0.978994
vn -0.615858 -0.155463 0.772367
vn -0.572101 -0.159703 0.804485
vn -0.097667 -0.175683 0.979590
vn 0.264278 0.196635 -0.944188
vn 0.725672 0.151679 -0.671114
vn 0.803585 0.135553 -0.579548
vn 0.287770 0.195687 -0.937494
vn -0.971666 0.022548 -0.235279
vn -0.476946 0.160178 -0.864214
vn -0.529245 0.152517 -0.834649
vn -0.997194 -0.008516 -0.074380
vn -0.615858 -0.155463 0.772367
vn -0.971666 0.022548 -0.235279
vn -0.997194 -0.008516 -0.074380
vn -0.572101 -0.159703 0.804485
vn 0.725672 0.151679 -0.671114
vn 0.921971 -0.045693 0.384555
vn 0.869027 -0.066172 0.490319
vn 0.803585 0.135553 -0.579548
vn 0.921971 -0.045693 0.384555
vn 0.337080 -0.156824 0.928323
vn 0.316700 -0.158378 0.935210
vn 0.869027 -0.066172 0.490319
vn -0.476946 0.160178 -0.864214
vn -0.088272 0.194921 -0.976839
vn -0.094695 0.194622 -0.976297
vn -0.529245 0.152517 -0.834649
vn -0.549315 -0.765485 -0.335090
vn -0.522180 0.786133 -0.330639
vn -0.371565 0.731771 -0.571359
vn -0.393584 -0.716081 -0.576472
vn -0.613505 -0.789691 0.000000
vn -0.583689 0.811978 0.000000
vn -0.522180 0.786133 -0.330639
vn -0.549315 -0.765485 -0.335090
vn -0.549315 -0.765485 0.335090
vn -0.522180 0.786133 0.330639
vn -0.583689 0.811978 0.000000
vn -0.613505 -0.789691 0.000000
vn -0.393584 -0.716081 0.576472
vn -0.371565 0.731771 0.571359
vn -0.522180 0.786133 0.330639
vn -0.549315 -0.765485 0.335090
vn -0.203990 -0.677050 0.707101
vn -0.185649 0.685401 0.704103
vn -0.371565 0.731771 0.571359
vn -0.393584 -0.716081 0.576472
vn -0.008546 -0.665628 0.746234
vn 0.008546 0.665628 0.746234
vn -0.185649 0.685401 0.704103
vn -0.203990 -0.677050 0.707101
vn 0.185649 -0.685401 0.704103
vn 0.203990 0.677050 0.707101
vn 0.008546 0.665628 0.746234
vn -0.008546 -0.665628 0.746234
vn 0.371565 -0.731771 0.571359
vn 0.393584 0.716081 0.576472
vn 0.203990 0.677050 0.707101
vn 0.185649 -0.685401 0.704103
vn 0.522174 -0.786124 0.330671
vn 0.549298 0.765496 0.335094
vn 0.393584 0.716081 0.576472
vn 0.371565 -0.731771 0.571359
vn 0.583689 -0.811978 0.000000
vn 0.613539 0.789665 0.000000
vn 0.549298 0.765496 0.335094
vn 0.522174 -0.786124 0.330671
vn 0.522180 -0.786133 -0.330639
vn 0.549315 0.765485 -0.335090
vn 0.613539 0.789665 0.000000
vn 0.583689 -0.811978 0.000000
vn -0.008546 -0.665628 -0.746234
vn 0.185649 -0.685401 -0.704103
vn 0.371565 -0.731771 -0.571359
vn 0.522180 -0.786133 -0.330639
vn 0.583689 -0.811978 0.000000
vn 0.522174 -0.786124 0.330671
vn 0.371565 -0.731771 0.571359
vn 0.185649 -0.685401 0.704103
vn -0.008546 -0.665628 0.746234
vn -0.203990 -0.677050 0.707101
vn -0.393584 -0.716081 0.576472
vn -0.549315 -0.765485 0.335090
vn -0.613505 -0.789691 0.000000
vn -0.549315 -0.765485 -0.335090
vn -0.393584 -0.716081 -0.576472
vn -0.203990 -0.677050 -0.707101
vn 0.371565 -0.731771 -0.571359
vn 0.393584 0.716081 -0.576472
vn 0.549315 0.765485 -0.335090
vn 0.522180 -0.786133 -0.330639
vn -0.393584 -0.716081 -0.576472
vn -0.371565 0.731771 -0.571359
vn -0.185649 0.685401 -0.704103
vn -0.203990 -0.677050 -0.707101
vn 0.185649 -0.685401 -0.704103
vn 0.203990 0.677050 -0.707101
vn 0.393584 0.716081 -0.576472
vn 0.371565 -0.731771 -0.571359
vn -0.203990 -0.677050 -0.707101
vn -0.185649 0.685401 -0.704103
vn 0.008546 0.665628 -0.746234
vn -0.008546 -0.665628 -0.746234
vn -0.008546 -0.665628 -0.746234
vn 0.008546 0.665628 -0.746234
vn 0.203990 0.677050 -0.707101
vn 0.185649 -0.685401 -0.704103
vn 0.203990 0.677050 -0.707101
vn 0.008546 0.665628 -0.746234
vn -0.185649 0.685401 -0.704103
vn -0.371565 0.731771 -0.571359
vn -0.522180 0.786133 -0.330639
vn -0.583689 0.811978 0.000000
vn -0.522180 0.786133 0.330639
vn -0.371565 0.731771 0.571359
vn -0.185649 0.685401 0.704103
vn 0.008546 0.665628 0.746234
vn 0.203990 0.677050 0.707101
vn 0.393584 0.716081 0.576472
vn 0.549298 0.765496 0.335094
vn 0.613539 0.789665 0.000000
vn 0.549315 0.765485 -0.335090
vn 0.393584 0.716081 -0.576472
vn 0.007630 -0.665651 -0.746225
vn -0.007630 0.665651 -0.746225
vn 0.186644 0.684981 -0.704248
vn 0.203024 -0.677515 -0.706933
vn 0.203024 -0.677515 -0.706933
vn 0.186644 0.684981 -0.704248
vn 0.372761 0.730942 -0.571641
vn 0.392420 -0.716940 -0.576199
vn 0.392420 -0.716940 -0.576199
vn 0.372761 0.730942 -0.571641
vn 0.523636 0.785065 -0.330874
vn 0.547842 -0.766647 -0.334846
vn 0.547842 -0.766647 -0.334846
vn 0.523636 0.785065 -0.330874
vn 0.585289 0.810825 0.000000
vn 0.611914 -0.790925 0.000000
vn 0.611914 -0.790925 0.000000
vn 0.585289 0.810825 0.000000
vn 0.523636 0.785065 0.330874
vn 0.547842 -0.766647 0.334846
vn 0.547842 -0.766647 0.334846
vn 0.523636 0.785065 0.330874
vn 0.372761 0.730942 0.571641
vn 0.392420 -0.716940 0.576199
vn 0.392420 -0.716940 0.576199
vn 0.372761 0.730942 0.571641
vn 0.186644 0.684981 0.704248
vn 0.203024 -0.677515 0.706933
vn 0.203024 -0.677515 0.706933
vn 0.186644 0.684981 0.704248
vn -0.007630 0.665651 0.746225
vn 0.007630 -0.665651 0.746225
vn 0.007630 -0.665651 0.746225
vn -0.007630 0.665651 0.746225
vn -0.203004 0.677518 0.706936
vn -0.186644 -0.684981 0.704248
vn -0.186644 -0.684981 0.704248
vn -0.203004 0.677518 0.706936
vn -0.392420 0.716940 0.576199
vn -0.372761 -0.730942 0.571641
vn -0.372761 -0.730942 0.571641
vn -0.392420 0.716940 0.576199
vn -0.547842 0.766647 0.334846
vn -0.523636 -0.785065 0.330874
vn -0.523636 -0.785065 0.330874
vn -0.547842 0.766647 0.334846
vn -0.611914 0.790925 0.000000
vn -0.585289 -0.810825 0.000000
vn -0.585289 -0.810825 0.000000
vn -0.611914 0.790925 0.000000
vn -0.547842 0.766647 -0.334846
vn -0.523636 -0.785065 -0.330874
vn -0.523636 -0.785065 -0.330874
vn -0.547842 0.766647 -0.334846
vn -0.392420 0.716940 -0.576199
vn -0.372761 -0.730942 -0.571641
vn 0.186644 0.684981 -0.704248
vn -0.007630 0.665651 -0.746225
vn -0.203004 0.677518 -0.706936
vn -0.392420 0.716940 -0.576199
vn -0.547842 0.766647 -0.334846
vn -0.611914 0.790925 0.000000
vn -0.547842 0.766647 0.334846
vn -0.392420 0.716940 0.576199
vn -0.203004 0.677518 0.706936
vn -0.007630 0.665651 0.746225
vn 0.186644 0.684981 0.704248
vn 0.372761 0.730942 0.571641
vn 0.523636 0.785065 0.330874
vn 0.585289 0.810825 0.000000
vn 0.523636 0.785065 -0.330874
vn 0.372761 0.730942 -0.571641
vn -0.186644 -0.684981 -0.704248
vn -0.203004 0.677518 -0.706936
vn -0.007630 0.665651 -0.746225
vn 0.007630 -0.665651 -0.746225
vn -0.372761 -0.730942 -0.571641
vn -0.392420 0.716940 -0.576199
vn -0.203004 0.677518 -0.706936
vn -0.186644 -0.684981 -0.704248
vn 0.007630 -0.665651 -0.746225
vn 0.203024 -0.677515 -0.706933
vn 0.392420 -0.716940 -0.576199
vn 0.547842 -0.766647 -0.334846
vn 0.611914 -0.790925 0.000000
vn 0.547842 -0.766647 0.334846
vn 0.392420 -0.716940 0.576199
vn 0.203024 -0.677515 0.706933
vn 0.007630 -0.665651 0.746225
vn -0.186644 -0.684981 0.704248
vn -0.372761 -0.730942 0.571641
vn -0.523636 -0.785065 0.330874
vn -0.585289 -0.810825 0.000000
vn -0.523636 -0.785065 -0.330874
vn -0.372761 -0.730942 -0.571641
vn -0.186644 -0.684981 -0.704248
vn 1.000000 0.000000 0.000000
vn 0.927869 0.372907 0.000000
vn 0.544592 0.218889 0.809634
vn 0.571468 0.000000 0.820624
vn 0.571468 0.000000 0.820624
vn 0.544592 0.218889 0.809634
vn 0.020514 0.008242 0.999756
vn 0.021227 0.000000 0.999775
vn 0.021227 0.000000 0.999775
vn 0.020514 0.008242 0.999756
vn -0.512425 -0.205939 0.833673
vn -0.536865 0.000000 0.843668
vn -0.536865 0.000000 0.843668
vn -0.512425 -0.205939 0.833673
vn -0.927869 -0.372907 0.000000
vn -1.000000 0.000000 0.000000
vn -1.000000 0.000000 0.000000
vn -0.927869 -0.372907 0.000000
vn -0.512425 -0.205939 -0.833673
vn -0.536865 0.000000 -0.843668
vn -0.536865 0.000000 -0.843668
vn -0.512425 -0.205939 -0.833673
vn 0.020514 0.008242 -0.999756
vn 0.021227 0.000000 -0.999775
vn 0.021227 0.000000 -0.999775
vn 0.020514 0.008242 -0.999756
vn 0.544592 0.218889 -0.809634
vn 0.571468 0.000000 -0.820624
vn 1.000000 0.000000 0.000000
vn 0.571468 0.000000 -0.820624
vn 0.544592 0.218889 -0.809634
vn 0.927869 0.372907 0.000000
vn 0.927869 0.372907 0.000000
vn 0.755938 0.654643 0.000000
vn 0.471438 0.408260 0.781710
vn 0.544592 0.218889 0.809634
vn 0.544592 0.218889 0.809634
vn 0.471438 0.408260 0.781710
vn 0.018397 0.015935 0.999704
vn 0.020514 0.008242 0.999756
vn 0.020514 0.008242 0.999756
vn 0.018397 0.015935 0.999704
vn -0.445317 -0.385654 0.808062
vn -0.512425 -0.205939 0.833673
vn -0.512425 -0.205939 0.833673
vn -0.445317 -0.385654 0.808062
vn -0.755938 -0.654643 0.000000
vn -0.927869 -0.372907 0.000000
vn -0.927869 -0.372907 0.000000
vn -0.755938 -0.654643 0.000000
vn -0.445317 -0.385654 -0.808062
vn -0.512425 -0.205939 -0.833673
vn -0.512425 -0.205939 -0.833673
vn -0.445317 -0.385654 -0.808062
vn 0.018397 0.015935 -0.999704
vn 0.020514 0.008242 -0.999756
vn 0.020514 0.008242 -0.999756
vn 0.018397 0.015935 -0.999704
vn 0.471438 0.408260 -0.781710
vn 0.544592 0.218889 -0.809634
vn 0.544592 0.218889 -0.809634
vn 0.471438 0.408260 -0.781710
vn 0.755938 0.654643 0.000000
vn 0.927869 0.372907 0.000000
vn 0.755938 0.654643 0.000000
vn 0.554700 0.832050 0.000000
vn 0.368245 0.552367 0.747854
vn 0.471438 0.408260 0.781710
vn 0.471438 0.408260 0.781710
vn 0.368245 0.552367 0.747854
vn 0.015018 0.022526 0.999634
vn 0.018397 0.015935 0.999704
vn 0.018397 0.015935 0.999704
vn 0.015018 0.022526 0.999634
vn -0.349441 -0.524161 0.776625
vn -0.445317 -0.385654 0.808062
vn -0.445317 -0.385654 0.808062
vn -0.349441 -0.524161 0.776625
vn -0.554700 -0.832050 0.000000
vn -0.755938 -0.654643 0.000000
vn -0.755938 -0.654643 0.000000
vn -0.554700 -0.832050 0.000000
vn -0.349441 -0.524161 -0.776625
vn -0.445317 -0.385654 -0.808062
vn -0.445317 -0.385654 -0.808062
vn -0.349441 -0.524161 -0.776625
vn 0.015018 0.022526 -0.999634
vn 0.018397 0.015935 -0.999704
vn 0.018397 0.015935 -0.999704
vn 0.015018 0.022526 -0.999634
vn 0.368245 0.552367 -0.747854
vn 0.471438 0.408260 -0.781710
vn 0.471438 0.408260 -0.781710
vn 0.368245 0.552367 -0.747854
vn 0.554700 0.832050 0.000000
vn 0.755938 0.654643 0.000000
vn 0.554700 0.832050 0.000000
vn 0.359202 0.933260 0.000000
vn 0.250003 0.649556 0.718036
vn 0.368245 0.552367 0.747854
vn 0.368245 0.552367 0.747854
vn 0.250003 0.649556 0.718036
vn 0.010622 0.027591 0.999563
vn 0.015018 0.022526 0.999634
vn 0.015018 0.022526 0.999634
vn 0.010622 0.027591 0.999563
vn -0.238175 -0.618799 0.748572
vn -0.349441 -0.524161 0.776625
vn -0.349441 -0.524161 0.776625
vn -0.238175 -0.618799 0.748572
vn -0.359202 -0.933260 0.000000
vn -0.554700 -0.832050 0.000000
vn -0.554700 -0.832050 0.000000
vn -0.359202 -0.933260 0.000000
vn -0.238175 -0.618799 -0.748572
vn -0.349441 -0.524161 -0.776625
vn -0.349441 -0.524161 -0.776625
vn -0.238175 -0.618799 -0.748572
vn 0.010622 0.027591 -0.999563
vn 0.015018 0.022526 -0.999634
vn 0.015018 0.022526 -0.999634
vn 0.010622 0.027591 -0.999563
vn 0.250008 0.649538 -0.718050
vn 0.368245 0.552367 -0.747854
vn 0.368245 0.552367 -0.747854
vn 0.250008 0.649538 -0.718050
vn 0.359202 0.933260 0.000000
vn 0.554700 0.832050 0.000000
vn 0.359202 0.933260 0.000000
vn 0.175837 0.984419 0.000000
vn 0.125848 0.704606 0.698350
vn 0.250003 0.649556 0.718036
vn 0.250003 0.649556 0.718036
vn 0.125848 0.704606 0.698350
vn 0.005494 0.030764 0.999512
vn 0.010622 0.027591 0.999563
vn 0.010622 0.027591 0.999563
vn 0.005494 0.030764 0.999512
vn -0.120198 -0.672934 0.729872
vn -0.238175 -0.618799 0.748572
vn -0.238175 -0.618799 0.748572
vn -0.120198 -0.672934 0.729872
vn -0.175837 -0.984419 0.000000
vn -0.359202 -0.933260 0.000000
vn -0.359202 -0.933260 0.000000
vn -0.175837 -0.984419 0.000000
vn -0.120198 -0.672934 -0.729872
vn -0.238175 -0.618799 -0.748572
vn -0.238175 -0.618799 -0.748572
vn -0.120198 -0.672934 -0.729872
vn 0.005494 0.030764 -0.999512
vn 0.010622 0.027591 -0.999563
vn 0.010622 0.027591 -0.999563
vn 0.005494 0.030764 -0.999512
vn 0.125848 0.704606 -0.698350
vn 0.250008 0.649538 -0.718050
vn 0.250008 0.649538 -0.718050
vn 0.125848 0.704606 -0.698350
vn 0.175837 0.984419 0.000000
vn 0.359202 0.933260 0.000000
vn 0.175837 0.984419 0.000000
vn 0.000000 1.000000 0.000000
vn 0.000000 0.722351 0.691527
vn 0.125848 0.704606 0.698350
vn 0.125848 0.704606 0.698350
vn 0.000000 0.722351 0.691527
vn 0.000000 0.031861 0.999492
vn 0.005494 0.030764 0.999512
vn 0.005494 0.030764 0.999512
vn 0.000000 0.031861 0.999492
vn 0.000000 -0.690466 0.723365
vn -0.120198 -0.672934 0.729872
vn -0.120198 -0.672934 0.729872
vn 0.000000 -0.690466 0.723365
vn 0.000000 -1.000000 0.000000
vn -0.175837 -0.984419 0.000000
vn -0.175837 -0.984419 0.000000
vn 0.000000 -1.000000 0.000000
vn 0.000000 -0.690466 -0.723365
vn -0.120198 -0.672934 -0.729872
vn -0.120198 -0.672934 -0.729872
vn 0.000000 -0.690466 -0.723365
vn 0.000000 0.031861 -0.999492
vn 0.005494 0.030764 -0.999512
vn 0.005494 0.030764 -0.999512
vn 0.000000 0.031861 -0.999492
vn 0.000000 0.722351 -0.691527
vn 0.125848 0.704606 -0.698350
vn 0.125848 0.704606 -0.698350
vn 0.000000 0.722351 -0.691527
vn 0.000000 1.000000 0.000000
vn 0.175837 0.984419 0.000000
vn 0.000000 1.000000 0.000000
vn -0.175837 0.984419 0.000000
vn -0.125848 0.704606 0.698350
vn 0.000000 0.722351 0.691527
vn 0.000000 0.722351 0.691527
vn -0.125848 0.704606 0.698350
vn -0.005494 0.030764 0.999512
vn 0.000000 0.031861 0.999492
vn 0.000000 0.031861 0.999492
vn -0.005494 0.030764 0.999512
vn 0.120198 -0.672934 0.729872
vn 0.000000 -0.690466 0.723365
vn 0.000000 -0.690466 0.723365
vn 0.120198 -0.672934 0.729872
vn 0.175837 -0.984419 0.000000
vn 0.000000 -1.000000 0.000000
vn 0.000000 -1.000000 0.000000
vn 0.175837 -0.984419 0.000000
vn 0.120198 -0.672934 -0.729872
vn 0.000000 -0.690466 -0.723365
vn 0.000000 -0.690466 -0.723365
vn 0.120198 -0.672934 -0.729872
vn -0.005494 0.030764 -0.999512
vn 0.000000 0.031861 -0.999492
vn 0.000000 0.031861 -0.999492
vn -0.005494 0.030764 -0.999512
vn -0.125848 0.704606 -0.698350
vn 0.000000 0.722351 -0.691527
vn 0.000000 0.722351 -0.691527
vn -0.125848 0.704606 -0.698350
vn -0.175837 0.984419 0.000000
vn 0.000000 1.000000 0.000000
vn -0.175837 0.984419 0.000000
vn -0.359202 0.933260 0.000000
vn -0.250008 0.649538 0.718050
vn -0.125848 0.704606 0.698350
vn -0.125848 0.704606 0.698350
vn -0.250008 0.649538 0.718050
vn -0.010601 0.027591 0.999563
vn -0.005494 0.030764 0.999512
vn -0.005494 0.030764 0.999512
vn -0.010601 0.027591 0.999563
vn 0.238175 -0.618799 0.748572
vn 0.120198 -0.672934 0.729872
vn 0.120198 -0.672934 0.729872
vn 0.238175 -0.618799 0.748572
vn 0.359202 -0.933260 0.000000
vn 0.175837 -0.984419 0.000000
vn 0.175837 -0.984419 0.000000
vn 0.359202 -0.933260 0.000000
vn 0.238175 -0.618799 -0.748572
vn 0.120198 -0.672934 -0.729872
vn 0.120198 -0.672934 -0.729872
vn 0.238175 -0.618799 -0.748572
vn -0.010601 0.027591 -0.999563
vn -0.005494 0.030764 -0.999512
vn -0.005494 0.030764 -0.999512
vn -0.010601 0.027591 -0.999563
vn -0.250008 0.649538 -0.718050
vn -0.125848 0.704606 -0.698350
vn -0.125848 0.704606 -0.698350
vn -0.250008 0.649538 -0.718050
vn -0.359202 0.933260 0.000000
vn -0.175837 0.984419 0.000000
vn -0.359202 0.933260 0.000000
vn -0.554700 0.832050 0.000000
vn -0.368245 0.552367 0.747854
vn -0.250008 0.649538 0.718050
vn -0.250008 0.649538 0.718050
vn -0.368245 0.552367 0.747854
vn -0.015018 0.022526 0.999634
vn -0.010601 0.027591 0.999563
vn -0.010601 0.027591 0.999563
vn -0.015018 0.022526 0.999634
vn 0.349441 -0.524161 0.776625
vn 0.238175 -0.618799 0.748572
vn 0.238175 -0.618799 0.748572
vn 0.349441 -0.524161 0.776625
vn 0.554700 -0.832050 0.000000
vn 0.359202 -0.933260 0.000000
vn 0.359202 -0.933260 0.000000
vn 0.554700 -0.832050 0.000000
vn 0.349441 -0.524161 -0.776625
vn 0.238175 -0.618799 -0.748572
vn 0.238175 -0.618799 -0.748572
vn 0.349441 -0.524161 -0.776625
vn -0.015018 0.022526 -0.999634
vn -0.010601 0.027591 -0.999563
vn -0.010601 0.027591 -0.999563
vn -0.015018 0.022526 -0.999634
vn -0.368245 0.552367 -0.747854
vn -0.250008 0.649538 -0.718050
vn -0.250008 0.649538 -0.718050
vn -0.368245 0.552367 -0.747854
vn -0.554700 0.832050 0.000000
vn -0.359202 0.933260 0.000000
vn -0.554700 0.832050 0.000000
vn -0.755938 0.654643 0.000000
vn -0.471420 0.408264 0.781718
vn -0.368245 0.552367 0.747854
vn -0.368245 0.552367 0.747854
vn -0.471420 0.408264 0.781718
vn -0.018397 0.015935 0.999704
vn -0.015018 0.022526 0.999634
vn -0.015018 0.022526 0.999634
vn -0.018397 0.015935 0.999704
vn 0.445317 -0.385654 0.808062
vn 0.349441 -0.524161 0.776625
vn 0.349441 -0.524161 0.776625
vn 0.445317 -0.385654 0.808062
vn 0.755938 -0.654643 0.000000
vn 0.554700 -0.832050 0.000000
vn 0.554700 -0.832050 0.000000
vn 0.755938 -0.654643 0.000000
vn 0.445317 -0.385654 -0.808062
vn 0.349441 -0.524161 -0.776625
vn 0.349441 -0.524161 -0.776625
vn 0.445317 -0.385654 -0.808062
vn -0.018397 0.015935 -0.999704
vn -0.015018 0.022526 -0.999634
vn -0.015018 0.022526 -0.999634
vn -0.018397 0.015935 -0.999704
vn -0.471438 0.408260 -0.781710
vn -0.368245 0.552367 -0.747854
vn -0.368245 0.552367 -0.747854
vn -0.471438 0.408260 -0.781710
vn -0.755938 0.654643 0.000000
vn -0.554700 0.832050 0.000000
vn -0.755938 0.654643 0.000000
vn -0.927869 0.372907 0.000000
vn -0.544592 0.218889 0.809634
vn -0.471420 0.408264 0.781718
vn -0.471420 0.408264 0.781718
vn -0.544592 0.218889 0.809634
vn -0.020514 0.008242 0.999756
vn -0.018397 0.015935 0.999704
vn -0.018397 0.015935 0.999704
vn -0.020514 0.008242 0.999756
vn 0.512425 -0.205939 0.833673
vn 0.445317 -0.385654 0.808062
vn 0.445317 -0.385654 0.808062
vn 0.512425 -0.205939 0.833673
vn 0.927869 -0.372907 0.000000
vn 0.755938 -0.654643 0.000000
vn 0.755938 -0.654643 0.000000
vn 0.927869 -0.372907 0.000000
vn 0.512425 -0.205939 -0.833673
vn 0.445317 -0.385654 -0.808062
vn 0.445317 -0.385654 -0.808062
vn 0.512425 -0.205939 -0.833673
vn -0.020514 0.008242 -0.999756
vn -0.018397 0.015935 -0.999704
vn -0.018397 0.015935 -0.999704
vn -0.020514 0.008242 -0.999756
vn -0.544592 0.218889 -0.809634
vn -0.471438 0.408260 -0.781710
vn -0.471438 0.408260 -0.781710
vn -0.544592 0.218889 -0.809634
vn -0.927869 0.372907 0.000000
vn -0.755938 0.654643 0.000000
vn -0.927869 0.372907 0.000000
vn -1.000000 0.000000 0.000000
vn -0.571468 0.000000 0.820624
vn -0.544592 0.218889 0.809634
vn -0.544592 0.218889 0.809634
vn -0.571468 0.000000 0.820624
vn -0.021227 0.000000 0.999775
vn -0.020514 0.008242 0.999756
vn -0.020514 0.008242 0.999756
vn -0.021227 0.000000 0.999775
vn 0.536865 0.000000 0.843668
vn 0.512425 -0.205939 0.833673
vn 0.512425 -0.205939 0.833673
vn 0.536865 0.000000 0.843668
vn 1.000000 0.000000 0.000000
vn 0.927869 -0.372907 0.000000
vn 0.927869 -0.372907 0.000000
vn 1.000000 0.000000 0.000000
vn 0.536865 0.000000 -0.843668
vn 0.512425 -0.205939 -0.833673
vn 0.512425 -0.205939 -0.833673
vn 0.536865 0.000000 -0.843668
vn -0.021227 0.000000 -0.999775
vn -0.020514 0.008242 -0.999756
vn -0.020514 0.008242 -0.999756
vn -0.021227 0.000000 -0.999775
vn -0.571468 0.000000 -0.820624
vn -0.544592 0.218889 -0.809634
vn -0.544592 0.218889 -0.809634
vn -0.571468 0.000000 -0.820624
vn -1.000000 0.000000 0.000000
vn -0.927869 0.372907 0.000000
vn -1.000000 0.000000 0.000000
vn -0.927869 -0.372907 0.000000
vn -0.544592 -0.218889 0.809634
vn -0.571468 0.000000 0.820624
vn -0.571468 0.000000 0.820624
vn -0.544592 -0.218889 0.809634
vn -0.020514 -0.008242 0.999756
vn -0.021227 0.000000 0.999775
vn -0.021227 0.000000 0.999775
vn -0.020514 -0.008242 0.999756
vn 0.512425 0.205939 0.833673
vn 0.536865 0.000000 0.843668
vn 0.536865 0.000000 0.843668
vn 0.512425 0.205939 0.833673
vn 0.927869 0.372907 0.000000
vn 1.000000 0.000000 0.000000
vn 1.000000 0.000000 0.000000
vn 0.927869 0.372907 0.000000
vn 0.512425 0.205939 -0.833673
vn 0.536865 0.000000 -0.843668
vn 0.536865 0.000000 -0.843668
vn 0.512425 0.205939 -0.833673
vn -0.020514 -0.008242 -0.999756
vn -0.021227 0.000000 -0.999775
vn -0.021227 0.000000 -0.999775
vn -0.020514 -0.008242 -0.999756
vn -0.544592 -0.218889 -0.809634
vn -0.571468 0.000000 -0.820624
vn -0.571468 0.000000 -0.820624
vn -0.544592 -0.218889 -0.809634
vn -0.927869 -0.372907 0.000000
vn -1.000000 0.000000 0.000000
vn -0.927869 -0.372907 0.000000
vn -0.755938 -0.654643 0.000000
vn -0.471420 -0.408264 0.781718
vn -0.544592 -0.218889 0.809634
vn -0.544592 -0.218889 0.809634
vn -0.471420 -0.408264 0.781718
vn -0.018397 -0.015935 0.999704
vn -0.020514 -0.008242 0.999756
vn -0.020514 -0.008242 0.999756
vn -0.018397 -0.015935 0.999704
vn 0.445317 0.385654 0.808062
vn 0.512425 0.205939 0.833673
vn 0.512425 0.205939 0.833673
vn 0.445317 0.385654 0.808062
vn 0.755938 0.654643 0.000000
vn 0.927869 0.372907 0.000000
vn 0.927869 0.372907 0.000000
vn 0.755938 0.654643 0.000000
vn 0.445317 0.385654 -0.808062
vn 0.512425 0.205939 -0.833673
vn 0.512425 0.205939 -0.833673
vn 0.445317 0.385654 -0.808062
vn -0.018397 -0.015935 -0.999704
vn -0.020514 -0.008242 -0.999756
vn -0.020514 -0.008242 -0.999756
vn -0.018397 -0.015935 -0.999704
vn -0.471438 -0.408260 -0.781710
vn -0.544592 -0.218889 -0.809634
vn -0.544592 -0.218889 -0.809634
vn -0.471438 -0.408260 -0.781710
vn -0.755938 -0.654643 0.000000
vn -0.927869 -0.372907 0.000000
vn -0.755938 -0.654643 0.000000
vn -0.554700 -0.832050 0.000000
vn -0.368245 -0.552367 0.747854
vn -0.471420 -0.408264 0.781718
vn -0.471420 -0.408264 0.781718
vn -0.368245 -0.552367 0.747854
vn -0.015018 -0.022526 0.999634
vn -0.018397 -0.015935 0.999704
vn -0.018397 -0.015935 0.999704
vn -0.015018 -0.022526 0.999634
vn 0.349441 0.524161 0.776625
vn 0.445317 0.385654 0.808062
vn 0.445317 0.385654 0.808062
vn 0.349441 0.524161 0.776625
vn 0.554700 0.832050 0.000000
vn 0.755938 0.654643 0.000000
vn 0.755938 0.654643 0.000000
vn 0.554700 0.832050 0.000000
vn 0.349441 0.524161 -0.776625
vn 0.445317 0.385654 -0.808062
vn 0.445317 0.385654 -0.808062
vn 0.349441 0.524161 -0.776625
vn -0.015018 -0.022526 -0.999634
vn -0.018397 -0.015935 -0.999704
vn -0.018397 -0.015935 -0.999704
vn -0.015018 -0.022526 -0.999634
vn -0.368245 -0.552367 -0.747854
vn -0.471438 -0.408260 -0.781710
vn -0.471438 -0.408260 -0.781710
vn -0.368245 -0.552367 -0.747854
vn -0.554700 -0.832050 0.000000
vn -0.755938 -0.654643 0.000000
vn -0.554700 -0.832050 0.000000
vn -0.359202 -0.933260 0.000000
vn -0.250003 -0.649556 0.718036
vn -0.368245 -0.552367 0.747854
vn -0.368245 -0.552367 0.747854
vn -0.250003 -0.649556 0.718036
vn -0.010601 -0.027591 0.999563
vn -0.015018 -0.022526 0.999634
vn -0.015018 -0.022526 0.999634
vn -0.010601 -0.027591 0.999563
vn 0.238175 0.618799 0.748572
vn 0.349441 0.524161 0.776625
vn 0.349441 0.524161 0.776625
vn 0.238175 0.618799 0.748572
vn 0.359202 0.933260 0.000000
vn 0.554700 0.832050 0.000000
vn 0.554700 0.832050 0.000000
vn 0.359202 0.933260 0.000000
vn 0.238175 0.618799 -0.748572
vn 0.349441 0.524161 -0.776625
vn 0.349441 0.524161 -0.776625
vn 0.238175 0.618799 -0.748572
vn -0.010601 -0.027591 -0.999563
vn -0.015018 -0.022526 -0.999634
vn -0.015018 -0.022526 -0.999634
vn -0.010601 -0.027591 -0.999563
vn -0.250003 -0.649556 -0.718036
vn -0.368245 -0.552367 -0.747854
vn -0.368245 -0.552367 -0.747854
vn -0.250003 -0.649556 -0.718036
vn -0.359202 -0.933260 0.000000
vn -0.554700 -0.832050 0.000000
vn -0.359202 -0.933260 0.000000
vn -0.175837 -0.984419 0.000000
vn -0.125848 -0.704606 0.698350
vn -0.250003 -0.649556 0.718036
vn -0.250003 -0.649556 0.718036
vn -0.125848 -0.704606 0.698350
vn -0.005494 -0.030764 0.999512
vn -0.010601 -0.027591 0.999563
vn -0.010601 -0.027591 0.999563
vn -0.005494 -0.030764 0.999512
vn 0.120198 0.672934 0.729872
vn 0.238175 0.618799 0.748572
vn 0.238175 0.618799 0.748572
vn 0.120198 0.672934 0.729872
vn 0.175837 0.984419 0.000000
vn 0.359202 0.933260 0.000000
vn 0.359202 0.933260 0.000000
vn 0.175837 0.984419 0.000000
vn 0.120198 0.672934 -0.729872
vn 0.238175 0.618799 -0.748572
vn 0.238175 0.618799 -0.748572
vn 0.120198 0.672934 -0.729872
vn -0.005494 -0.030764 -0.999512
vn -0.010601 -0.027591 -0.999563
vn -0.010601 -0.027591 -0.999563
vn -0.005494 -0.030764 -0.999512
vn -0.125848 -0.704606 -0.698350
vn -0.250003 -0.649556 -0.718036
vn -0.250003 -0.649556 -0.718036
vn -0.125848 -0.704606 -0.698350
vn -0.175837 -0.984419 0.000000
vn -0.359202 -0.933260 0.000000
vn -0.175837 -0.984419 0.000000
vn 0.000000 -1.000000 0.000000
vn 0.000000 -0.722336 0.691542
vn -0.125848 -0.704606 0.698350
vn -0.125848 -0.704606 0.698350
vn 0.000000 -0.722336 0.691542
vn 0.000000 -0.031831 0.999493
vn -0.005494 -0.030764 0.999512
vn -0.005494 -0.030764 0.999512
vn 0.000000 -0.031831 0.999493
vn 0.000000 0.690466 0.723365
vn 0.120198 0.672934 0.729872
vn 0.120198 0.672934 0.729872
vn 0.000000 0.690466 0.723365
vn 0.000000 1.000000 0.000000
vn 0.175837 0.984419 0.000000
vn 0.175837 0.984419 0.000000
vn 0.000000 1.000000 0.000000
vn 0.000000 0.690466 -0.723365
vn 0.120198 0.672934 -0.729872
vn 0.120198 0.672934 -0.729872
vn 0.000000 0.690466 -0.723365
vn 0.000000 -0.031831 -0.999493
vn -0.005494 -0.030764 -0.999512
vn -0.005494 -0.030764 -0.999512
vn 0.000000 -0.031831 -0.999493
vn 0.000000 -0.722336 -0.691542
vn -0.125848 -0.704606 -0.698350
vn -0.125848 -0.704606 -0.698350
vn 0.000000 -0.722336 -0.691542
vn 0.000000 -1.000000 0.000000
vn -0.175837 -0.984419 0.000000
vn 0.000000 -1.000000 0.000000
vn 0.175837 -0.984419 0.000000
vn 0.125848 -0.704606 0.698350
vn 0.000000 -0.722336 0.691542
vn 0.000000 -0.722336 0.691542
vn 0.125848 -0.704606 0.698350
vn 0.005494 -0.030764 0.999512
vn 0.000000 -0.031831 0.999493
vn 0.000000 -0.031831 0.999493
vn 0.005494 -0.030764 0.999512
vn -0.120198 0.672934 0.729872
vn 0.000000 0.690466 0.723365
vn 0.000000 0.690466 0.723365
vn -0.120198 0.672934 0.729872
vn -0.175837 0.984419 0.000000
vn 0.000000 1.000000 0.000000
vn 0.000000 1.000000 0.000000
vn -0.175837 0.984419 0.000000
vn -0.120198 0.672934 -0.729872
vn 0.000000 0.690466 -0.723365
vn 0.000000 0.690466 -0.723365
vn -0.120198 0.672934 -0.729872
vn 0.005494 -0.030764 -0.999512
vn 0.000000 -0.031831 -0.999493
vn 0.000000 -0.031831 -0.999493
vn 0.005494 -0.030764 -0.999512
vn 0.125848 -0.704606 -0.698350
vn 0.000000 -0.722336 -0.691542
vn 0.000000 -0.722336 -0.691542
vn 0.125848 -0.704606 -0.698350
vn 0.175837 -0.984419 0.000000
vn 0.000000 -1.000000 0.000000
vn 0.175837 -0.984419 0.000000
vn 0.359202 -0.933260 0.000000
vn 0.250003 -0.649556 0.718036
vn 0.125848 -0.704606 0.698350
vn 0.125848 -0.704606 0.698350
vn 0.250003 -0.649556 0.718036
vn 0.010601 -0.027591 0.999563
vn 0.005494 -0.030764 0.999512
vn 0.005494 -0.030764 0.999512
vn 0.010601 -0.027591 0.999563
vn -0.238175 0.618799 0.748572
vn -0.120198 0.672934 0.729872
vn -0.120198 0.672934 0.729872
vn -0.238175 0.618799 0.748572
vn -0.359202 0.933260 0.000000
vn -0.175837 0.984419 0.000000
vn -0.175837 0.984419 0.000000
vn -0.359202 0.933260 0.000000
vn -0.238175 0.618799 -0.748572
vn -0.120198 0.672934 -0.729872
vn -0.120198 0.672934 -0.729872
vn -0.238175 0.618799 -0.748572
vn 0.010622 -0.027591 -0.999563
vn 0.005494 -0.030764 -0.999512
vn 0.005494 -0.030764 -0.999512
vn 0.010622 -0.027591 -0.999563
vn 0.250003 -0.649556 -0.718036
vn 0.125848 -0.704606 -0.698350
vn 0.125848 -0.704606 -0.698350
vn 0.250003 -0.649556 -0.718036
vn 0.359202 -0.933260 0.000000
vn 0.175837 -0.984419 0.000000
vn 0.359202 -0.933260 0.000000
vn 0.554700 -0.832050 0.000000
vn 0.368245 -0.552367 0.747854
vn 0.250003 -0.649556 0.718036
vn 0.250003 -0.649556 0.718036
vn 0.368245 -0.552367 0.747854
vn 0.015018 -0.022526 0.999634
vn 0.010601 -0.027591 0.999563
vn 0.010601 -0.027591 0.999563
vn 0.015018 -0.022526 0.999634
vn -0.349441 0.524161 0.776625
vn -0.238175 0.618799 0.748572
vn -0.238175 0.618799 0.748572
vn -0.349441 0.524161 0.776625
vn -0.554700 0.832050 0.000000
vn -0.359202 0.933260 0.000000
vn -0.359202 0.933260 0.000000
vn -0.554700 0.832050 0.000000
vn -0.349441 0.524161 -0.776625
vn -0.238175 0.618799 -0.748572
vn -0.238175 0.618799 -0.748572
vn -0.349441 0.524161 -0.776625
vn 0.015018 -0.022526 -0.999634
vn 0.010622 -0.027591 -0.999563
vn 0.010622 -0.027591 -0.999563
vn 0.015018 -0.022526 -0.999634
vn 0.368245 -0.552367 -0.747854
vn 0.250003 -0.649556 -0.718036
vn 0.250003 -0.649556 -0.718036
vn 0.368245 -0.552367 -0.747854
vn 0.554700 -0.832050 0.000000
vn 0.359202 -0.933260 0.000000
vn 0.554700 -0.832050 0.000000
vn 0.755938 -0.654643 0.000000
vn 0.471420 -0.408264 0.781718
vn 0.368245 -0.552367 0.747854
vn 0.368245 -0.552367 0.747854
vn 0.471420 -0.408264 0.781718
vn 0.018397 -0.015935 0.999704
vn 0.015018 -0.022526 0.999634
vn 0.015018 -0.022526 0.999634
vn 0.018397 -0.015935 0.999704
vn -0.445317 0.385654 0.808062
vn -0.349441 0.524161 0.776625
vn -0.349441 0.524161 0.776625
vn -0.445317 0.385654 0.808062
vn -0.755938 0.654643 0.000000
vn -0.554700 0.832050 0.000000
vn -0.554700 0.832050 0.000000
vn -0.755938 0.654643 0.000000
vn -0.445317 0.385654 -0.808062
vn -0.349441 0.524161 -0.776625
vn -0.349441 0.524161 -0.776625
vn -0.445317 0.385654 -0.808062
vn 0.018397 -0.015935 -0.999704
vn 0.015018 -0.022526 -0.999634
vn 0.015018 -0.022526 -0.999634
vn 0.018397 -0.015935 -0.999704
vn 0.471420 -0.408264 -0.781718
vn 0.368245 -0.552367 -0.747854
vn 0.368245 -0.552367 -0.747854
vn 0.471420 -0.408264 -0.781718
vn 0.755938 -0.654643 0.000000
vn 0.554700 -0.832050 0.000000
vn 0.755938 -0.654643 0.000000
vn 0.927869 -0.372907 0.000000
vn 0.544592 -0.218889 0.809634
vn 0.471420 -0.408264 0.781718
vn 0.471420 -0.408264 0.781718
vn 0.544592 -0.218889 0.809634
vn 0.020514 -0.008242 0.999756
vn 0.018397 -0.015935 0.999704
vn 0.018397 -0.015935 0.999704
vn 0.020514 -0.008242 0.999756
vn -0.512425 0.205939 0.833673
vn -0.445317 0.385654 0.808062
vn -0.445317 0.385654 0.808062
vn -0.512425 0.205939 0.833673
vn -0.927869 0.372907 0.000000
vn -0.755938 0.654643 0.000000
vn -0.755938 0.654643 0.000000
vn -0.927869 0.372907 0.000000
vn -0.512425 0.205939 -0.833673
vn -0.445317 0.385654 -0.808062
vn -0.445317 0.385654 -0.808062
vn -0.512425 0.205939 -0.833673
vn 0.020514 -0.008242 -0.999756
vn 0.018397 -0.015935 -0.999704
vn 0.018397 -0.015935 -0.999704
vn 0.020514 -0.008242 -0.999756
vn 0.544592 -0.218889 -0.809634
vn 0.471420 -0.408264 -0.781718
vn 0.471420 -0.408264 -0.781718
vn 0.544592 -0.218889 -0.809634
vn 0.927869 -0.372907 0.000000
vn 0.755938 -0.654643 0.000000
vn 0.927869 -0.372907 0.000000
vn 1.000000 0.000000 0.000000
vn 0.571468 0.000000 0.820624
vn 0.544592 -0.218889 0.809634
vn 0.544592 -0.218889 0.809634
vn 0.571468 0.000000 0.820624
vn 0.021227 0.000000 0.999775
vn 0.020514 -0.008242 0.999756
vn 0.020514 -0.008242 0.999756
vn 0.021227 0.000000 0.999775
vn -0.536865 0.000000 0.843668
vn -0.512425 0.205939 0.833673
vn -0.512425 0.205939 0.833673
vn -0.536865 0.000000 0.843668
vn -1.000000 0.000000 0.000000
vn -0.927869 0.372907 0.000000
vn -0.927869 0.372907 0.000000
vn -1.000000 0.000000 0.000000
vn -0.536865 0.000000 -0.843668
vn -0.512425 0.205939 -0.833673
vn -0.512425 0.205939 -0.833673
vn -0.536865 0.000000 -0.843668
vn 0.021227 0.000000 -0.999775
vn 0.020514 -0.008242 -0.999756
vn 0.020514 -0.008242 -0.999756
vn 0.021227 0.000000 -0.999775
vn 0.571468 0.000000 -0.820624
vn 0.544592 -0.218889 -0.809634
vn 0.544592 -0.218889 -0.809634
vn 0.571468 0.000000 -0.820624
vn 1.000000 0.000000 0.000000
vn 0.927869 -0.372907 0.000000
vn 0.000000 -0.039828 0.999207
vn 0.000000 0.165077 0.986281
vn -0.540823 0.132709 0.830601
vn -0.545009 -0.033987 0.837741
vn -0.545009 -0.033987 0.837741
vn -0.540823 0.132709 0.830601
vn -0.998571 -0.000914 0.053427
vn -0.999785 -0.001374 0.020689
vn -0.999785 -0.001374 0.020689
vn -0.998571 -0.000914 0.053427
vn -0.578557 -0.126854 -0.805717
vn -0.559889 0.035466 -0.827808
vn -0.559889 0.035466 -0.827808
vn -0.578557 -0.126854 -0.805717
vn 0.000000 -0.149453 -0.988769
vn 0.000000 0.043704 -0.999045
vn 0.000000 0.043704 -0.999045
vn 0.000000 -0.149453 -0.988769
vn 0.578557 -0.126854 -0.805717
vn 0.559889 0.035466 -0.827808
vn 0.559889 0.035466 -0.827808
vn 0.578557 -0.126854 -0.805717
vn 0.998571 -0.000914 0.053427
vn 0.999785 -0.001374 0.020689
vn 0.999785 -0.001374 0.020689
vn 0.998571 -0.000914 0.053427
vn 0.540823 0.132709 0.830601
vn 0.545009 -0.033987 0.837741
vn 0.000000 -0.039828 0.999207
vn 0.545009 -0.033987 0.837741
vn 0.540823 0.132709 0.830601
vn 0.000000 0.165077 0.986281
vn 0.000000 0.165077 0.986281
vn 0.000000 0.406761 0.913534
vn -0.556250 0.331758 0.761920
vn -0.540823 0.132709 0.830601
vn -0.540823 0.132709 0.830601
vn -0.556250 0.331758 0.761920
vn -0.999139 0.007459 0.040816
vn -0.998571 -0.000914 0.053427
vn -0.998571 -0.000914 0.053427
vn -0.999139 0.007459 0.040816
vn -0.585599 -0.324183 -0.742953
vn -0.578557 -0.126854 -0.805717
vn -0.578557 -0.126854 -0.805717
vn -0.585599 -0.324183 -0.742953
vn 0.000000 -0.393912 -0.919148
vn 0.000000 -0.149453 -0.988769
vn 0.000000 -0.149453 -0.988769
vn 0.000000 -0.393912 -0.919148
vn 0.585599 -0.324183 -0.742953
vn 0.578557 -0.126854 -0.805717
vn 0.578557 -0.126854 -0.805717
vn 0.585599 -0.324183 -0.742953
vn 0.999139 0.007459 0.040816
vn 0.998571 -0.000914 0.053427
vn 0.998571 -0.000914 0.053427
vn 0.999139 0.007459 0.040816
vn 0.556250 0.331758 0.761920
vn 0.540823 0.132709 0.830601
vn 0.540823 0.132709 0.830601
vn 0.556250 0.331758 0.761920
vn 0.000000 0.406761 0.913534
vn 0.000000 0.165077 0.986281
vn 0.000000 0.406761 0.913534
vn 0.000000 0.611457 0.791278
vn -0.571886 0.493775 0.655082
vn -0.556250 0.331758 0.761920
vn -0.556250 0.331758 0.761920
vn -0.571886 0.493775 0.655082
vn -0.998956 0.017341 0.042275
vn -0.999139 0.007459 0.040816
vn -0.999139 0.007459 0.040816
vn -0.998956 0.017341 0.042275
vn -0.605943 -0.480226 -0.634205
vn -0.585599 -0.324183 -0.742953
vn -0.585599 -0.324183 -0.742953
vn -0.605943 -0.480226 -0.634205
vn 0.000000 -0.596037 -0.802957
vn 0.000000 -0.393912 -0.919148
vn 0.000000 -0.393912 -0.919148
vn 0.000000 -0.596037 -0.802957
vn 0.605943 -0.480226 -0.634205
vn 0.585599 -0.324183 -0.742953
vn 0.585599 -0.324183 -0.742953
vn 0.605943 -0.480226 -0.634205
vn 0.998956 0.017341 0.042275
vn 0.999139 0.007459 0.040816
vn 0.999139 0.007459 0.040816
vn 0.998956 0.017341 0.042275
vn 0.571886 0.493775 0.655082
vn 0.556250 0.331758 0.761920
vn 0.556250 0.331758 0.761920
vn 0.571886 0.493775 0.655082
vn 0.000000 0.611457 0.791278
vn 0.000000 0.406761 0.913534
vn 0.000000 0.611457 0.791278
vn 0.000000 0.801838 0.597541
vn -0.589310 0.641283 0.491396
vn -0.571886 0.493775 0.655082
vn -0.571886 0.493775 0.655082
vn -0.589310 0.641283 0.491396
vn -0.998825 0.030834 0.037378
vn -0.998956 0.017341 0.042275
vn -0.998956 0.017341 0.042275
vn -0.998825 0.030834 0.037378
vn -0.629879 -0.618133 -0.470281
vn -0.605943 -0.480226 -0.634205
vn -0.605943 -0.480226 -0.634205
vn -0.629879 -0.618133 -0.470281
vn 0.000000 -0.789385 -0.613899
vn 0.000000 -0.596037 -0.802957
vn 0.000000 -0.596037 -0.802957
vn 0.000000 -0.789385 -0.613899
vn 0.629879 -0.618133 -0.470281
vn 0.605943 -0.480226 -0.634205
vn 0.605943 -0.480226 -0.634205
vn 0.629879 -0.618133 -0.470281
vn 0.998825 0.030834 0.037378
vn 0.998956 0.017341 0.042275
vn 0.998956 0.017341 0.042275
vn 0.998825 0.030834 0.037378
vn 0.589310 0.641283 0.491396
vn 0.571886 0.493775 0.655082
vn 0.571886 0.493775 0.655082
vn 0.589310 0.641283 0.491396
vn 0.000000 0.801838 0.597541
vn 0.000000 0.611457 0.791278
vn 0.000000 0.801838 0.597541
vn 0.000000 0.945314 0.326163
vn -0.603536 0.751224 0.267221
vn -0.589310 0.641283 0.491396
vn -0.589310 0.641283 0.491396
vn -0.603536 0.751224 0.267221
vn -0.998788 0.043644 0.022737
vn -0.998825 0.030834 0.037378
vn -0.998825 0.030834 0.037378
vn -0.998788 0.043644 0.022737
vn -0.650314 -0.716471 -0.252509
vn -0.629879 -0.618133 -0.470281
vn -0.629879 -0.618133 -0.470281
vn -0.650314 -0.716471 -0.252509
vn 0.000000 -0.940630 -0.339434
vn 0.000000 -0.789385 -0.613899
vn 0.000000 -0.789385 -0.613899
vn 0.000000 -0.940630 -0.339434
vn 0.650314 -0.716471 -0.252509
vn 0.629879 -0.618133 -0.470281
vn 0.629879 -0.618133 -0.470281
vn 0.650314 -0.716471 -0.252509
vn 0.998788 0.043644 0.022737
vn 0.998825 0.030834 0.037378
vn 0.998825 0.030834 0.037378
vn 0.998788 0.043644 0.022737
vn 0.603536 0.751224 0.267221
vn 0.589310 0.641283 0.491396
vn 0.589310 0.641283 0.491396
vn 0.603536 0.751224 0.267221
vn 0.000000 0.945314 0.326163
vn 0.000000 0.801838 0.597541
vn 0.000000 0.945314 0.326163
vn 0.000000 1.000000 0.000000
vn -0.609100 0.793093 0.000000
vn -0.603536 0.751224 0.267221
vn -0.603536 0.751224 0.267221
vn -0.609100 0.793093 0.000000
vn -0.998792 0.049133 0.000000
vn -0.998788 0.043644 0.022737
vn -0.998788 0.043644 0.022737
vn -0.998792 0.049133 0.000000
vn -0.658529 -0.752556 0.000000
vn -0.650314 -0.716471 -0.252509
vn -0.650314 -0.716471 -0.252509
vn -0.658529 -0.752556 0.000000
vn 0.000000 -1.000000 0.000000
vn 0.000000 -0.940630 -0.339434
vn 0.000000 -0.940630 -0.339434
vn 0.000000 -1.000000 0.000000
vn 0.658529 -0.752556 0.000000
vn 0.650314 -0.716471 -0.252509
vn 0.650314 -0.716471 -0.252509
vn 0.658529 -0.752556 0.000000
vn 0.998792 0.049133 0.000000
vn 0.998788 0.043644 0.022737
vn 0.998788 0.043644 0.022737
vn 0.998792 0.049133 0.000000
vn 0.609100 0.793093 0.000000
vn 0.603536 0.751224 0.267221
vn 0.603536 0.751224 0.267221
vn 0.609100 0.793093 0.000000
vn 0.000000 1.000000 0.000000
vn 0.000000 0.945314 0.326163
vn 0.000000 1.000000 0.000000
vn 0.000000 0.945314 -0.326163
vn -0.603536 0.751224 -0.267221
vn -0.609100 0.793093 0.000000
vn -0.609100 0.793093 0.000000
vn -0.603536 0.751224 -0.267221
vn -0.998788 0.043644 -0.022737
vn -0.998792 0.049133 0.000000
vn -0.998792 0.049133 0.000000
vn -0.998788 0.043644 -0.022737
vn -0.650314 -0.716471 0.252509
vn -0.658529 -0.752556 0.000000
vn -0.658529 -0.752556 0.000000
vn -0.650314 -0.716471 0.252509
vn 0.000000 -0.940630 0.339434
vn 0.000000 -1.000000 0.000000
vn 0.000000 -1.000000 0.000000
vn 0.000000 -0.940630 0.339434
vn 0.650314 -0.716471 0.252509
vn 0.658529 -0.752556 0.000000
vn 0.658529 -0.752556 0.000000
vn 0.650314 -0.716471 0.252509
vn 0.998788 0.043644 -0.022737
vn 0.998792 0.049133 0.000000
vn 0.998792 0.049133 0.000000
vn 0.998788 0.043644 -0.022737
vn 0.603536 0.751224 -0.267221
vn 0.609100 0.793093 0.000000
vn 0.609100 0.793093 0.000000
vn 0.603536 0.751224 -0.267221
vn 0.000000 0.945314 -0.326163
vn 0.000000 1.000000 0.000000
vn 0.000000 0.945314 -0.326163
vn 0.000000 0.801838 -0.597541
vn -0.589310 0.641283 -0.491396
vn -0.603536 0.751224 -0.267221
vn -0.603536 0.751224 -0.267221
vn -0.589310 0.641283 -0.491396
vn -0.998825 0.030834 -0.037378
vn -0.998788 0.043644 -0.022737
vn -0.998788 0.043644 -0.022737
vn -0.998825 0.030834 -0.037378
vn -0.629893 -0.618110 0.470292
vn -0.650314 -0.716471 0.252509
vn -0.650314 -0.716471 0.252509
vn -0.629893 -0.618110 0.470292
vn 0.000000 -0.789385 0.613899
vn 0.000000 -0.940630 0.339434
vn 0.000000 -0.940630 0.339434
vn 0.000000 -0.789385 0.613899
vn 0.629893 -0.618110 0.470292
vn 0.650314 -0.716471 0.252509
vn 0.650314 -0.716471 0.252509
vn 0.629893 -0.618110 0.470292
vn 0.998825 0.030834 -0.037378
vn 0.998788 0.043644 -0.022737
vn 0.998788 0.043644 -0.022737
vn 0.998825 0.030834 -0.037378
vn 0.589310 0.641283 -0.491396
vn 0.603536 0.751224 -0.267221
vn 0.603536 0.751224 -0.267221
vn 0.589310 0.641283 -0.491396
vn 0.000000 0.801838 -0.597541
vn 0.000000 0.945314 -0.326163
vn 0.000000 0.801838 -0.597541
vn 0.000000 0.611457 -0.791278
vn -0.571886 0.493775 -0.655082
vn -0.589310 0.641283 -0.491396
vn -0.589310 0.641283 -0.491396
vn -0.571886 0.493775 -0.655082
vn -0.998956 0.017341 -0.042275
vn -0.998825 0.030834 -0.037378
vn -0.998825 0.030834 -0.037378
vn -0.998956 0.017341 -0.042275
vn -0.605943 -0.480226 0.634205
vn -0.629893 -0.618110 0.470292
vn -0.629893 -0.618110 0.470292
vn -0.605943 -0.480226 0.634205
vn 0.000000 -0.596037 0.802957
vn 0.000000 -0.789385 0.613899
vn 0.000000 -0.789385 0.613899
vn 0.000000 -0.596037 0.802957
vn 0.605943 -0.480226 0.634205
vn 0.629893 -0.618110 0.470292
vn 0.629893 -0.618110 0.470292
vn 0.605943 -0.480226 0.634205
vn 0.998956 0.017341 -0.042275
vn 0.998825 0.030834 -0.037378
vn 0.998825 0.030834 -0.037378
vn 0.998956 0.017341 -0.042275
vn 0.571886 0.493775 -0.655082
vn 0.589310 0.641283 -0.491396
vn 0.589310 0.641283 -0.491396
vn 0.571886 0.493775 -0.655082
vn 0.000000 0.611457 -0.791278
vn 0.000000 0.801838 -0.597541
vn 0.000000 0.611457 -0.791278
vn 0.000000 0.406761 -0.913534
vn -0.556265 0.331767 -0.761905
vn -0.571886 0.493775 -0.655082
vn -0.571886 0.493775 -0.655082
vn -0.556265 0.331767 -0.761905
vn -0.999139 0.007459 -0.040816
vn -0.998956 0.017341 -0.042275
vn -0.998956 0.017341 -0.042275
vn -0.999139 0.007459 -0.040816
vn -0.585599 -0.324183 0.742953
vn -0.605943 -0.480226 0.634205
vn -0.605943 -0.480226 0.634205
vn -0.585599 -0.324183 0.742953
vn 0.000000 -0.393912 0.919148
vn 0.000000 -0.596037 0.802957
vn 0.000000 -0.596037 0.802957
vn 0.000000 -0.393912 0.919148
vn 0.585599 -0.324183 0.742953
vn 0.605943 -0.480226 0.634205
vn 0.605943 -0.480226 0.634205
vn 0.585599 -0.324183 0.742953
vn 0.999139 0.007459 -0.040816
vn 0.998956 0.017341 -0.042275
vn 0.998956 0.017341 -0.042275
vn 0.999139 0.007459 -0.040816
vn 0.556265 0.331767 -0.761905
vn 0.571886 0.493775 -0.655082
vn 0.571886 0.493775 -0.655082
vn 0.556265 0.331767 -0.761905
vn 0.000000 0.406761 -0.913534
vn 0.000000 0.611457 -0.791278
vn 0.000000 0.406761 -0.913534
vn 0.000000 0.165077 -0.986281
vn -0.540823 0.132709 -0.830601
vn -0.556265 0.331767 -0.761905
vn -0.556265 0.331767 -0.761905
vn -0.540823 0.132709 -0.830601
vn -0.998571 -0.000914 -0.053427
vn -0.999139 0.007459 -0.040816
vn -0.999139 0.007459 -0.040816
vn -0.998571 -0.000914 -0.053427
vn -0.578557 -0.126854 0.805717
vn -0.585599 -0.324183 0.742953
vn -0.585599 -0.324183 0.742953
vn -0.578557 -0.126854 0.805717
vn 0.000000 -0.149453 0.988769
vn 0.000000 -0.393912 0.919148
vn 0.000000 -0.393912 0.919148
vn 0.000000 -0.149453 0.988769
vn 0.578557 -0.126854 0.805717
vn 0.585599 -0.324183 0.742953
vn 0.585599 -0.324183 0.742953
vn 0.578557 -0.126854 0.805717
vn 0.998571 -0.000914 -0.053427
vn 0.999139 0.007459 -0.040816
vn 0.999139 0.007459 -0.040816
vn 0.998571 -0.000914 -0.053427
vn 0.540823 0.132709 -0.830601
vn 0.556265 0.331767 -0.761905
vn 0.556265 0.331767 -0.761905
vn 0.540823 0.132709 -0.830601
vn 0.000000 0.165077 -0.986281
vn 0.000000 0.406761 -0.913534
vn 0.000000 0.165077 -0.986281
vn 0.000000 -0.039828 -0.999207
vn -0.545009 -0.033987 -0.837741
vn -0.540823 0.132709 -0.830601
vn -0.540823 0.132709 -0.830601
vn -0.545009 -0.033987 -0.837741
vn -0.999784 -0.001374 -0.020736
vn -0.998571 -0.000914 -0.053427
vn -0.998571 -0.000914 -0.053427
vn -0.999784 -0.001374 -0.020736
vn -0.559889 0.035466 0.827808
vn -0.578557 -0.126854 0.805717
vn -0.578557 -0.126854 0.805717
vn -0.559889 0.035466 0.827808
vn 0.000000 0.043704 0.999045
vn 0.000000 -0.149453 0.988769
vn 0.000000 -0.149453 0.988769
vn 0.000000 0.043704 0.999045
vn 0.559889 0.035466 0.827808
vn 0.578557 -0.126854 0.805717
vn 0.578557 -0.126854 0.805717
vn 0.559889 0.035466 0.827808
vn 0.999784 -0.001374 -0.020736
vn 0.998571 -0.000914 -0.053427
vn 0.998571 -0.000914 -0.053427
vn 0.999784 -0.001374 -0.020736
vn 0.545009 -0.033987 -0.837741
vn 0.540823 0.132709 -0.830601
vn 0.540823 0.132709 -0.830601
vn 0.545009 -0.033987 -0.837741
vn 0.000000 -0.039828 -0.999207
vn 0.000000 0.165077 -0.986281
vn 0.000000 -0.039828 -0.999207
vn 0.000000 -0.202128 -0.979359
vn -0.545711 -0.166065 -0.821354
vn -0.545009 -0.033987 -0.837741
vn -0.545009 -0.033987 -0.837741
vn -0.545711 -0.166065 -0.821354
vn -0.999293 -0.002197 -0.037524
vn -0.999784 -0.001374 -0.020736
vn -0.999784 -0.001374 -0.020736
vn -0.999293 -0.002197 -0.037524
vn -0.572534 0.162520 0.803612
vn -0.559889 0.035466 0.827808
vn -0.559889 0.035466 0.827808
vn -0.572534 0.162520 0.803612
vn 0.000000 0.195077 0.980788
vn 0.000000 0.043704 0.999045
vn 0.000000 0.043704 0.999045
vn 0.000000 0.195077 0.980788
vn 0.572534 0.162520 0.803612
vn 0.559889 0.035466 0.827808
vn 0.559889 0.035466 0.827808
vn 0.572534 0.162520 0.803612
vn 0.999293 -0.002197 -0.037524
vn 0.999784 -0.001374 -0.020736
vn 0.999784 -0.001374 -0.020736
vn 0.999293 -0.002197 -0.037524
vn 0.545711 -0.166065 -0.821354
vn 0.545009 -0.033987 -0.837741
vn 0.545009 -0.033987 -0.837741
vn 0.545711 -0.166065 -0.821354
vn 0.000000 -0.202128 -0.979359
vn 0.000000 -0.039828 -0.999207
vn 0.000000 -0.202128 -0.979359
vn 0.000000 -0.406761 -0.913534
vn -0.556250 -0.331758 -0.761920
vn -0.545711 -0.166065 -0.821354
vn -0.545711 -0.166065 -0.821354
vn -0.556250 -0.331758 -0.761920
vn -0.999139 -0.007459 -0.040816
vn -0.999293 -0.002197 -0.037524
vn -0.999293 -0.002197 -0.037524
vn -0.999139 -0.007459 -0.040816
vn -0.585599 0.324183 0.742953
vn -0.572534 0.162520 0.803612
vn -0.572534 0.162520 0.803612
vn -0.585599 0.324183 0.742953
vn 0.000000 0.393912 0.919148
vn 0.000000 0.195077 0.980788
vn 0.000000 0.195077 0.980788
vn 0.000000 0.393912 0.919148
vn 0.585599 0.324183 0.742953
vn 0.572534 0.162520 0.803612
vn 0.572534 0.162520 0.803612
vn 0.585599 0.324183 0.742953
vn 0.999139 -0.007459 -0.040816
vn 0.999293 -0.002197 -0.037524
vn 0.999293 -0.002197 -0.037524
vn 0.999139 -0.007459 -0.040816
vn 0.556250 -0.331758 -0.761920
vn 0.545711 -0.166065 -0.821354
vn 0.545711 -0.166065 -0.821354
vn 0.556250 -0.331758 -0.761920
vn 0.000000 -0.406761 -0.913534
vn 0.000000 -0.202128 -0.979359
vn 0.000000 -0.406761 -0.913534
vn 0.000000 -0.611457 -0.791278
vn -0.571886 -0.493775 -0.655082
vn -0.556250 -0.331758 -0.761920
vn -0.556250 -0.331758 -0.761920
vn -0.571886 -0.493775 -0.655082
vn -0.998956 -0.017341 -0.042275
vn -0.999139 -0.007459 -0.040816
vn -0.999139 -0.007459 -0.040816
vn -0.998956 -0.017341 -0.042275
vn -0.605943 0.480226 0.634205
vn -0.585599 0.324183 0.742953
vn -0.585599 0.324183 0.742953
vn -0.605943 0.480226 0.634205
vn 0.000000 0.596037 0.802957
vn 0.000000 0.393912 0.919148
vn 0.000000 0.393912 0.919148
vn 0.000000 0.596037 0.802957
vn 0.605943 0.480226 0.634205
vn 0.585599 0.324183 0.742953
vn 0.585599 0.324183 0.742953
vn 0.605943 0.480226 0.634205
vn 0.998956 -0.017341 -0.042275
vn 0.999139 -0.007459 -0.040816
vn 0.999139 -0.007459 -0.040816
vn 0.998956 -0.017341 -0.042275
vn 0.571886 -0.493775 -0.655082
vn 0.556250 -0.331758 -0.761920
vn 0.556250 -0.331758 -0.761920
vn 0.571886 -0.493775 -0.655082
vn 0.000000 -0.611457 -0.791278
vn 0.000000 -0.406761 -0.913534
vn 0.000000 -0.611457 -0.791278
vn 0.000000 -0.801838 -0.597541
vn -0.589310 -0.641283 -0.491396
vn -0.571886 -0.493775 -0.655082
vn -0.571886 -0.493775 -0.655082
vn -0.589310 -0.641283 -0.491396
vn -0.998825 -0.030834 -0.037378
vn -0.998956 -0.017341 -0.042275
vn -0.998956 -0.017341 -0.042275
vn -0.998825 -0.030834 -0.037378
vn -0.629879 0.618133 0.470281
vn -0.605943 0.480226 0.634205
vn -0.605943 0.480226 0.634205
vn -0.629879 0.618133 0.470281
vn 0.000000 0.789385 0.613899
vn 0.000000 0.596037 0.802957
vn 0.000000 0.596037 0.802957
vn 0.000000 0.789385 0.613899
vn 0.629879 0.618133 0.470281
vn 0.605943 0.480226 0.634205
vn 0.605943 0.480226 0.634205
vn 0.629879 0.618133 0.470281
vn 0.998825 -0.030834 -0.037378
vn 0.998956 -0.017341 -0.042275
vn 0.998956 -0.017341 -0.042275
vn 0.998825 -0.030834 -0.037378
vn 0.589310 -0.641283 -0.491396
vn 0.571886 -0.493775 -0.655082
vn 0.571886 -0.493775 -0.655082
vn 0.589310 -0.641283 -0.491396
vn 0.000000 -0.801838 -0.597541
vn 0.000000 -0.611457 -0.791278
vn 0.000000 -0.801838 -0.597541
vn 0.000000 -0.945304 -0.326190
vn -0.603530 -0.751216 -0.267255
vn -0.589310 -0.641283 -0.491396
vn -0.589310 -0.641283 -0.491396
vn -0.603530 -0.751216 -0.267255
vn -0.998788 -0.043644 -0.022737
vn -0.998825 -0.030834 -0.037378
vn -0.998825 -0.030834 -0.037378
vn -0.998788 -0.043644 -0.022737
vn -0.650314 0.716471 0.252509
vn -0.629879 0.618133 0.470281
vn -0.629879 0.618133 0.470281
vn -0.650314 0.716471 0.252509
vn 0.000000 0.940630 0.339434
vn 0.000000 0.789385 0.613899
vn 0.000000 0.789385 0.613899
vn 0.000000 0.940630 0.339434
vn 0.650314 0.716471 0.252509
vn 0.629879 0.618133 0.470281
vn 0.629879 0.618133 0.470281
vn 0.650314 0.716471 0.252509
vn 0.998788 -0.043644 -0.022737
vn 0.998825 -0.030834 -0.037378
vn 0.998825 -0.030834 -0.037378
vn 0.998788 -0.043644 -0.022737
vn 0.603530 -0.751216 -0.267255
vn 0.589310 -0.641283 -0.491396
vn 0.589310 -0.641283 -0.491396
vn 0.603530 -0.751216 -0.267255
vn 0.000000 -0.945304 -0.326190
vn 0.000000 -0.801838 -0.597541
vn 0.000000 -0.945304 -0.326190
vn 0.000000 -1.000000 0.000000
vn -0.609100 -0.793093 0.000000
vn -0.603530 -0.751216 -0.267255
vn -0.603530 -0.751216 -0.267255
vn -0.609100 -0.793093 0.000000
vn -0.998792 -0.049133 0.000000
vn -0.998788 -0.043644 -0.022737
vn -0.998788 -0.043644 -0.022737
vn -0.998792 -0.049133 0.000000
vn -0.658529 0.752556 0.000000
vn -0.650314 0.716471 0.252509
vn -0.650314 0.716471 0.252509
vn -0.658529 0.752556 0.000000
vn 0.000000 1.000000 0.000000
vn 0.000000 0.940630 0.339434
vn 0.000000 0.940630 0.339434
vn 0.000000 1.000000 0.000000
vn 0.658529 0.752556 0.000000
vn 0.650314 0.716471 0.252509
vn 0.650314 0.716471 0.252509
vn 0.658529 0.752556 0.000000
vn 0.998792 -0.049133 0.000000
vn 0.998788 -0.043644 -0.022737
vn 0.998788 -0.043644 -0.022737
vn 0.998792 -0.049133 0.000000
vn 0.609100 -0.793093 0.000000
vn 0.603530 -0.751216 -0.267255
vn 0.603530 -0.751216 -0.267255
vn 0.609100 -0.793093 0.000000
vn 0.000000 -1.000000 0.000000
vn 0.000000 -0.945304 -0.326190
vn 0.000000 -1.000000 0.000000
vn 0.000000 -0.945304 0.326190
vn -0.603530 -0.751216 0.267255
vn -0.609100 -0.793093 0.000000
vn -0.609100 -0.793093 0.000000
vn -0.603530 -0.751216 0.267255
vn -0.998788 -0.043644 0.022737
vn -0.998792 -0.049133 0.000000
vn -0.998792 -0.049133 0.000000
vn -0.998788 -0.043644 0.022737
vn -0.650314 0.716471 -0.252509
vn -0.658529 0.752556 0.000000
vn -0.658529 0.752556 0.000000
vn -0.650314 0.716471 -0.252509
vn 0.000000 0.940630 -0.339434
vn 0.000000 1.000000 0.000000
vn 0.000000 1.000000 0.000000
vn 0.000000 0.940630 -0.339434
vn 0.650314 0.716471 -0.252509
vn 0.658529 0.752556 0.000000
vn 0.658529 0.752556 0.000000
vn 0.650314 0.716471 -0.252509
vn 0.998788 -0.043644 0.022737
vn 0.998792 -0.049133 0.000000
vn 0.998792 -0.049133 0.000000
vn 0.998788 -0.043644 0.022737
vn 0.603530 -0.751216 0.267255
vn 0.609100 -0.793093 0.000000
vn 0.609100 -0.793093 0.000000
vn 0.603530 -0.751216 0.267255
vn 0.000000 -0.945304 0.326190
vn 0.000000 -1.000000 0.000000
vn 0.000000 -0.945304 0.326190
vn 0.000000 -0.801838 0.597541
vn -0.589310 -0.641283 0.491396
vn -0.603530 -0.751216 0.267255
vn -0.603530 -0.751216 0.267255
vn -0.589310 -0.641283 0.491396
vn -0.998825 -0.030834 0.037378
vn -0.998788 -0.043644 0.022737
vn -0.998788 -0.043644 0.022737
vn -0.998825 -0.030834 0.037378
vn -0.629879 0.618133 -0.470281
vn -0.650314 0.716471 -0.252509
vn -0.650314 0.716471 -0.252509
vn -0.629879 0.618133 -0.470281
vn 0.000000 0.789397 -0.613884
vn 0.000000 0.940630 -0.339434
vn 0.000000 0.940630 -0.339434
vn 0.000000 0.789397 -0.613884
vn 0.629879 0.618133 -0.470281
vn 0.650314 0.716471 -0.252509
vn 0.650314 0.716471 -0.252509
vn 0.629879 0.618133 -0.470281
vn 0.998825 -0.030834 0.037378
vn 0.998788 -0.043644 0.022737
vn 0.998788 -0.043644 0.022737
vn 0.998825 -0.030834 0.037378
vn 0.589310 -0.641283 0.491396
vn 0.603530 -0.751216 0.267255
vn 0.603530 -0.751216 0.267255
vn 0.589310 -0.641283 0.491396
vn 0.000000 -0.801838 0.597541
vn 0.000000 -0.945304 0.326190
vn 0.000000 -0.801838 0.597541
vn 0.000000 -0.611457 0.791278
vn -0.571886 -0.493775 0.655082
vn -0.589310 -0.641283 0.491396
vn -0.589310 -0.641283 0.491396
vn -0.571886 -0.493775 0.655082
vn -0.998956 -0.017341 0.042275
vn -0.998825 -0.030834 0.037378
vn -0.998825 -0.030834 0.037378
vn -0.998956 -0.017341 0.042275
vn -0.605943 0.480226 -0.634205
vn -0.629879 0.618133 -0.470281
vn -0.629879 0.618133 -0.470281
vn -0.605943 0.480226 -0.634205
vn 0.000000 0.596037 -0.802957
vn 0.000000 0.789397 -0.613884
vn 0.000000 0.789397 -0.613884
vn 0.000000 0.596037 -0.802957
vn 0.605943 0.480226 -0.634205
vn 0.629879 0.618133 -0.470281
vn 0.629879 0.618133 -0.470281
vn 0.605943 0.480226 -0.634205
vn 0.998956 -0.017341 0.042275
vn 0.998825 -0.030834 0.037378
vn 0.998825 -0.030834 0.037378
vn 0.998956 -0.017341 0.042275
vn 0.571886 -0.493775 0.655082
vn 0.589310 -0.641283 0.491396
vn 0.589310 -0.641283 0.491396
vn 0.571886 -0.493775 0.655082
vn 0.000000 -0.611457 0.791278
vn 0.000000 -0.801838 0.597541
vn 0.000000 -0.611457 0.791278
vn 0.000000 -0.406761 0.913534
vn -0.556250 -0.331758 0.761920
vn -0.571886 -0.493775 0.655082
vn -0.571886 -0.493775 0.655082
vn -0.556250 -0.331758 0.761920
vn -0.999139 -0.007459 0.040816
vn -0.998956 -0.017341 0.042275
vn -0.998956 -0.017341 0.042275
vn -0.999139 -0.007459 0.040816
vn -0.585599 0.324183 -0.742953
vn -0.605943 0.480226 -0.634205
vn -0.605943 0.480226 -0.634205
vn -0.585599 0.324183 -0.742953
vn 0.000000 0.393912 -0.919148
vn 0.000000 0.596037 -0.802957
vn 0.000000 0.596037 -0.802957
vn 0.000000 0.393912 -0.919148
vn 0.585599 0.324183 -0.742953
vn 0.605943 0.480226 -0.634205
vn 0.605943 0.480226 -0.634205
vn 0.585599 0.324183 -0.742953
vn 0.999139 -0.007459 0.040816
vn 0.998956 -0.017341 0.042275
vn 0.998956 -0.017341 0.042275
vn 0.999139 -0.007459 0.040816
vn 0.556250 -0.331758 0.761920
vn 0.571886 -0.493775 0.655082
vn 0.571886 -0.493775 0.655082
vn 0.556250 -0.331758 0.761920
vn 0.000000 -0.406761 0.913534
vn 0.000000 -0.611457 0.791278
vn 0.000000 -0.406761 0.913534
vn 0.000000 -0.202128 0.979359
vn -0.545711 -0.166065 0.821354
vn -0.556250 -0.331758 0.761920
vn -0.556250 -0.331758 0.761920
vn -0.545711 -0.166065 0.821354
vn -0.999293 -0.002197 0.037524
vn -0.999139 -0.007459 0.040816
vn -0.999139 -0.007459 0.040816
vn -0.999293 -0.002197 0.037524
vn -0.572534 0.162520 -0.803612
vn -0.585599 0.324183 -0.742953
vn -0.585599 0.324183 -0.742953
vn -0.572534 0.162520 -0.803612
vn 0.000000 0.195077 -0.980788
vn 0.000000 0.393912 -0.919148
vn 0.000000 0.393912 -0.919148
vn 0.000000 0.195077 -0.980788
vn 0.572534 0.162520 -0.803612
vn 0.585599 0.324183 -0.742953
vn 0.585599 0.324183 -0.742953
vn 0.572534 0.162520 -0.803612
vn 0.999293 -0.002197 0.037524
vn 0.999139 -0.007459 0.040816
vn 0.999139 -0.007459 0.040816
vn 0.999293 -0.002197 0.037524
vn 0.545711 -0.166065 0.821354
vn 0.556250 -0.331758 0.761920
vn 0.556250 -0.331758 0.761920
vn 0.545711 -0.166065 0.821354
vn 0.000000 -0.202128 0.979359
vn 0.000000 -0.406761 0.913534
vn 0.000000 -0.202128 0.979359
vn 0.000000 -0.039828 0.999207
vn -0.545009 -0.033987 0.837741
vn -0.545711 -0.166065 0.821354
vn -0.545711 -0.166065 0.821354
vn -0.545009 -0.033987 0.837741
vn -0.999785 -0.001374 0.020689
vn -0.999293 -0.002197 0.037524
vn -0.999293 -0.002197 0.037524
vn -0.999785 -0.001374 0.020689
vn -0.559889 0.035466 -0.827808
vn -0.572534 0.162520 -0.803612
vn -0.572534 0.162520 -0.803612
vn -0.559889 0.035466 -0.827808
vn 0.000000 0.043704 -0.999045
vn 0.000000 0.195077 -0.980788
vn 0.000000 0.195077 -0.980788
vn 0.000000 0.043704 -0.999045
vn 0.559889 0.035466 -0.827808
vn 0.572534 0.162520 -0.803612
vn 0.572534 0.162520 -0.803612
vn 0.559889 0.035466 -0.827808
vn 0.999785 -0.001374 0.020689
vn 0.999293 -0.002197 0.037524
vn 0.999293 -0.002197 0.037524
vn 0.999785 -0.001374 0.020689
vn 0.545009 -0.033987 0.837741
vn 0.545711 -0.166065 0.821354
vn 0.545711 -0.166065 0.821354
vn 0.545009 -0.033987 0.837741
vn 0.000000 -0.039828 0.999207
vn 0.000000 -0.202128 0.979359
vn 0.000000 -0.039828 0.999207
vn 0.000000 0.165077 0.986281
vn -0.540823 0.132709 0.830601
vn -0.544992 -0.033987 0.837752
vn -0.544992 -0.033987 0.837752
vn -0.540823 0.132709 0.830601
vn -0.998571 -0.000914 0.053427
vn -0.999784 -0.001374 0.020736
vn -0.999784 -0.001374 0.020736
vn -0.998571 -0.000914 0.053427
vn -0.578557 -0.126854 -0.805717
vn -0.559889 0.035466 -0.827808
vn -0.559889 0.035466 -0.827808
vn -0.578557 -0.126854 -0.805717
vn 0.000000 -0.149453 -0.988769
vn 0.000000 0.043704 -0.999045
vn 0.000000 0.043704 -0.999045
vn 0.000000 -0.149453 -0.988769
vn 0.578557 -0.126854 -0.805717
vn 0.559889 0.035466 -0.827808
vn 0.559889 0.035466 -0.827808
vn 0.578557 -0.126854 -0.805717
vn 0.998571 -0.000914 0.053427
vn 0.999785 -0.001374 0.020689
vn 0.999785 -0.001374 0.020689
vn 0.998571 -0.000914 0.053427
vn 0.540823 0.132709 0.830601
vn 0.545008 -0.034023 0.837740
vn 0.000000 -0.039828 0.999207
vn 0.545008 -0.034023 0.837740
vn 0.540823 0.132709 0.830601
vn 0.000000 0.165077 0.986281
vn 0.000000 0.165077 0.986281
vn 0.000000 0.406761 0.913534
vn -0.556250 0.331758 0.761920
vn -0.540823 0.132709 0.830601
vn -0.540823 0.132709 0.830601
vn -0.556250 0.331758 0.761920
vn -0.999139 0.007459 0.040816
vn -0.998571 -0.000914 0.053427
vn -0.998571 -0.000914 0.053427
vn -0.999139 0.007459 0.040816
vn -0.585599 -0.324183 -0.742953
vn -0.578557 -0.126854 -0.805717
vn -0.578557 -0.126854 -0.805717
vn -0.585599 -0.324183 -0.742953
vn 0.000000 -0.393912 -0.919148
vn 0.000000 -0.149453 -0.988769
vn 0.000000 -0.149453 -0.988769
vn 0.000000 -0.393912 -0.919148
vn 0.585599 -0.324183 -0.742953
vn 0.578557 -0.126854 -0.805717
vn 0.578557 -0.126854 -0.805717
vn 0.585599 -0.324183 -0.742953
vn 0.999139 0.007459 0.040816
vn 0.998571 -0.000914 0.053427
vn 0.998571 -0.000914 0.053427
vn 0.999139 0.007459 0.040816
vn 0.556243 0.331791 0.761911
vn 0.540823 0.132709 0.830601
vn 0.540823 0.132709 0.830601
vn 0.556243 0.331791 0.761911
vn 0.000000 0.406761 0.913534
vn 0.000000 0.165077 0.986281
vn 0.000000 0.406761 0.913534
vn 0.000000 0.611457 0.791278
vn -0.571886 0.493775 0.655082
vn -0.556250 0.331758 0.761920
vn -0.556250 0.331758 0.761920
vn -0.571886 0.493775 0.655082
vn -0.998956 0.017341 0.042275
vn -0.999139 0.007459 0.040816
vn -0.999139 0.007459 0.040816
vn -0.998956 0.017341 0.042275
vn -0.605943 -0.480226 -0.634205
vn -0.585599 -0.324183 -0.742953
vn -0.585599 -0.324183 -0.742953
vn -0.605943 -0.480226 -0.634205
vn 0.000000 -0.596037 -0.802957
vn 0.000000 -0.393912 -0.919148
vn 0.000000 -0.393912 -0.919148
vn 0.000000 -0.596037 -0.802957
vn 0.605943 -0.480226 -0.634205
vn 0.585599 -0.324183 -0.742953
vn 0.585599 -0.324183 -0.742953
vn 0.605943 -0.480226 -0.634205
vn 0.998956 0.017341 0.042275
vn 0.999139 0.007459 0.040816
vn 0.999139 0.007459 0.040816
vn 0.998956 0.017341 0.042275
vn 0.571886 0.493775 0.655082
vn 0.556243 0.331791 0.761911
vn 0.556243 0.331791 0.761911
vn 0.571886 0.493775 0.655082
vn 0.000000 0.611457 0.791278
vn 0.000000 0.406761 0.913534
vn 0.000000 0.611457 0.791278
vn 0.000000 0.801838 0.597541
vn -0.589310 0.641283 0.491396
vn -0.571886 0.493775 0.655082
vn -0.571886 0.493775 0.655082
vn -0.589310 0.641283 0.491396
vn -0.998825 0.030834 0.037378
vn -0.998956 0.017341 0.042275
vn -0.998956 0.017341 0.042275
vn -0.998825 0.030834 0.037378
vn -0.629879 -0.618133 -0.470281
vn -0.605943 -0.480226 -0.634205
vn -0.605943 -0.480226 -0.634205
vn -0.629879 -0.618133 -0.470281
vn 0.000000 -0.789385 -0.613899
vn 0.000000 -0.596037 -0.802957
vn 0.000000 -0.596037 -0.802957
vn 0.000000 -0.789385 -0.613899
vn 0.629879 -0.618133 -0.470281
vn 0.605943 -0.480226 -0.634205
vn 0.605943 -0.480226 -0.634205
vn 0.629879 -0.618133 -0.470281
vn 0.998825 0.030834 0.037378
vn 0.998956 0.017341 0.042275
vn 0.998956 0.017341 0.042275
vn 0.998825 0.030834 0.037378
vn 0.589310 0.641283 0.491396
vn 0.571886 0.493775 0.655082
vn 0.571886 0.493775 0.655082
vn 0.589310 0.641283 0.491396
vn 0.000000 0.801838 0.597541
vn 0.000000 0.611457 0.791278
vn 0.000000 0.801838 0.597541
vn 0.000000 0.945304 0.326190
vn -0.603530 0.751216 0.267255
vn -0.589310 0.641283 0.491396
vn -0.589310 0.641283 0.491396
vn -0.603530 0.751216 0.267255
vn -0.998788 0.043644 0.022737
vn -0.998825 0.030834 0.037378
vn -0.998825 0.030834 0.037378
vn -0.998788 0.043644 0.022737
vn -0.650314 -0.716471 -0.252509
vn -0.629879 -0.618133 -0.470281
vn -0.629879 -0.618133 -0.470281
vn -0.650314 -0.716471 -0.252509
vn 0.000000 -0.940630 -0.339434
vn 0.000000 -0.789385 -0.613899
vn 0.000000 -0.789385 -0.613899
vn 0.000000 -0.940630 -0.339434
vn 0.650314 -0.716471 -0.252509
vn 0.629879 -0.618133 -0.470281
vn 0.629879 -0.618133 -0.470281
vn 0.650314 -0.716471 -0.252509
vn 0.998788 0.043644 0.022737
vn 0.998825 0.030834 0.037378
vn 0.998825 0.030834 0.037378
vn 0.998788 0.043644 0.022737
vn 0.603536 0.751224 0.267221
vn 0.589310 0.641283 0.491396
vn 0.589310 0.641283 0.491396
vn 0.603536 0.751224 0.267221
vn 0.000000 0.945304 0.326190
vn 0.000000 0.801838 0.597541
vn 0.000000 0.945304 0.326190
vn 0.000000 1.000000 0.000000
vn -0.609100 0.793093 0.000000
vn -0.603530 0.751216 0.267255
vn -0.603530 0.751216 0.267255
vn -0.609100 0.793093 0.000000
vn -0.998792 0.049133 0.000000
vn -0.998788 0.043644 0.022737
vn -0.998788 0.043644 0.022737
vn -0.998792 0.049133 0.000000
vn -0.658529 -0.752556 0.000000
vn -0.650314 -0.716471 -0.252509
vn -0.650314 -0.716471 -0.252509
vn -0.658529 -0.752556 0.000000
vn 0.000000 -1.000000 0.000000
vn 0.000000 -0.940630 -0.339434
vn 0.000000 -0.940630 -0.339434
vn 0.000000 -1.000000 0.000000
vn 0.658529 -0.752556 0.000000
vn 0.650314 -0.716471 -0.252509
vn 0.650314 -0.716471 -0.252509
vn 0.658529 -0.752556 0.000000
vn 0.998792 0.049133 0.000000
vn 0.998788 0.043644 0.022737
vn 0.998788 0.043644 0.022737
vn 0.998792 0.049133 0.000000
vn 0.609100 0.793093 0.000000
vn 0.603536 0.751224 0.267221
vn 0.603536 0.751224 0.267221
vn 0.609100 0.793093 0.000000
vn 0.000000 1.000000 0.000000
vn 0.000000 0.945304 0.326190
vn 0.000000 1.000000 0.000000
vn 0.000000 0.945304 -0.326190
vn -0.603530 0.751216 -0.267255
vn -0.609100 0.793093 0.000000
vn -0.609100 0.793093 0.000000
vn -0.603530 0.751216 -0.267255
vn -0.998788 0.043644 -0.022737
vn -0.998792 0.049133 0.000000
vn -0.998792 0.049133 0.000000
vn -0.998788 0.043644 -0.022737
vn -0.650314 -0.716471 0.252509
vn -0.658529 -0.752556 0.000000
vn -0.658529 -0.752556 0.000000
vn -0.650314 -0.716471 0.252509
vn 0.000000 -0.940630 0.339434
vn 0.000000 -1.000000 0.000000
vn 0.000000 -1.000000 0.000000
vn 0.000000 -0.940630 0.339434
vn 0.650314 -0.716471 0.252509
vn 0.658529 -0.752556 0.000000
vn 0.658529 -0.752556 0.000000
vn 0.650314 -0.716471 0.252509
vn 0.998788 0.043644 -0.022737
vn 0.998792 0.049133 0.000000
vn 0.998792 0.049133 0.000000
vn 0.998788 0.043644 -0.022737
vn 0.603530 0.751216 -0.267255
vn 0.609100 0.793093 0.000000
vn 0.609100 0.793093 0.000000
vn 0.603530 0.751216 -0.267255
vn 0.000000 0.945304 -0.326190
vn 0.000000 1.000000 0.000000
vn 0.000000 0.945304 -0.326190
vn 0.000000 0.801838 -0.597541
vn -0.589300 0.641271 -0.491424
vn -0.603530 0.751216 -0.267255
vn -0.603530 0.751216 -0.267255
vn -0.589300 0.641271 -0.491424
vn -0.998825 0.030834 -0.037378
vn -0.998788 0.043644 -0.022737
vn -0.998788 0.043644 -0.022737
vn -0.998825 0.030834 -0.037378
vn -0.629879 -0.618133 0.470281
vn -0.650314 -0.716471 0.252509
vn -0.650314 -0.716471 0.252509
vn -0.629879 -0.618133 0.470281
vn 0.000000 -0.789385 0.613899
vn 0.000000 -0.940630 0.339434
vn 0.000000 -0.940630 0.339434
vn 0.000000 -0.789385 0.613899
vn 0.629879 -0.618133 0.470281
vn 0.650314 -0.716471 0.252509
vn 0.650314 -0.716471 0.252509
vn 0.629879 -0.618133 0.470281
vn 0.998825 0.030834 -0.037378
vn 0.998788 0.043644 -0.022737
vn 0.998788 0.043644 -0.022737
vn 0.998825 0.030834 -0.037378
vn 0.589310 0.641283 -0.491396
vn 0.603530 0.751216 -0.267255
vn 0.603530 0.751216 -0.267255
vn 0.589310 0.641283 -0.491396
vn 0.000000 0.801838 -0.597541
vn 0.000000 0.945304 -0.326190
vn 0.000000 0.801838 -0.597541
vn 0.000000 0.611457 -0.791278
vn -0.571886 0.493775 -0.655082
vn -0.589300 0.641271 -0.491424
vn -0.589300 0.641271 -0.491424
vn -0.571886 0.493775 -0.655082
vn -0.998956 0.017341 -0.042275
vn -0.998825 0.030834 -0.037378
vn -0.998825 0.030834 -0.037378
vn -0.998956 0.017341 -0.042275
vn -0.605943 -0.480226 0.634205
vn -0.629879 -0.618133 0.470281
vn -0.629879 -0.618133 0.470281
vn -0.605943 -0.480226 0.634205
vn 0.000000 -0.596037 0.802957
vn 0.000000 -0.789385 0.613899
vn 0.000000 -0.789385 0.613899
vn 0.000000 -0.596037 0.802957
vn 0.605943 -0.480226 0.634205
vn 0.629879 -0.618133 0.470281
vn 0.629879 -0.618133 0.470281
vn 0.605943 -0.480226 0.634205
vn 0.998956 0.017341 -0.042275
vn 0.998825 0.030834 -0.037378
vn 0.998825 0.030834 -0.037378
vn 0.998956 0.017341 -0.042275
vn 0.571886 0.493775 -0.655082
vn 0.589310 0.641283 -0.491396
vn 0.589310 0.641283 -0.491396
vn 0.571886 0.493775 -0.655082
vn 0.000000 0.611457 -0.791278
vn 0.000000 0.801838 -0.597541
vn 0.000000 0.611457 -0.791278
vn 0.000000 0.406761 -0.913534
vn -0.556250 0.331758 -0.761920
vn -0.571886 0.493775 -0.655082
vn -0.571886 0.493775 -0.655082
vn -0.556250 0.331758 -0.761920
vn -0.999139 0.007459 -0.040816
vn -0.998956 0.017341 -0.042275
vn -0.998956 0.017341 -0.042275
vn -0.999139 0.007459 -0.040816
vn -0.585599 -0.324183 0.742953
vn -0.605943 -0.480226 0.634205
vn -0.605943 -0.480226 0.634205
vn -0.585599 -0.324183 0.742953
vn 0.000000 -0.393912 0.919148
vn 0.000000 -0.596037 0.802957
vn 0.000000 -0.596037 0.802957
vn 0.000000 -0.393912 0.919148
vn 0.585599 -0.324183 0.742953
vn 0.605943 -0.480226 0.634205
vn 0.605943 -0.480226 0.634205
vn 0.585599 -0.324183 0.742953
vn 0.999139 0.007459 -0.040816
vn 0.998956 0.017341 -0.042275
vn 0.998956 0.017341 -0.042275
vn 0.999139 0.007459 -0.040816
vn 0.556250 0.331758 -0.761920
vn 0.571886 0.493775 -0.655082
vn 0.571886 0.493775 -0.655082
vn 0.556250 0.331758 -0.761920
vn 0.000000 0.406761 -0.913534
vn 0.000000 0.611457 -0.791278
vn 0.000000 0.406761 -0.913534
vn 0.000000 0.165077 -0.986281
vn -0.540823 0.132709 -0.830601
vn -0.556250 0.331758 -0.761920
vn -0.556250 0.331758 -0.761920
vn -0.540823 0.132709 -0.830601
vn -0.998571 -0.000914 -0.053427
vn -0.999139 0.007459 -0.040816
vn -0.999139 0.007459 -0.040816
vn -0.998571 -0.000914 -0.053427
vn -0.578557 -0.126854 0.805717
vn -0.585599 -0.324183 0.742953
vn -0.585599 -0.324183 0.742953
vn -0.578557 -0.126854 0.805717
vn 0.000000 -0.149453 0.988769
vn 0.000000 -0.393912 0.919148
vn 0.000000 -0.393912 0.919148
vn 0.000000 -0.149453 0.988769
vn 0.578557 -0.126854 0.805717
vn 0.585599 -0.324183 0.742953
vn 0.585599 -0.324183 0.742953
vn 0.578557 -0.126854 0.805717
vn 0.998571 -0.000914 -0.053427
vn 0.999139 0.007459 -0.040816
vn 0.999139 0.007459 -0.040816
vn 0.998571 -0.000914 -0.053427
vn 0.540823 0.132709 -0.830601
vn 0.556250 0.331758 -0.761920
vn 0.556250 0.331758 -0.761920
vn 0.540823 0.132709 -0.830601
vn 0.000000 0.165077 -0.986281
vn 0.000000 0.406761 -0.913534
vn 0.000000 0.165077 -0.986281
vn 0.000000 -0.039828 -0.999207
vn -0.545009 -0.033987 -0.837741
vn -0.540823 0.132709 -0.830601
vn -0.540823 0.132709 -0.830601
vn -0.545009 -0.033987 -0.837741
vn -0.999785 -0.001374 -0.020689
vn -0.998571 -0.000914 -0.053427
vn -0.998571 -0.000914 -0.053427
vn -0.999785 -0.001374 -0.020689
vn -0.559889 0.035466 0.827808
vn -0.578557 -0.126854 0.805717
vn -0.578557 -0.126854 0.805717
vn -0.559889 0.035466 0.827808
vn 0.000000 0.043704 0.999045
vn 0.000000 -0.149453 0.988769
vn 0.000000 -0.149453 0.988769
vn 0.000000 0.043704 0.999045
vn 0.559889 0.035466 0.827808
vn 0.578557 -0.126854 0.805717
vn 0.578557 -0.126854 0.805717
vn 0.559889 0.035466 0.827808
vn 0.999784 -0.001374 -0.020736
vn 0.998571 -0.000914 -0.053427
vn 0.998571 -0.000914 -0.053427
vn 0.999784 -0.001374 -0.020736
vn 0.544992 -0.033987 -0.837752
vn 0.540823 0.132709 -0.830601
vn 0.540823 0.132709 -0.830601
vn 0.544992 -0.033987 -0.837752
vn 0.000000 -0.039828 -0.999207
vn 0.000000 0.165077 -0.986281
vn 0.000000 -0.039828 -0.999207
vn 0.000000 -0.202128 -0.979359
vn -0.545711 -0.166065 -0.821354
vn -0.545009 -0.033987 -0.837741
vn -0.545009 -0.033987 -0.837741
vn -0.545711 -0.166065 -0.821354
vn -0.999293 -0.002197 -0.037524
vn -0.999785 -0.001374 -0.020689
vn -0.999785 -0.001374 -0.020689
vn -0.999293 -0.002197 -0.037524
vn -0.572534 0.162520 0.803612
vn -0.559889 0.035466 0.827808
vn -0.559889 0.035466 0.827808
vn -0.572534 0.162520 0.803612
vn 0.000000 0.195077 0.980788
vn 0.000000 0.043704 0.999045
vn 0.000000 0.043704 0.999045
vn 0.000000 0.195077 0.980788
vn 0.572534 0.162520 0.803612
vn 0.559889 0.035466 0.827808
vn 0.559889 0.035466 0.827808
vn 0.572534 0.162520 0.803612
vn 0.999293 -0.002197 -0.037524
vn 0.999784 -0.001374 -0.020736
vn 0.999784 -0.001374 -0.020736
vn 0.999293 -0.002197 -0.037524
vn 0.545711 -0.166065 -0.821354
vn 0.544992 -0.033987 -0.837752
vn 0.544992 -0.033987 -0.837752
vn 0.545711 -0.166065 -0.821354
vn 0.000000 -0.202128 -0.979359
vn 0.000000 -0.039828 -0.999207
vn 0.000000 -0.202128 -0.979359
vn 0.000000 -0.406761 -0.913534
vn -0.556250 -0.331758 -0.761920
vn -0.545711 -0.166065 -0.821354
vn -0.545711 -0.166065 -0.821354
vn -0.556250 -0.331758 -0.761920
vn -0.999139 -0.007459 -0.040816
vn -0.999293 -0.002197 -0.037524
vn -0.999293 -0.002197 -0.037524
vn -0.999139 -0.007459 -0.040816
vn -0.585599 0.324183 0.742953
vn -0.572534 0.162520 0.803612
vn -0.572534 0.162520 0.803612
vn -0.585599 0.324183 0.742953
vn 0.000000 0.393912 0.919148
vn 0.000000 0.195077 0.980788
vn 0.000000 0.195077 0.980788
vn 0.000000 0.393912 0.919148
vn 0.585599 0.324183 0.742953
vn 0.572534 0.162520 0.803612
vn 0.572534 0.162520 0.803612
vn 0.585599 0.324183 0.742953
vn 0.999139 -0.007459 -0.040816
vn 0.999293 -0.002197 -0.037524
vn 0.999293 -0.002197 -0.037524
vn 0.999139 -0.007459 -0.040816
vn 0.556250 -0.331758 -0.761920
vn 0.545711 -0.166065 -0.821354
vn 0.545711 -0.166065 -0.821354
vn 0.556250 -0.331758 -0.761920
vn 0.000000 -0.406761 -0.913534
vn 0.000000 -0.202128 -0.979359
vn 0.000000 -0.406761 -0.913534
vn 0.000000 -0.611457 -0.791278
vn -0.571886 -0.493775 -0.655082
vn -0.556250 -0.331758 -0.761920
vn -0.556250 -0.331758 -0.761920
vn -0.571886 -0.493775 -0.655082
vn -0.998956 -0.017341 -0.042275
vn -0.999139 -0.007459 -0.040816
vn -0.999139 -0.007459 -0.040816
vn -0.998956 -0.017341 -0.042275
vn -0.605943 0.480226 0.634205
vn -0.585599 0.324183 0.742953
vn -0.585599 0.324183 0.742953
vn -0.605943 0.480226 0.634205
vn 0.000000 0.596037 0.802957
vn 0.000000 0.393912 0.919148
vn 0.000000 0.393912 0.919148
vn 0.000000 0.596037 0.802957
vn 0.605943 0.480226 0.634205
vn 0.585599 0.324183 0.742953
vn 0.585599 0.324183 0.742953
vn 0.605943 0.480226 0.634205
vn 0.998956 -0.017341 -0.042275
vn 0.999139 -0.007459 -0.040816
vn 0.999139 -0.007459 -0.040816
vn 0.998956 -0.017341 -0.042275
vn 0.571886 -0.493775 -0.655082
vn 0.556250 -0.331758 -0.761920
vn 0.556250 -0.331758 -0.761920
vn 0.571886 -0.493775 -0.655082
vn 0.000000 -0.611457 -0.791278
vn 0.000000 -0.406761 -0.913534
vn 0.000000 -0.611457 -0.791278
vn 0.000000 -0.801838 -0.597541
vn -0.589310 -0.641283 -0.491396
vn -0.571886 -0.493775 -0.655082
vn -0.571886 -0.493775 -0.655082
vn -0.589310 -0.641283 -0.491396
vn -0.998825 -0.030834 -0.037378
vn -0.998956 -0.017341 -0.042275
vn -0.998956 -0.017341 -0.042275
vn -0.998825 -0.030834 -0.037378
vn -0.629879 0.618133 0.470281
vn -0.605943 0.480226 0.634205
vn -0.605943 0.480226 0.634205
vn -0.629879 0.618133 0.470281
vn 0.000000 0.789385 0.613899
vn 0.000000 0.596037 0.802957
vn 0.000000 0.596037 0.802957
vn 0.000000 0.789385 0.613899
vn 0.629893 0.618110 0.470292
vn 0.605943 0.480226 0.634205
vn 0.605943 0.480226 0.634205
vn 0.629893 0.618110 0.470292
vn 0.998825 -0.030834 -0.037378
vn 0.998956 -0.017341 -0.042275
vn 0.998956 -0.017341 -0.042275
vn 0.998825 -0.030834 -0.037378
vn 0.589310 -0.641283 -0.491396
vn 0.571886 -0.493775 -0.655082
vn 0.571886 -0.493775 -0.655082
vn 0.589310 -0.641283 -0.491396
vn 0.000000 -0.801838 -0.597541
vn 0.000000 -0.611457 -0.791278
vn 0.000000 -0.801838 -0.597541
vn 0.000000 -0.945314 -0.326163
vn -0.603536 -0.751224 -0.267221
vn -0.589310 -0.641283 -0.491396
vn -0.589310 -0.641283 -0.491396
vn -0.603536 -0.751224 -0.267221
vn -0.998788 -0.043644 -0.022737
vn -0.998825 -0.030834 -0.037378
vn -0.998825 -0.030834 -0.037378
vn -0.998788 -0.043644 -0.022737
vn -0.650314 0.716471 0.252509
vn -0.629879 0.618133 0.470281
vn -0.629879 0.618133 0.470281
vn -0.650314 0.716471 0.252509
vn 0.000000 0.940630 0.339434
vn 0.000000 0.789385 0.613899
vn 0.000000 0.789385 0.613899
vn 0.000000 0.940630 0.339434
vn 0.650314 0.716471 0.252509
vn 0.629893 0.618110 0.470292
vn 0.629893 0.618110 0.470292
vn 0.650314 0.716471 0.252509
vn 0.998788 -0.043644 -0.022737
vn 0.998825 -0.030834 -0.037378
vn 0.998825 -0.030834 -0.037378
vn 0.998788 -0.043644 -0.022737
vn 0.603530 -0.751216 -0.267255
vn 0.589310 -0.641283 -0.491396
vn 0.589310 -0.641283 -0.491396
vn 0.603530 -0.751216 -0.267255
vn 0.000000 -0.945314 -0.326163
vn 0.000000 -0.801838 -0.597541
vn 0.000000 -0.945314 -0.326163
vn 0.000000 -1.000000 0.000000
vn -0.609100 -0.793093 0.000000
vn -0.603536 -0.751224 -0.267221
vn -0.603536 -0.751224 -0.267221
vn -0.609100 -0.793093 0.000000
vn -0.998792 -0.049133 0.000000
vn -0.998788 -0.043644 -0.022737
vn -0.998788 -0.043644 -0.022737
vn -0.998792 -0.049133 0.000000
vn -0.658529 0.752556 0.000000
vn -0.650314 0.716471 0.252509
vn -0.650314 0.716471 0.252509
vn -0.658529 0.752556 0.000000
vn 0.000000 1.000000 0.000000
vn 0.000000 0.940630 0.339434
vn 0.000000 0.940630 0.339434
vn 0.000000 1.000000 0.000000
vn 0.658529 0.752556 0.000000
vn 0.650314 0.716471 0.252509
vn 0.650314 0.716471 0.252509
vn 0.658529 0.752556 0.000000
vn 0.998792 -0.049133 0.000000
vn 0.998788 -0.043644 -0.022737
vn 0.998788 -0.043644 -0.022737
vn 0.998792 -0.049133 0.000000
vn 0.609100 -0.793093 0.000000
vn 0.603530 -0.751216 -0.267255
vn 0.603530 -0.751216 -0.267255
vn 0.609100 -0.793093 0.000000
vn 0.000000 -1.000000 0.000000
vn 0.000000 -0.945314 -0.326163
vn 0.000000 -1.000000 0.000000
vn 0.000000 -0.945304 0.326190
vn -0.603530 -0.751216 0.267255
vn -0.609100 -0.793093 0.000000
vn -0.609100 -0.793093 0.000000
vn -0.603530 -0.751216 0.267255
vn -0.998788 -0.043644 0.022737
vn -0.998792 -0.049133 0.000000
vn -0.998792 -0.049133 0.000000
vn -0.998788 -0.043644 0.022737
vn -0.650314 0.716471 -0.252509
vn -0.658529 0.752556 0.000000
vn -0.658529 0.752556 0.000000
vn -0.650314 0.716471 -0.252509
vn 0.000000 0.940630 -0.339434
vn 0.000000 1.000000 0.000000
vn 0.000000 1.000000 0.000000
vn 0.000000 0.940630 -0.339434
vn 0.650314 0.716471 -0.252509
vn 0.658529 0.752556 0.000000
vn 0.658529 0.752556 0.000000
vn 0.650314 0.716471 -0.252509
vn 0.998788 -0.043644 0.022737
vn 0.998792 -0.049133 0.000000
vn 0.998792 -0.049133 0.000000
vn 0.998788 -0.043644 0.022737
vn 0.603530 -0.751216 0.267255
vn 0.609100 -0.793093 0.000000
vn 0.609100 -0.793093 0.000000
vn 0.603530 -0.751216 0.267255
vn 0.000000 -0.945304 0.326190
vn 0.000000 -1.000000 0.000000
vn 0.000000 -0.945304 0.326190
vn 0.000000 -0.801838 0.597541
vn -0.589300 -0.641271 0.491424
vn -0.603530 -0.751216 0.267255
vn -0.603530 -0.751216 0.267255
vn -0.589300 -0.641271 0.491424
vn -0.998825 -0.030834 0.037378
vn -0.998788 -0.043644 0.022737
vn -0.998788 -0.043644 0.022737
vn -0.998825 -0.030834 0.037378
vn -0.629863 0.618143 -0.470289
vn -0.650314 0.716471 -0.252509
vn -0.650314 0.716471 -0.252509
vn -0.629863 0.618143 -0.470289
vn 0.000000 0.789397 -0.613884
vn 0.000000 0.940630 -0.339434
vn 0.000000 0.940630 -0.339434
vn 0.000000 0.789397 -0.613884
vn 0.629879 0.618133 -0.470281
vn 0.650314 0.716471 -0.252509
vn 0.650314 0.716471 -0.252509
vn 0.629879 0.618133 -0.470281
vn 0.998825 -0.030834 0.037378
vn 0.998788 -0.043644 0.022737
vn 0.998788 -0.043644 0.022737
vn 0.998825 -0.030834 0.037378
vn 0.589300 -0.641271 0.491424
vn 0.603530 -0.751216 0.267255
vn 0.603530 -0.751216 0.267255
vn 0.589300 -0.641271 0.491424
vn 0.000000 -0.801838 0.597541
vn 0.000000 -0.945304 0.326190
vn 0.000000 -0.801838 0.597541
vn 0.000000 -0.611457 0.791278
vn -0.571886 -0.493775 0.655082
vn -0.589300 -0.641271 0.491424
vn -0.589300 -0.641271 0.491424
vn -0.571886 -0.493775 0.655082
vn -0.998956 -0.017341 0.042275
vn -0.998825 -0.030834 0.037378
vn -0.998825 -0.030834 0.037378
vn -0.998956 -0.017341 0.042275
vn -0.605943 0.480226 -0.634205
vn -0.629863 0.618143 -0.470289
vn -0.629863 0.618143 -0.470289
vn -0.605943 0.480226 -0.634205
vn 0.000000 0.596037 -0.802957
vn 0.000000 0.789397 -0.613884
vn 0.000000 0.789397 -0.613884
vn 0.000000 0.596037 -0.802957
vn 0.605943 0.480226 -0.634205
vn 0.629879 0.618133 -0.470281
vn 0.629879 0.618133 -0.470281
vn 0.605943 0.480226 -0.634205
vn 0.998956 -0.017341 0.042275
vn 0.998825 -0.030834 0.037378
vn 0.998825 -0.030834 0.037378
vn 0.998956 -0.017341 0.042275
vn 0.571886 -0.493775 0.655082
vn 0.589300 -0.641271 0.491424
vn 0.589300 -0.641271 0.491424
vn 0.571886 -0.493775 0.655082
vn 0.000000 -0.611457 0.791278
vn 0.000000 -0.801838 0.597541
vn 0.000000 -0.611457 0.791278
vn 0.000000 -0.406761 0.913534
vn -0.556250 -0.331758 0.761920
vn -0.571886 -0.493775 0.655082
vn -0.571886 -0.493775 0.655082
vn -0.556250 -0.331758 0.761920
vn -0.999139 -0.007459 0.040816
vn -0.998956 -0.017341 0.042275
vn -0.998956 -0.017341 0.042275
vn -0.999139 -0.007459 0.040816
vn -0.585599 0.324183 -0.742953
vn -0.605943 0.480226 -0.634205
vn -0.605943 0.480226 -0.634205
vn -0.585599 0.324183 -0.742953
vn 0.000000 0.393912 -0.919148
vn 0.000000 0.596037 -0.802957
vn 0.000000 0.596037 -0.802957
vn 0.000000 0.393912 -0.919148
vn 0.585599 0.324183 -0.742953
vn 0.605943 0.480226 -0.634205
vn 0.605943 0.480226 -0.634205
vn 0.585599 0.324183 -0.742953
vn 0.999139 -0.007459 0.040816
vn 0.998956 -0.017341 0.042275
vn 0.998956 -0.017341 0.042275
vn 0.999139 -0.007459 0.040816
vn 0.556243 -0.331791 0.761911
vn 0.571886 -0.493775 0.655082
vn 0.571886 -0.493775 0.655082
vn 0.556243 -0.331791 0.761911
vn 0.000000 -0.406761 0.913534
vn 0.000000 -0.611457 0.791278
vn 0.000000 -0.406761 0.913534
vn 0.000000 -0.202128 0.979359
vn -0.545711 -0.166065 0.821354
vn -0.556250 -0.331758 0.761920
vn -0.556250 -0.331758 0.761920
vn -0.545711 -0.166065 0.821354
vn -0.999293 -0.002197 0.037524
vn -0.999139 -0.007459 0.040816
vn -0.999139 -0.007459 0.040816
vn -0.999293 -0.002197 0.037524
vn -0.572534 0.162520 -0.803612
vn -0.585599 0.324183 -0.742953
vn -0.585599 0.324183 -0.742953
vn -0.572534 0.162520 -0.803612
vn 0.000000 0.195077 -0.980788
vn 0.000000 0.393912 -0.919148
vn 0.000000 0.393912 -0.919148
vn 0.000000 0.195077 -0.980788
vn 0.572534 0.162520 -0.803612
vn 0.585599 0.324183 -0.742953
vn 0.585599 0.324183 -0.742953
vn 0.572534 0.162520 -0.803612
vn 0.999293 -0.002197 0.037524
vn 0.999139 -0.007459 0.040816
vn 0.999139 -0.007459 0.040816
vn 0.999293 -0.002197 0.037524
vn 0.545711 -0.166065 0.821354
vn 0.556243 -0.331791 0.761911
vn 0.556243 -0.331791 0.761911
vn 0.545711 -0.166065 0.821354
vn 0.000000 -0.202128 0.979359
vn 0.000000 -0.406761 0.913534
vn 0.000000 -0.202128 0.979359
vn 0.000000 -0.039828 0.999207
vn -0.544992 -0.033987 0.837752
vn -0.545711 -0.166065 0.821354
vn -0.545711 -0.166065 0.821354
vn -0.544992 -0.033987 0.837752
vn -0.999784 -0.001374 0.020736
vn -0.999293 -0.002197 0.037524
vn -0.999293 -0.002197 0.037524
vn -0.999784 -0.001374 0.020736
vn -0.559889 0.035466 -0.827808
vn -0.572534 0.162520 -0.803612
vn -0.572534 0.162520 -0.803612
vn -0.559889 0.035466 -0.827808
vn 0.000000 0.043704 -0.999045
vn 0.000000 0.195077 -0.980788
vn 0.000000 0.195077 -0.980788
vn 0.000000 0.043704 -0.999045
vn 0.559889 0.035466 -0.827808
vn 0.572534 0.162520 -0.803612
vn 0.572534 0.162520 -0.803612
vn 0.559889 0.035466 -0.827808
vn 0.999785 -0.001374 0.020689
vn 0.999293 -0.002197 0.037524
vn 0.999293 -0.002197 0.037524
vn 0.999785 -0.001374 0.020689
vn 0.545008 -0.034023 0.837740
vn 0.545711 -0.166065 0.821354
vn 0.545711 -0.166065 0.821354
vn 0.545008 -0.034023 0.837740
vn 0.000000 -0.039828 0.999207
vn 0.000000 -0.202128 0.979359
vn -0.736137 -0.676833 0.000000
vn -0.736137 -0.676833 0.000000
vn -0.736137 -0.676833 0.000000
vn -0.736137 -0.676833 0.000000
vn 0.736139 -0.676830 0.000000
vn 0.736139 -0.676830 0.000000
vn 0.736139 -0.676830 0.000000
vn 0.736139 -0.676830 0.000000
vn 0.000000 0.000000 -1.000000
vn 0.000000 0.000000 -1.000000
vn 0.000000 0.000000 -1.000000
vn 0.000000 0.000000 -1.000000
vn -0.000001 0.000000 1.000000
vn -0.000001 0.000000 1.000000
vn -0.000001 0.000000 1.000000
vn -0.000001 0.000000 1.000000
vn 0.975871 0.218348 0.000000
vn 0.975871 0.218348 0.000000
vn 0.975871 0.218348 0.000000
vn 0.975871 0.218348 0.000000
vn -1.000000 0.000000 0.000000
vn -1.000000 0.000000 0.000000
vn -1.000000 0.000000 0.000000
vn -1.000000 0.000000 0.000000
vn 0.000000 0.000000 -1.000000
vn 0.000000 0.000000 -1.000000
vn 0.000000 0.000000 -1.000000
vn 0.000000 0.000000 -1.000000
vn 0.000000 0.000000 1.000000
vn 0.000000 0.000000 1.000000
vn 0.000000 0.000000 1.000000
vn 0.000000 0.000000 1.000000
vn 0.082597 0.996583 0.000000
vn 0.082597 0.996583 0.000000
vn 0.082597 0.996583 0.000000
vn 0.082597 0.996583 0.000000
vn -0.457107 -0.889412 0.000000
vn -0.457107 -0.889412 0.000000
vn -0.457107 -0.889412 0.000000
vn -0.457107 -0.889412 0.000000
vn -0.104923 -0.994480 0.000000
vn -0.104923 -0.994480 0.000000
vn -0.104923 -0.994480 0.000000
vn -0.104923 -0.994480 0.000000
vn 0.000000 0.000000 -1.000000
vn 0.000000 0.000000 -1.000000
vn 0.000000 0.000000 -1.000000
vn 0.000000 0.000000 -1.000000
vn 0.140519 0.990078 0.000000
vn 0.140519 0.990078 0.000000
vn 0.140519 0.990078 0.000000
vn 0.140519 0.990078 0.000000
vn 0.000000 0.000000 1.000000
vn 0.000000 0.000000 1.000000
vn 0.000000 0.000000 1.000000
vn 0.000000 0.000000 1.000000
vn 0.000000 0.000000 -1.000000
vn 0.000000 0.000000 -1.000000
vn 0.000000 0.000000 -1.000000
vn 0.000000 0.000000 -1.000000
vn 0.000001 0.000000 1.000000
vn 0.000001 0.000000 1.000000
vn 0.000001 0.000000 1.000000
vn 0.000001 0.000000 1.000000
vn -0.975871 0.218348 0.000000
vn -0.975871 0.218348 0.000000
vn -0.975871 0.218348 0.000000
vn -0.975871 0.218348 0.000000
vn 1.000000 0.000000 0.000000
vn 1.000000 0.000000 0.000000
vn 1.000000 0.000000 0.000000
vn 1.000000 0.000000 0.000000
vn 0.000000 0.000000 -1.000000
vn 0.000000 0.000000 -1.000000
vn 0.000000 0.000000 -1.000000
vn 0.000000 0.000000 -1.000000
vn 0.000000 0.000000 1.000000
vn 0.000000 0.000000 1.000000
vn 0.000000 0.000000 1.000000
vn 0.000000 0.000000 1.000000
vn -0.082597 0.996583 0.000000
vn -0.082597 0.996583 0.000000
vn -0.082597 0.996583 0.000000
vn -0.082597 0.996583 0.000000
vn 0.457106 -0.889412 0.000000
vn 0.457106 -0.889412 0.000000
vn 0.457106 -0.889412 0.000000
vn 0.457106 -0.889412 0.000000
vn 0.104923 -0.994480 0.000000
vn 0.104923 -0.994480 0.000000
vn 0.104923 -0.994480 0.000000
vn 0.104923 -0.994480 0.000000
vn 0.000000 0.000000 -1.000000
vn 0.000000 0.000000 -1.000000
vn 0.000000 0.000000 -1.000000
vn 0.000000 0.000000 -1.000000
vn -0.140519 0.990078 0.000000
vn -0.140519 0.990078 0.000000
vn -0.140519 0.990078 0.000000
vn -0.140519 0.990078 0.000000
vn 0.000000 0.000000 1.000000
vn 0.000000 0.000000 1.000000
vn 0.000000 0.000000 1.000000
vn 0.000000 0.000000 1.000000
vn 0.000000 0.000000 -1.000000
vn 0.000000 0.000000 -1.000000
vn 0.000000 0.000000 -1.000000
vn 0.000000 0.000000 -1.000000
vn 0.000000 0.000000 1.000000
vn 0.000000 0.000000 1.000000
vn 0.000000 0.000000 1.000000
vn 0.000000 0.000000 1.000000
vn -0.033812 -0.999428 0.000000
vn -0.033812 -0.999428 0.000000
vn -0.033812 -0.999428 0.000000
vn -0.033812 -0.999428 0.000000
vn 0.033812 0.999428 0.000000
vn 0.033812 0.999428 0.000000
vn 0.033812 0.999428 0.000000
vn 0.033812 0.999428 0.000000
vn 0.000000 0.000000 -1.000000
vn 0.000000 0.000000 -1.000000
vn 0.000000 0.000000 -1.000000
vn 0.000000 0.000000 -1.000000
vn 0.000000 0.000000 1.000000
vn 0.000000 0.000000 1.000000
vn 0.000000 0.000000 1.000000
vn 0.000000 0.000000 1.000000
vn 0.033812 -0.999428 0.000000
vn 0.033812 -0.999428 0.000000
vn 0.033812 -0.999428 0.000000
vn 0.033812 -0.999428 0.000000
vn -0.033812 0.999428 0.000000
vn -0.033812 0.999428 0.000000
vn -0.033812 0.999428 0.000000
vn -0.033812 0.999428 0.000000
vn 1.000000 0.000000 0.000000
vn 0.927869 0.372907 0.000000
vn 0.544592 0.218889 0.809634
vn 0.571468 0.000000 0.820624
vn 0.571468 0.000000 0.820624
vn 0.544592 0.218889 0.809634
vn 0.020514 0.008242 0.999756
vn 0.021227 0.000000 0.999775
vn 0.021227 0.000000 0.999775
vn 0.020514 0.008242 0.999756
vn -0.512425 -0.205939 0.833673
vn -0.536865 0.000000 0.843668
vn -0.536865 0.000000 0.843668
vn -0.512425 -0.205939 0.833673
vn -0.927869 -0.372907 0.000000
vn -1.000000 0.000000 0.000000
vn -1.000000 0.000000 0.000000
vn -0.927869 -0.372907 0.000000
vn -0.512425 -0.205939 -0.833673
vn -0.536865 0.000000 -0.843668
vn -0.536865 0.000000 -0.843668
vn -0.512425 -0.205939 -0.833673
vn 0.020514 0.008242 -0.999756
vn 0.021227 0.000000 -0.999775
vn 0.021227 0.000000 -0.999775
vn 0.020514 0.008242 -0.999756
vn 0.544592 0.218889 -0.809634
vn 0.571468 0.000000 -0.820624
vn 1.000000 0.000000 0.000000
vn 0.571468 0.000000 -0.820624
vn 0.544592 0.218889 -0.809634
vn 0.927869 0.372907 0.000000
vn 0.927869 0.372907 0.000000
vn 0.755938 0.654643 0.000000
vn 0.471438 0.408260 0.781710
vn 0.544592 0.218889 0.809634
vn 0.544592 0.218889 0.809634
vn 0.471438 0.408260 0.781710
vn 0.018397 0.015935 0.999704
vn 0.020514 0.008242 0.999756
vn 0.020514 0.008242 0.999756
vn 0.018397 0.015935 0.999704
vn -0.445317 -0.385654 0.808062
vn -0.512425 -0.205939 0.833673
vn -0.512425 -0.205939 0.833673
vn -0.445317 -0.385654 0.808062
vn -0.755938 -0.654643 0.000000
vn -0.927869 -0.372907 0.000000
vn -0.927869 -0.372907 0.000000
vn -0.755938 -0.654643 0.000000
vn -0.445317 -0.385654 -0.808062
vn -0.512425 -0.205939 -0.833673
vn -0.512425 -0.205939 -0.833673
vn -0.445317 -0.385654 -0.808062
vn 0.018397 0.015935 -0.999704
vn 0.020514 0.008242 -0.999756
vn 0.020514 0.008242 -0.999756
vn 0.018397 0.015935 -0.999704
vn 0.471438 0.408260 -0.781710
vn 0.544592 0.218889 -0.809634
vn 0.544592 0.218889 -0.809634
vn 0.471438 0.408260 -0.781710
vn 0.755938 0.654643 0.000000
vn 0.927869 0.372907 0.000000
vn 0.755938 0.654643 0.000000
vn 0.554700 0.832050 0.000000
vn 0.368245 0.552367 0.747854
vn 0.471438 0.408260 0.781710
vn 0.471438 0.408260 0.781710
vn 0.368245 0.552367 0.747854
vn 0.015018 0.022526 0.999634
vn 0.018397 0.015935 0.999704
vn 0.018397 0.015935 0.999704
vn 0.015018 0.022526 0.999634
vn -0.349441 -0.524161 0.776625
vn -0.445317 -0.385654 0.808062
vn -0.445317 -0.385654 0.808062
vn -0.349441 -0.524161 0.776625
vn -0.554700 -0.832050 0.000000
vn -0.755938 -0.654643 0.000000
vn -0.755938 -0.654643 0.000000
vn -0.554700 -0.832050 0.000000
vn -0.349441 -0.524161 -0.776625
vn -0.445317 -0.385654 -0.808062
vn -0.445317 -0.385654 -0.808062
vn -0.349441 -0.524161 -0.776625
vn 0.015018 0.022526 -0.999634
vn 0.018397 0.015935 -0.999704
vn 0.018397 0.015935 -0.999704
vn 0.015018 0.022526 -0.999634
vn 0.368245 0.552367 -0.747854
vn 0.471438 0.408260 -0.781710
vn 0.471438 0.408260 -0.781710
vn 0.368245 0.552367 -0.747854
vn 0.554700 0.832050 0.000000
vn 0.755938 0.654643 0.000000
vn 0.554700 0.832050 0.000000
vn 0.359202 0.933260 0.000000
vn 0.250003 0.649556 0.718036
vn 0.368245 0.552367 0.747854
vn 0.368245 0.552367 0.747854
vn 0.250003 0.649556 0.718036
vn 0.010622 0.027591 0.999563
vn 0.015018 0.022526 0.999634
vn 0.015018 0.022526 0.999634
vn 0.010622 0.027591 0.999563
vn -0.238156 -0.618802 0.748576
vn -0.349441 -0.524161 0.776625
vn -0.349441 -0.524161 0.776625
vn -0.238156 -0.618802 0.748576
vn -0.359202 -0.933260 0.000000
vn -0.554700 -0.832050 0.000000
vn -0.554700 -0.832050 0.000000
vn -0.359202 -0.933260 0.000000
vn -0.238175 -0.618799 -0.748572
vn -0.349441 -0.524161 -0.776625
vn -0.349441 -0.524161 -0.776625
vn -0.238175 -0.618799 -0.748572
vn 0.010622 0.027591 -0.999563
vn 0.015018 0.022526 -0.999634
vn 0.015018 0.022526 -0.999634
vn 0.010622 0.027591 -0.999563
vn 0.250003 0.649556 -0.718036
vn 0.368245 0.552367 -0.747854
vn 0.368245 0.552367 -0.747854
vn 0.250003 0.649556 -0.718036
vn 0.359202 0.933260 0.000000
vn 0.554700 0.832050 0.000000
vn 0.359202 0.933260 0.000000
vn 0.175837 0.984419 0.000000
vn 0.125868 0.704604 0.698348
vn 0.250003 0.649556 0.718036
vn 0.250003 0.649556 0.718036
vn 0.125868 0.704604 0.698348
vn 0.005494 0.030764 0.999512
vn 0.010622 0.027591 0.999563
vn 0.010622 0.027591 0.999563
vn 0.005494 0.030764 0.999512
vn -0.120198 -0.672934 0.729872
vn -0.238156 -0.618802 0.748576
vn -0.238156 -0.618802 0.748576
vn -0.120198 -0.672934 0.729872
vn -0.175837 -0.984419 0.000000
vn -0.359202 -0.933260 0.000000
vn -0.359202 -0.933260 0.000000
vn -0.175837 -0.984419 0.000000
vn -0.120198 -0.672934 -0.729872
vn -0.238175 -0.618799 -0.748572
vn -0.238175 -0.618799 -0.748572
vn -0.120198 -0.672934 -0.729872
vn 0.005494 0.030764 -0.999512
vn 0.010622 0.027591 -0.999563
vn 0.010622 0.027591 -0.999563
vn 0.005494 0.030764 -0.999512
vn 0.125868 0.704604 -0.698348
vn 0.250003 0.649556 -0.718036
vn 0.250003 0.649556 -0.718036
vn 0.125868 0.704604 -0.698348
vn 0.175837 0.984419 0.000000
vn 0.359202 0.933260 0.000000
vn 0.175837 0.984419 0.000000
vn 0.000000 1.000000 0.000000
vn 0.000000 0.722351 0.691527
vn 0.125868 0.704604 0.698348
vn 0.125868 0.704604 0.698348
vn 0.000000 0.722351 0.691527
vn 0.000000 0.031861 0.999492
vn 0.005494 0.030764 0.999512
vn 0.005494 0.030764 0.999512
vn 0.000000 0.031861 0.999492
vn 0.000000 -0.690466 0.723365
vn -0.120198 -0.672934 0.729872
vn -0.120198 -0.672934 0.729872
vn 0.000000 -0.690466 0.723365
vn 0.000000 -1.000000 0.000000
vn -0.175837 -0.984419 0.000000
vn -0.175837 -0.984419 0.000000
vn 0.000000 -1.000000 0.000000
vn 0.000000 -0.690466 -0.723365
vn -0.120198 -0.672934 -0.729872
vn -0.120198 -0.672934 -0.729872
vn 0.000000 -0.690466 -0.723365
vn 0.000000 0.031831 -0.999493
vn 0.005494 0.030764 -0.999512
vn 0.005494 0.030764 -0.999512
vn 0.000000 0.031831 -0.999493
vn 0.000000 0.722351 -0.691527
vn 0.125868 0.704604 -0.698348
vn 0.125868 0.704604 -0.698348
vn 0.000000 0.722351 -0.691527
vn 0.000000 1.000000 0.000000
vn 0.175837 0.984419 0.000000
vn 0.000000 1.000000 0.000000
vn -0.175837 0.984419 0.000000
vn -0.125848 0.704606 0.698350
vn 0.000000 0.722351 0.691527
vn 0.000000 0.722351 0.691527
vn -0.125848 0.704606 0.698350
vn -0.005494 0.030764 0.999512
vn 0.000000 0.031861 0.999492
vn 0.000000 0.031861 0.999492
vn -0.005494 0.030764 0.999512
vn 0.120198 -0.672934 0.729872
vn 0.000000 -0.690466 0.723365
vn 0.000000 -0.690466 0.723365
vn 0.120198 -0.672934 0.729872
vn 0.175837 -0.984419 0.000000
vn 0.000000 -1.000000 0.000000
vn 0.000000 -1.000000 0.000000
vn 0.175837 -0.984419 0.000000
vn 0.120198 -0.672934 -0.729872
vn 0.000000 -0.690466 -0.723365
vn 0.000000 -0.690466 -0.723365
vn 0.120198 -0.672934 -0.729872
vn -0.005494 0.030764 -0.999512
vn 0.000000 0.031831 -0.999493
vn 0.000000 0.031831 -0.999493
vn -0.005494 0.030764 -0.999512
vn -0.125848 0.704606 -0.698350
vn 0.000000 0.722351 -0.691527
vn 0.000000 0.722351 -0.691527
vn -0.125848 0.704606 -0.698350
vn -0.175837 0.984419 0.000000
vn 0.000000 1.000000 0.000000
vn -0.175837 0.984419 0.000000
vn -0.359202 0.933260 0.000000
vn -0.250003 0.649556 0.718036
vn -0.125848 0.704606 0.698350
vn -0.125848 0.704606 0.698350
vn -0.250003 0.649556 0.718036
vn -0.010622 0.027591 0.999563
vn -0.005494 0.030764 0.999512
vn -0.005494 0.030764 0.999512
vn -0.010622 0.027591 0.999563
vn 0.238175 -0.618799 0.748572
vn 0.120198 -0.672934 0.729872
vn 0.120198 -0.672934 0.729872
vn 0.238175 -0.618799 0.748572
vn 0.359202 -0.933260 0.000000
vn 0.175837 -0.984419 0.000000
vn 0.175837 -0.984419 0.000000
vn 0.359202 -0.933260 0.000000
vn 0.238180 -0.618780 -0.748587
vn 0.120198 -0.672934 -0.729872
vn 0.120198 -0.672934 -0.729872
vn 0.238180 -0.618780 -0.748587
vn -0.010622 0.027591 -0.999563
vn -0.005494 0.030764 -0.999512
vn -0.005494 0.030764 -0.999512
vn -0.010622 0.027591 -0.999563
vn -0.250003 0.649556 -0.718036
vn -0.125848 0.704606 -0.698350
vn -0.125848 0.704606 -0.698350
vn -0.250003 0.649556 -0.718036
vn -0.359202 0.933260 0.000000
vn -0.175837 0.984419 0.000000
vn -0.359202 0.933260 0.000000
vn -0.554700 0.832050 0.000000
vn -0.368245 0.552367 0.747854
vn -0.250003 0.649556 0.718036
vn -0.250003 0.649556 0.718036
vn -0.368245 0.552367 0.747854
vn -0.015018 0.022526 0.999634
vn -0.010622 0.027591 0.999563
vn -0.010622 0.027591 0.999563
vn -0.015018 0.022526 0.999634
vn 0.349441 -0.524161 0.776625
vn 0.238175 -0.618799 0.748572
vn 0.238175 -0.618799 0.748572
vn 0.349441 -0.524161 0.776625
vn 0.554700 -0.832050 0.000000
vn 0.359202 -0.933260 0.000000
vn 0.359202 -0.933260 0.000000
vn 0.554700 -0.832050 0.000000
vn 0.349441 -0.524161 -0.776625
vn 0.238180 -0.618780 -0.748587
vn 0.238180 -0.618780 -0.748587
vn 0.349441 -0.524161 -0.776625
vn -0.015018 0.022526 -0.999634
vn -0.010622 0.027591 -0.999563
vn -0.010622 0.027591 -0.999563
vn -0.015018 0.022526 -0.999634
vn -0.368245 0.552367 -0.747854
vn -0.250003 0.649556 -0.718036
vn -0.250003 0.649556 -0.718036
vn -0.368245 0.552367 -0.747854
vn -0.554700 0.832050 0.000000
vn -0.359202 0.933260 0.000000
vn -0.554700 0.832050 0.000000
vn -0.755938 0.654643 0.000000
vn -0.471420 0.408264 0.781718
vn -0.368245 0.552367 0.747854
vn -0.368245 0.552367 0.747854
vn -0.471420 0.408264 0.781718
vn -0.018397 0.015935 0.999704
vn -0.015018 0.022526 0.999634
vn -0.015018 0.022526 0.999634
vn -0.018397 0.015935 0.999704
vn 0.445317 -0.385654 0.808062
vn 0.349441 -0.524161 0.776625
vn 0.349441 -0.524161 0.776625
vn 0.445317 -0.385654 0.808062
vn 0.755938 -0.654643 0.000000
vn 0.554700 -0.832050 0.000000
vn 0.554700 -0.832050 0.000000
vn 0.755938 -0.654643 0.000000
vn 0.445317 -0.385654 -0.808062
vn 0.349441 -0.524161 -0.776625
vn 0.349441 -0.524161 -0.776625
vn 0.445317 -0.385654 -0.808062
vn -0.018397 0.015935 -0.999704
vn -0.015018 0.022526 -0.999634
vn -0.015018 0.022526 -0.999634
vn -0.018397 0.015935 -0.999704
vn -0.471438 0.408260 -0.781710
vn -0.368245 0.552367 -0.747854
vn -0.368245 0.552367 -0.747854
vn -0.471438 0.408260 -0.781710
vn -0.755938 0.654643 0.000000
vn -0.554700 0.832050 0.000000
vn -0.755938 0.654643 0.000000
vn -0.927869 0.372907 0.000000
vn -0.544592 0.218889 0.809634
vn -0.471420 0.408264 0.781718
vn -0.471420 0.408264 0.781718
vn -0.544592 0.218889 0.809634
vn -0.020514 0.008242 0.999756
vn -0.018397 0.015935 0.999704
vn -0.018397 0.015935 0.999704
vn -0.020514 0.008242 0.999756
vn 0.512425 -0.205939 0.833673
vn 0.445317 -0.385654 0.808062
vn 0.445317 -0.385654 0.808062
vn 0.512425 -0.205939 0.833673
vn 0.927869 -0.372907 0.000000
vn 0.755938 -0.654643 0.000000
vn 0.755938 -0.654643 0.000000
vn 0.927869 -0.372907 0.000000
vn 0.512425 -0.205939 -0.833673
vn 0.445317 -0.385654 -0.808062
vn 0.445317 -0.385654 -0.808062
vn 0.512425 -0.205939 -0.833673
vn -0.020514 0.008242 -0.999756
vn -0.018397 0.015935 -0.999704
vn -0.018397 0.015935 -0.999704
vn -0.020514 0.008242 -0.999756
vn -0.544592 0.218889 -0.809634
vn -0.471438 0.408260 -0.781710
vn -0.471438 0.408260 -0.781710
vn -0.544592 0.218889 -0.809634
vn -0.927869 0.372907 0.000000
vn -0.755938 0.654643 0.000000
vn -0.927869 0.372907 0.000000
vn -1.000000 0.000000 0.000000
vn -0.571468 0.000000 0.820624
vn -0.544592 0.218889 0.809634
vn -0.544592 0.218889 0.809634
vn -0.571468 0.000000 0.820624
vn -0.021227 0.000000 0.999775
vn -0.020514 0.008242 0.999756
vn -0.020514 0.008242 0.999756
vn -0.021227 0.000000 0.999775
vn 0.536865 0.000000 0.843668
vn 0.512425 -0.205939 0.833673
vn 0.512425 -0.205939 0.833673
vn 0.536865 0.000000 0.843668
vn 1.000000 0.000000 0.000000
vn 0.927869 -0.372907 0.000000
vn 0.927869 -0.372907 0.000000
vn 1.000000 0.000000 0.000000
vn 0.536865 0.000000 -0.843668
vn 0.512425 -0.205939 -0.833673
vn 0.512425 -0.205939 -0.833673
vn 0.536865 0.000000 -0.843668
vn -0.021227 0.000000 -0.999775
vn -0.020514 0.008242 -0.999756
vn -0.020514 0.008242 -0.999756
vn -0.021227 0.000000 -0.999775
vn -0.571468 0.000000 -0.820624
vn -0.544592 0.218889 -0.809634
vn -0.544592 0.218889 -0.809634
vn -0.571468 0.000000 -0.820624
vn -1.000000 0.000000 0.000000
vn -0.927869 0.372907 0.000000
vn -1.000000 0.000000 0.000000
vn -0.927869 -0.372907 0.000000
vn -0.544592 -0.218889 0.809634
vn -0.571468 0.000000 0.820624
vn -0.571468 0.000000 0.820624
vn -0.544592 -0.218889 0.809634
vn -0.020514 -0.008242 0.999756
vn -0.021227 0.000000 0.999775
vn -0.021227 0.000000 0.999775
vn -0.020514 -0.008242 0.999756
vn 0.512425 0.205939 0.833673
vn 0.536865 0.000000 0.843668
vn 0.536865 0.000000 0.843668
vn 0.512425 0.205939 0.833673
vn 0.927869 0.372907 0.000000
vn 1.000000 0.000000 0.000000
vn 1.000000 0.000000 0.000000
vn 0.927869 0.372907 0.000000
vn 0.512425 0.205939 -0.833673
vn 0.536865 0.000000 -0.843668
vn 0.536865 0.000000 -0.843668
vn 0.512425 0.205939 -0.833673
vn -0.020514 -0.008242 -0.999756
vn -0.021227 0.000000 -0.999775
vn -0.021227 0.000000 -0.999775
vn -0.020514 -0.008242 -0.999756
vn -0.544592 -0.218889 -0.809634
vn -0.571468 0.000000 -0.820624
vn -0.571468 0.000000 -0.820624
vn -0.544592 -0.218889 -0.809634
vn -0.927869 -0.372907 0.000000
vn -1.000000 0.000000 0.000000
vn -0.927869 -0.372907 0.000000
vn -0.755938 -0.654643 0.000000
vn -0.471438 -0.408260 0.781710
vn -0.544592 -0.218889 0.809634
vn -0.544592 -0.218889 0.809634
vn -0.471438 -0.408260 0.781710
vn -0.018397 -0.015935 0.999704
vn -0.020514 -0.008242 0.999756
vn -0.020514 -0.008242 0.999756
vn -0.018397 -0.015935 0.999704
vn 0.445317 0.385654 0.808062
vn 0.512425 0.205939 0.833673
vn 0.512425 0.205939 0.833673
vn 0.445317 0.385654 0.808062
vn 0.755938 0.654643 0.000000
vn 0.927869 0.372907 0.000000
vn 0.927869 0.372907 0.000000
vn 0.755938 0.654643 0.000000
vn 0.445317 0.385654 -0.808062
vn 0.512425 0.205939 -0.833673
vn 0.512425 0.205939 -0.833673
vn 0.445317 0.385654 -0.808062
vn -0.018397 -0.015935 -0.999704
vn -0.020514 -0.008242 -0.999756
vn -0.020514 -0.008242 -0.999756
vn -0.018397 -0.015935 -0.999704
vn -0.471438 -0.408260 -0.781710
vn -0.544592 -0.218889 -0.809634
vn -0.544592 -0.218889 -0.809634
vn -0.471438 -0.408260 -0.781710
vn -0.755938 -0.654643 0.000000
vn -0.927869 -0.372907 0.000000
vn -0.755938 -0.654643 0.000000
vn -0.554700 -0.832050 0.000000
vn -0.368245 -0.552367 0.747854
vn -0.471438 -0.408260 0.781710
vn -0.471438 -0.408260 0.781710
vn -0.368245 -0.552367 0.747854
vn -0.015018 -0.022526 0.999634
vn -0.018397 -0.015935 0.999704
vn -0.018397 -0.015935 0.999704
vn -0.015018 -0.022526 0.999634
vn 0.349441 0.524161 0.776625
vn 0.445317 0.385654 0.808062
vn 0.445317 0.385654 0.808062
vn 0.349441 0.524161 0.776625
vn 0.554700 0.832050 0.000000
vn 0.755938 0.654643 0.000000
vn 0.755938 0.654643 0.000000
vn 0.554700 0.832050 0.000000
vn 0.349441 0.524161 -0.776625
vn 0.445317 0.385654 -0.808062
vn 0.445317 0.385654 -0.808062
vn 0.349441 0.524161 -0.776625
vn -0.015018 -0.022526 -0.999634
vn -0.018397 -0.015935 -0.999704
vn -0.018397 -0.015935 -0.999704
vn -0.015018 -0.022526 -0.999634
vn -0.368245 -0.552367 -0.747854
vn -0.471438 -0.408260 -0.781710
vn -0.471438 -0.408260 -0.781710
vn -0.368245 -0.552367 -0.747854
vn -0.554700 -0.832050 0.000000
vn -0.755938 -0.654643 0.000000
vn -0.554700 -0.832050 0.000000
vn -0.359202 -0.933260 0.000000
vn -0.250003 -0.649556 0.718036
vn -0.368245 -0.552367 0.747854
vn -0.368245 -0.552367 0.747854
vn -0.250003 -0.649556 0.718036
vn -0.010601 -0.027560 0.999564
vn -0.015018 -0.022526 0.999634
vn -0.015018 -0.022526 0.999634
vn -0.010601 -0.027560 0.999564
vn 0.238175 0.618799 0.748572
vn 0.349441 0.524161 0.776625
vn 0.349441 0.524161 0.776625
vn 0.238175 0.618799 0.748572
vn 0.359202 0.933260 0.000000
vn 0.554700 0.832050 0.000000
vn 0.554700 0.832050 0.000000
vn 0.359202 0.933260 0.000000
vn 0.238175 0.618799 -0.748572
vn 0.349441 0.524161 -0.776625
vn 0.349441 0.524161 -0.776625
vn 0.238175 0.618799 -0.748572
vn -0.010601 -0.027591 -0.999563
vn -0.015018 -0.022526 -0.999634
vn -0.015018 -0.022526 -0.999634
vn -0.010601 -0.027591 -0.999563
vn -0.250003 -0.649556 -0.718036
vn -0.368245 -0.552367 -0.747854
vn -0.368245 -0.552367 -0.747854
vn -0.250003 -0.649556 -0.718036
vn -0.359202 -0.933260 0.000000
vn -0.554700 -0.832050 0.000000
vn -0.359202 -0.933260 0.000000
vn -0.175837 -0.984419 0.000000
vn -0.125848 -0.704606 0.698350
vn -0.250003 -0.649556 0.718036
vn -0.250003 -0.649556 0.718036
vn -0.125848 -0.704606 0.698350
vn -0.005494 -0.030764 0.999512
vn -0.010601 -0.027560 0.999564
vn -0.010601 -0.027560 0.999564
vn -0.005494 -0.030764 0.999512
vn 0.120198 0.672934 0.729872
vn 0.238175 0.618799 0.748572
vn 0.238175 0.618799 0.748572
vn 0.120198 0.672934 0.729872
vn 0.175837 0.984419 0.000000
vn 0.359202 0.933260 0.000000
vn 0.359202 0.933260 0.000000
vn 0.175837 0.984419 0.000000
vn 0.120198 0.672934 -0.729872
vn 0.238175 0.618799 -0.748572
vn 0.238175 0.618799 -0.748572
vn 0.120198 0.672934 -0.729872
vn -0.005494 -0.030764 -0.999512
vn -0.010601 -0.027591 -0.999563
vn -0.010601 -0.027591 -0.999563
vn -0.005494 -0.030764 -0.999512
vn -0.125848 -0.704606 -0.698350
vn -0.250003 -0.649556 -0.718036
vn -0.250003 -0.649556 -0.718036
vn -0.125848 -0.704606 -0.698350
vn -0.175837 -0.984419 0.000000
vn -0.359202 -0.933260 0.000000
vn -0.175837 -0.984419 0.000000
vn 0.000000 -1.000000 0.000000
vn 0.000000 -0.722351 0.691527
vn -0.125848 -0.704606 0.698350
vn -0.125848 -0.704606 0.698350
vn 0.000000 -0.722351 0.691527
vn 0.000000 -0.031831 0.999493
vn -0.005494 -0.030764 0.999512
vn -0.005494 -0.030764 0.999512
vn 0.000000 -0.031831 0.999493
vn 0.000000 0.690466 0.723365
vn 0.120198 0.672934 0.729872
vn 0.120198 0.672934 0.729872
vn 0.000000 0.690466 0.723365
vn 0.000000 1.000000 0.000000
vn 0.175837 0.984419 0.000000
vn 0.175837 0.984419 0.000000
vn 0.000000 1.000000 0.000000
vn 0.000000 0.690466 -0.723365
vn 0.120198 0.672934 -0.729872
vn 0.120198 0.672934 -0.729872
vn 0.000000 0.690466 -0.723365
vn 0.000000 -0.031831 -0.999493
vn -0.005494 -0.030764 -0.999512
vn -0.005494 -0.030764 -0.999512
vn 0.000000 -0.031831 -0.999493
vn 0.000000 -0.722336 -0.691542
vn -0.125848 -0.704606 -0.698350
vn -0.125848 -0.704606 -0.698350
vn 0.000000 -0.722336 -0.691542
vn 0.000000 -1.000000 0.000000
vn -0.175837 -0.984419 0.000000
vn 0.000000 -1.000000 0.000000
vn 0.175837 -0.984419 0.000000
vn 0.125848 -0.704606 0.698350
vn 0.000000 -0.722351 0.691527
vn 0.000000 -0.722351 0.691527
vn 0.125848 -0.704606 0.698350
vn 0.005494 -0.030764 0.999512
vn 0.000000 -0.031831 0.999493
vn 0.000000 -0.031831 0.999493
vn 0.005494 -0.030764 0.999512
vn -0.120198 0.672934 0.729872
vn 0.000000 0.690466 0.723365
vn 0.000000 0.690466 0.723365
vn -0.120198 0.672934 0.729872
vn -0.175837 0.984419 0.000000
vn 0.000000 1.000000 0.000000
vn 0.000000 1.000000 0.000000
vn -0.175837 0.984419 0.000000
vn -0.120198 0.672934 -0.729872
vn 0.000000 0.690466 -0.723365
vn 0.000000 0.690466 -0.723365
vn -0.120198 0.672934 -0.729872
vn 0.005494 -0.030764 -0.999512
vn 0.000000 -0.031831 -0.999493
vn 0.000000 -0.031831 -0.999493
vn 0.005494 -0.030764 -0.999512
vn 0.125848 -0.704606 -0.698350
vn 0.000000 -0.722336 -0.691542
vn 0.000000 -0.722336 -0.691542
vn 0.125848 -0.704606 -0.698350
vn 0.175837 -0.984419 0.000000
vn 0.000000 -1.000000 0.000000
vn 0.175837 -0.984419 0.000000
vn 0.359202 -0.933260 0.000000
vn 0.250008 -0.649538 0.718050
vn 0.125848 -0.704606 0.698350
vn 0.125848 -0.704606 0.698350
vn 0.250008 -0.649538 0.718050
vn 0.010601 -0.027591 0.999563
vn 0.005494 -0.030764 0.999512
vn 0.005494 -0.030764 0.999512
vn 0.010601 -0.027591 0.999563
vn -0.238175 0.618799 0.748572
vn -0.120198 0.672934 0.729872
vn -0.120198 0.672934 0.729872
vn -0.238175 0.618799 0.748572
vn -0.359202 0.933260 0.000000
vn -0.175837 0.984419 0.000000
vn -0.175837 0.984419 0.000000
vn -0.359202 0.933260 0.000000
vn -0.238175 0.618799 -0.748572
vn -0.120198 0.672934 -0.729872
vn -0.120198 0.672934 -0.729872
vn -0.238175 0.618799 -0.748572
vn 0.010622 -0.027591 -0.999563
vn 0.005494 -0.030764 -0.999512
vn 0.005494 -0.030764 -0.999512
vn 0.010622 -0.027591 -0.999563
vn 0.250008 -0.649538 -0.718050
vn 0.125848 -0.704606 -0.698350
vn 0.125848 -0.704606 -0.698350
vn 0.250008 -0.649538 -0.718050
vn 0.359202 -0.933260 0.000000
vn 0.175837 -0.984419 0.000000
vn 0.359202 -0.933260 0.000000
vn 0.554700 -0.832050 0.000000
vn 0.368245 -0.552367 0.747854
vn 0.250008 -0.649538 0.718050
vn 0.250008 -0.649538 0.718050
vn 0.368245 -0.552367 0.747854
vn 0.015018 -0.022526 0.999634
vn 0.010601 -0.027591 0.999563
vn 0.010601 -0.027591 0.999563
vn 0.015018 -0.022526 0.999634
vn -0.349441 0.524161 0.776625
vn -0.238175 0.618799 0.748572
vn -0.238175 0.618799 0.748572
vn -0.349441 0.524161 0.776625
vn -0.554700 0.832050 0.000000
vn -0.359202 0.933260 0.000000
vn -0.359202 0.933260 0.000000
vn -0.554700 0.832050 0.000000
vn -0.349441 0.524161 -0.776625
vn -0.238175 0.618799 -0.748572
vn -0.238175 0.618799 -0.748572
vn -0.349441 0.524161 -0.776625
vn 0.015018 -0.022526 -0.999634
vn 0.010622 -0.027591 -0.999563
vn 0.010622 -0.027591 -0.999563
vn 0.015018 -0.022526 -0.999634
vn 0.368245 -0.552367 -0.747854
vn 0.250008 -0.649538 -0.718050
vn 0.250008 -0.649538 -0.718050
vn 0.368245 -0.552367 -0.747854
vn 0.554700 -0.832050 0.000000
vn 0.359202 -0.933260 0.000000
vn 0.554700 -0.832050 0.000000
vn 0.755938 -0.654643 0.000000
vn 0.471420 -0.408264 0.781718
vn 0.368245 -0.552367 0.747854
vn 0.368245 -0.552367 0.747854
vn 0.471420 -0.408264 0.781718
vn 0.018397 -0.015935 0.999704
vn 0.015018 -0.022526 0.999634
vn 0.015018 -0.022526 0.999634
vn 0.018397 -0.015935 0.999704
vn -0.445317 0.385654 0.808062
vn -0.349441 0.524161 0.776625
vn -0.349441 0.524161 0.776625
vn -0.445317 0.385654 0.808062
vn -0.755938 0.654643 0.000000
vn -0.554700 0.832050 0.000000
vn -0.554700 0.832050 0.000000
vn -0.755938 0.654643 0.000000
vn -0.445317 0.385654 -0.808062
vn -0.349441 0.524161 -0.776625
vn -0.349441 0.524161 -0.776625
vn -0.445317 0.385654 -0.808062
vn 0.018397 -0.015935 -0.999704
vn 0.015018 -0.022526 -0.999634
vn 0.015018 -0.022526 -0.999634
vn 0.018397 -0.015935 -0.999704
vn 0.471420 -0.408264 -0.781718
vn 0.368245 -0.552367 -0.747854
vn 0.368245 -0.552367 -0.747854
vn 0.471420 -0.408264 -0.781718
vn 0.755938 -0.654643 0.000000
vn 0.554700 -0.832050 0.000000
vn 0.755938 -0.654643 0.000000
vn 0.927869 -0.372907 0.000000
vn 0.544592 -0.218889 0.809634
vn 0.471420 -0.408264 0.781718
vn 0.471420 -0.408264 0.781718
vn 0.544592 -0.218889 0.809634
vn 0.020514 -0.008242 0.999756
vn 0.018397 -0.015935 0.999704
vn 0.018397 -0.015935 0.999704
vn 0.020514 -0.008242 0.999756
vn -0.512425 0.205939 0.833673
vn -0.445317 0.385654 0.808062
vn -0.445317 0.385654 0.808062
vn -0.512425 0.205939 0.833673
vn -0.927869 0.372907 0.000000
vn -0.755938 0.654643 0.000000
vn -0.755938 0.654643 0.000000
vn -0.927869 0.372907 0.000000
vn -0.512425 0.205939 -0.833673
vn -0.445317 0.385654 -0.808062
vn -0.445317 0.385654 -0.808062
vn -0.512425 0.205939 -0.833673
vn 0.020514 -0.008242 -0.999756
vn 0.018397 -0.015935 -0.999704
vn 0.018397 -0.015935 -0.999704
vn 0.020514 -0.008242 -0.999756
vn 0.544592 -0.218889 -0.809634
vn 0.471420 -0.408264 -0.781718
vn 0.471420 -0.408264 -0.781718
vn 0.544592 -0.218889 -0.809634
vn 0.927869 -0.372907 0.000000
vn 0.755938 -0.654643 0.000000
vn 0.927869 -0.372907 0.000000
vn 1.000000 0.000000 0.000000
vn 0.571468 0.000000 0.820624
vn 0.544592 -0.218889 0.809634
vn 0.544592 -0.218889 0.809634
vn 0.571468 0.000000 0.820624
vn 0.021227 0.000000 0.999775
vn 0.020514 -0.008242 0.999756
vn 0.020514 -0.008242 0.999756
vn 0.021227 0.000000 0.999775
vn -0.536865 0.000000 0.843668
vn -0.512425 0.205939 0.833673
vn -0.512425 0.205939 0.833673
vn -0.536865 0.000000 0.843668
vn -1.000000 0.000000 0.000000
vn -0.927869 0.372907 0.000000
vn -0.927869 0.372907 0.000000
vn -1.000000 0.000000 0.000000
vn -0.536865 0.000000 -0.843668
vn -0.512425 0.205939 -0.833673
vn -0.512425 0.205939 -0.833673
vn -0.536865 0.000000 -0.843668
vn 0.021227 0.000000 -0.999775
vn 0.020514 -0.008242 -0.999756
vn 0.020514 -0.008242 -0.999756
vn 0.021227 0.000000 -0.999775
vn 0.571468 0.000000 -0.820624
vn 0.544592 -0.218889 -0.809634
vn 0.544592 -0.218889 -0.809634
vn 0.571468 0.000000 -0.820624
vn 1.000000 0.000000 0.000000
vn 0.927869 -0.372907 0.000000
vn 0.000000 -0.912286 -0.409554
vn 0.000000 -0.912286 -0.409554
vn 0.000000 -0.912286 -0.409554
vn 0.000000 -0.912286 -0.409554
vn -0.001477 -0.555568 0.831470
vn -0.001477 -0.555568 0.831470
vn -0.001477 -0.555568 0.831470
vn -0.001477 -0.555568 0.831470
vn -0.001478 -0.195090 0.980784
vn -0.001478 -0.195090 0.980784
vn -0.001478 -0.195090 0.980784
vn -0.001478 -0.195090 0.980784
vn -0.001478 0.195089 0.980784
vn -0.001478 0.195089 0.980784
vn -0.001478 0.195089 0.980784
vn -0.001478 0.195089 0.980784
vn -0.001477 0.555568 0.831470
vn -0.001477 0.555568 0.831470
vn -0.001477 0.555568 0.831470
vn -0.001477 0.555568 0.831470
vn -0.001477 0.831471 0.555566
vn -0.001477 0.831471 0.555566
vn -0.001477 0.831471 0.555566
vn -0.001477 0.831471 0.555566
vn -0.001477 0.980784 0.195089
vn -0.001477 0.980784 0.195089
vn -0.001477 0.980784 0.195089
vn -0.001477 0.980784 0.195089
vn -1.000000 0.000000 0.000000
vn -1.000000 0.000000 0.000000
vn -1.000000 0.000000 0.000000
vn -1.000000 0.000000 0.000000
vn -0.001477 0.980784 0.195089
vn -0.001477 0.980784 0.195089
vn -0.001477 0.980784 0.195089
vn -0.001477 0.980784 0.195089
vn 1.000000 0.000000 0.000000
vn 1.000000 0.000000 0.000000
vn 1.000000 0.000000 0.000000
vn 1.000000 0.000000 0.000000
vn -1.000000 0.000000 0.000000
vn -1.000000 0.000000 0.000000
vn -1.000000 0.000000 0.000000
vn -1.000000 0.000000 0.000000
vn 1.000000 0.000005 0.000000
vn 1.000000 0.000005 0.000000
vn 1.000000 0.000005 0.000000
vn 1.000000 0.000005 0.000000
vn 1.000000 -0.000005 0.000000
vn 1.000000 -0.000005 0.000000
vn 1.000000 -0.000005 0.000000
vn 1.000000 -0.000005 0.000000
vn 1.000000 0.000000 0.000000
vn 1.000000 0.000000 0.000000
vn 1.000000 0.000000 0.000000
vn 1.000000 0.000000 0.000000
vn -0.001477 -0.831470 0.555568
vn -0.001477 -0.831470 0.555568
vn -0.001477 -0.831470 0.555568
vn -0.001477 -0.831470 0.555568
vn -1.000000 0.000002 0.000000
vn -1.000000 0.000002 0.000000
vn -1.000000 0.000002 0.000000
vn -1.000000 0.000002 0.000000
vn -1.000000 0.000000 0.000000
vn -1.000000 0.000000 0.000000
vn -1.000000 0.000000 0.000000
vn -1.000000 0.000000 0.000000
vn 1.000000 0.000000 0.000000
vn 1.000000 0.000000 0.000000
vn 1.000000 0.000000 0.000000
vn 1.000000 0.000000 0.000000
vn -1.000000 0.000000 0.000000
vn -1.000000 0.000000 0.000000
vn -1.000000 0.000000 0.000000
vn -1.000000 0.000000 0.000000
vn -1.000000 0.000000 0.000000
vn -1.000000 0.000000 0.000000
vn -1.000000 0.000000 0.000000
vn -1.000000 0.000000 0.000000
vn 1.000000 0.000005 0.000000
vn 1.000000 0.000005 0.000000
vn 1.000000 0.000005 0.000000
vn 1.000000 0.000005 0.000000
vn -0.001479 -0.980786 0.195082
vn -0.001479 -0.980786 0.195082
vn -0.001479 -0.980786 0.195082
vn -0.001479 -0.980786 0.195082
vn -1.000000 0.000000 0.000000
vn -1.000000 0.000000 0.000000
vn -1.000000 0.000000 0.000000
vn -1.000000 0.000000 0.000000
vn -1.000000 0.000002 0.000000
vn -1.000000 0.000002 0.000000
vn -1.000000 0.000002 0.000000
vn -1.000000 0.000002 0.000000
vn 1.000000 0.000000 0.000000
vn 1.000000 0.000000 0.000000
vn 1.000000 0.000000 0.000000
vn 1.000000 0.000000 0.000000
vn -1.000000 0.000005 0.000000
vn -1.000000 0.000005 0.000000
vn -1.000000 0.000005 0.000000
vn -1.000000 0.000005 0.000000
vn -1.000000 0.000000 0.000000
vn -1.000000 0.000000 0.000000
vn -1.000000 0.000000 0.000000
vn -1.000000 0.000000 0.000000
vn -0.001477 0.831473 0.555564
vn -0.001477 0.831473 0.555564
vn -0.001477 0.831473 0.555564
vn -0.001477 0.831473 0.555564
vn -1.000000 -0.000003 0.000009
vn -1.000000 -0.000003 0.000009
vn -1.000000 -0.000003 0.000009
vn -1.000000 -0.000003 0.000009
vn -0.001478 0.555570 0.831469
vn -0.001478 0.555570 0.831469
vn -0.001478 0.555570 0.831469
vn -0.001478 0.555570 0.831469
vn -1.000000 -0.000005 0.000000
vn -1.000000 -0.000005 0.000000
vn -1.000000 -0.000005 0.000000
vn -1.000000 -0.000005 0.000000
vn 0.000000 -0.923187 -0.384352
vn 0.000000 -0.923187 -0.384352
vn 0.000000 -0.923187 -0.384352
vn 0.000000 -0.923187 -0.384352
vn -0.001478 0.195091 0.980784
vn -0.001478 0.195091 0.980784
vn -0.001478 0.195091 0.980784
vn -0.001478 0.195091 0.980784
vn -0.001478 -0.195092 0.980784
vn -0.001478 -0.195092 0.980784
vn -0.001478 -0.195092 0.980784
vn -0.001478 -0.195092 0.980784
vn -1.000000 0.000000 0.000000
vn -1.000000 0.000000 0.000000
vn -1.000000 0.000000 0.000000
vn -1.000000 0.000000 0.000000
vn -0.001477 -0.831468 -0.555571
vn -0.001477 -0.831468 -0.555571
vn -0.001477 -0.831468 -0.555571
vn -0.001477 -0.831468 -0.555571
vn -1.000000 0.000000 0.000000
vn -1.000000 0.000000 0.000000
vn -1.000000 0.000000 0.000000
vn -1.000000 0.000000 0.000000
vn -0.001478 -0.555570 0.831469
vn -0.001478 -0.555570 0.831469
vn -0.001478 -0.555570 0.831469
vn -0.001478 -0.555570 0.831469
vn 1.000000 0.000000 0.000000
vn 1.000000 0.000000 0.000000
vn 1.000000 0.000000 0.000000
vn 1.000000 0.000000 0.000000
vn -1.000000 -0.000011 0.000000
vn -1.000000 -0.000011 0.000000
vn -1.000000 -0.000011 0.000000
vn -1.000000 -0.000011 0.000000
vn 0.000000 -0.980786 -0.195089
vn 0.000000 -0.980786 -0.195089
vn 0.000000 -0.980786 -0.195089
vn 0.000000 -0.980786 -0.195089
vn 1.000000 0.000000 0.000000
vn 1.000000 0.000000 0.000000
vn 1.000000 0.000000 0.000000
vn 1.000000 0.000000 0.000000
vn 1.000000 0.000000 0.000000
vn 1.000000 0.000000 0.000000
vn 1.000000 0.000000 0.000000
vn 1.000000 0.000000 0.000000
vn 1.000000 0.000002 0.000000
vn 1.000000 0.000002 0.000000
vn 1.000000 0.000002 0.000000
vn 1.000000 0.000002 0.000000
vn -1.000000 -0.000002 0.000000
vn -1.000000 -0.000002 0.000000
vn -1.000000 -0.000002 0.000000
vn -1.000000 -0.000002 0.000000
vn 1.000000 0.000000 0.000000
vn 1.000000 0.000000 0.000000
vn 1.000000 0.000000 0.000000
vn 1.000000 0.000000 0.000000
vn -1.000000 0.000002 0.000000
vn -1.000000 0.000002 0.000000
vn -1.000000 0.000002 0.000000
vn -1.000000 0.000002 0.000000
vn 1.000000 0.000003 0.000000
vn 1.000000 0.000003 0.000000
vn 1.000000 0.000003 0.000000
vn 1.000000 0.000003 0.000000
vn -1.000000 0.000003 0.000000
vn -1.000000 0.000003 0.000000
vn -1.000000 0.000003 0.000000
vn -1.000000 0.000003 0.000000
vn -1.000000 -0.000002 0.000000
vn -1.000000 -0.000002 0.000000
vn -1.000000 -0.000002 0.000000
vn -1.000000 -0.000002 0.000000
vn 1.000000 0.000000 0.000000
vn 1.000000 0.000000 0.000000
vn 1.000000 0.000000 0.000000
vn 1.000000 0.000000 0.000000
vn 0.000000 -0.912287 -0.409552
vn 0.000000 -0.912287 -0.409552
vn 0.000000 -0.912287 -0.409552
vn 0.000000 -0.912287 -0.409552
vn -0.001478 0.831470 -0.555568
vn -0.001478 0.831470 -0.555568
vn -0.001478 0.831470 -0.555568
vn -0.001478 0.831470 -0.555568
vn -0.001478 0.555569 -0.831469
vn -0.001478 0.555569 -0.831469
vn -0.001478 0.555569 -0.831469
vn -0.001478 0.555569 -0.831469
vn -0.001479 0.195089 -0.980784
vn -0.001479 0.195089 -0.980784
vn -0.001479 0.195089 -0.980784
vn -0.001479 0.195089 -0.980784
vn -0.001479 -0.195090 -0.980784
vn -0.001479 -0.195090 -0.980784
vn -0.001479 -0.195090 -0.980784
vn -0.001479 -0.195090 -0.980784
vn -0.001478 -0.555569 -0.831469
vn -0.001478 -0.555569 -0.831469
vn -0.001478 -0.555569 -0.831469
vn -0.001478 -0.555569 -0.831469
vn 0.000000 -0.912287 0.409552
vn 0.000000 -0.912287 0.409552
vn 0.000000 -0.912287 0.409552
vn 0.000000 -0.912287 0.409552
vn 0.000000 -0.919793 0.392405
vn 0.000000 -0.919793 0.392405
vn 0.000000 -0.919793 0.392405
vn 0.000000 -0.919793 0.392405
vn 1.000000 0.000002 0.000000
vn 1.000000 0.000002 0.000000
vn 1.000000 0.000002 0.000000
vn 1.000000 0.000002 0.000000
vn 1.000000 0.000000 0.000000
vn 1.000000 0.000000 0.000000
vn 1.000000 0.000000 0.000000
vn 1.000000 0.000000 0.000000
vn 0.000000 -0.919792 -0.392406
vn 0.000000 -0.919792 -0.392406
vn 0.000000 -0.919792 -0.392406
vn 0.000000 -0.919792 -0.392406
vn 0.000000 -0.046201 -0.998932
vn 0.000000 -0.046201 -0.998932
vn 0.000000 -0.046201 -0.998932
vn 0.000000 -0.046201 -0.998932
vn 0.000000 -0.923187 0.384351
vn 0.000000 -0.923187 0.384351
vn 0.000000 -0.923187 0.384351
vn 0.000000 -0.923187 0.384351
vn 0.000001 -0.046201 0.998932
vn 0.000001 -0.046201 0.998932
vn 0.000001 -0.046201 0.998932
vn 0.000001 -0.046201 0.998932
vn 0.000000 0.369742 0.929134
vn 0.000000 0.369742 0.929134
vn 0.000000 0.369742 0.929134
vn 0.000000 0.369742 0.929134
vn 1.000000 0.000003 0.000000
vn 1.000000 0.000003 0.000000
vn 1.000000 0.000003 0.000000
vn 1.000000 0.000003 0.000000
vn -1.000000 -0.000009 -0.000005
vn -1.000000 -0.000009 -0.000005
vn -1.000000 -0.000009 -0.000005
vn -1.000000 -0.000009 -0.000005
vn 1.000000 -0.000011 0.000000
vn 1.000000 -0.000011 0.000000
vn 1.000000 -0.000011 0.000000
vn 1.000000 -0.000011 0.000000
vn 1.000000 -0.000003 -0.000009
vn 1.000000 -0.000003 -0.000009
vn 1.000000 -0.000003 -0.000009
vn 1.000000 -0.000003 -0.000009
vn 0.000000 0.369742 -0.929134
vn 0.000000 0.369742 -0.929134
vn 0.000000 0.369742 -0.929134
vn 0.000000 0.369742 -0.929134
vn 1.000000 -0.000006 0.000005
vn 1.000000 -0.000006 0.000005
vn 1.000000 -0.000006 0.000005
vn 1.000000 -0.000006 0.000005
vn -1.000000 0.000000 0.000000
vn -1.000000 0.000000 0.000000
vn -1.000000 0.000000 0.000000
vn -1.000000 0.000000 0.000000
vn 1.000000 0.000002 0.000012
vn 1.000000 0.000002 0.000012
vn 1.000000 0.000002 0.000012
vn 1.000000 0.000002 0.000012
vn 0.000000 -0.980785 0.195090
vn 0.000000 -0.980785 0.195090
vn 0.000000 -0.980785 0.195090
vn 0.000000 -0.980785 0.195090
vn -1.000000 0.000002 -0.000012
vn -1.000000 0.000002 -0.000012
vn -1.000000 0.000002 -0.000012
vn -1.000000 0.000002 -0.000012
vn 1.000000 0.000000 0.000012
vn 1.000000 0.000000 0.000012
vn 1.000000 0.000000 0.000012
vn 1.000000 0.000000 0.000012
vn -0.001479 -0.980785 -0.195084
vn -0.001479 -0.980785 -0.195084
vn -0.001479 -0.980785 -0.195084
vn -0.001479 -0.980785 -0.195084
vn -1.000000 -0.000003 -0.000012
vn -1.000000 -0.000003 -0.000012
vn -1.000000 -0.000003 -0.000012
vn -1.000000 -0.000003 -0.000012
vn -0.001477 0.980785 -0.195088
vn -0.001477 0.980785 -0.195088
vn -0.001477 0.980785 -0.195088
vn -0.001477 0.980785 -0.195088
vn 1.000000 -0.000002 0.000000
vn 1.000000 -0.000002 0.000000
vn 1.000000 -0.000002 0.000000
vn 1.000000 -0.000002 0.000000
vn -1.000000 0.000000 0.000000
vn -1.000000 0.000000 0.000000
vn -1.000000 0.000000 0.000000
vn -1.000000 0.000000 0.000000
vn 1.000000 -0.000002 0.000000
vn 1.000000 -0.000002 0.000000
vn 1.000000 -0.000002 0.000000
vn 1.000000 -0.000002 0.000000
vn 1.000000 0.000000 0.000000
vn 1.000000 0.000000 0.000000
vn 1.000000 0.000000 0.000000
vn 1.000000 0.000000 0.000000
vn 1.000000 0.000002 0.000000
vn 1.000000 0.000002 0.000000
vn 1.000000 0.000002 0.000000
vn 1.000000 0.000002 0.000000
vn -0.001477 -0.831469 0.555570
vn -0.001477 -0.831469 0.555570
vn -0.001477 -0.831469 0.555570
vn -0.001477 -0.831469 0.555570
vn -1.000000 -0.000002 0.000000
vn -1.000000 -0.000002 0.000000
vn -1.000000 -0.000002 0.000000
vn -1.000000 -0.000002 0.000000
vn -1.000000 0.000000 0.000000
vn -1.000000 0.000000 0.000000
vn -1.000000 0.000000 0.000000
vn -1.000000 0.000000 0.000000
vn 1.000000 -0.000002 0.000000
vn 1.000000 -0.000002 0.000000
vn 1.000000 -0.000002 0.000000
vn 1.000000 -0.000002 0.000000
vn -1.000000 0.000000 0.000000
vn -1.000000 0.000000 0.000000
vn -1.000000 0.000000 0.000000
vn -1.000000 0.000000 0.000000
vn -1.000000 0.000000 0.000000
vn -1.000000 0.000000 0.000000
vn -1.000000 0.000000 0.000000
vn -1.000000 0.000000 0.000000
vn 1.000000 0.000000 0.000000
vn 1.000000 0.000000 0.000000
vn 1.000000 0.000000 0.000000
vn 1.000000 0.000000 0.000000
vn -0.001479 -0.980786 0.195083
vn -0.001479 -0.980786 0.195083
vn -0.001479 -0.980786 0.195083
vn -0.001479 -0.980786 0.195083
vn -1.000000 0.000002 0.000000
vn -1.000000 0.000002 0.000000
vn -1.000000 0.000002 0.000000
vn -1.000000 0.000002 0.000000
vn 1.000000 0.000000 0.000000
vn 1.000000 0.000000 0.000000
vn 1.000000 0.000000 0.000000
vn 1.000000 0.000000 0.000000
vn -1.000000 0.000005 0.000000
vn -1.000000 0.000005 0.000000
vn -1.000000 0.000005 0.000000
vn -1.000000 0.000005 0.000000
vn -1.000000 0.000003 0.000000
vn -1.000000 0.000003 0.000000
vn -1.000000 0.000003 0.000000
vn -1.000000 0.000003 0.000000
vn -1.000000 -0.000003 0.000009
vn -1.000000 -0.000003 0.000009
vn -1.000000 -0.000003 0.000009
vn -1.000000 -0.000003 0.000009
vn -1.000000 0.000000 0.000000
vn -1.000000 0.000000 0.000000
vn -1.000000 0.000000 0.000000
vn -1.000000 0.000000 0.000000
vn 0.000000 -0.923187 -0.384350
vn 0.000000 -0.923187 -0.384350
vn 0.000000 -0.923187 -0.384350
vn 0.000000 -0.923187 -0.384350
vn -1.000000 0.000000 0.000000
vn -1.000000 0.000000 0.000000
vn -1.000000 0.000000 0.000000
vn -1.000000 0.000000 0.000000
vn -0.001477 -0.831467 -0.555572
vn -0.001477 -0.831467 -0.555572
vn -0.001477 -0.831467 -0.555572
vn -0.001477 -0.831467 -0.555572
vn -1.000000 0.000002 0.000000
vn -1.000000 0.000002 0.000000
vn -1.000000 0.000002 0.000000
vn -1.000000 0.000002 0.000000
vn 1.000000 0.000000 0.000000
vn 1.000000 0.000000 0.000000
vn 1.000000 0.000000 0.000000
vn 1.000000 0.000000 0.000000
vn -1.000000 0.000000 0.000000
vn -1.000000 0.000000 0.000000
vn -1.000000 0.000000 0.000000
vn -1.000000 0.000000 0.000000
vn 0.000000 -0.980785 -0.195090
vn 0.000000 -0.980785 -0.195090
vn 0.000000 -0.980785 -0.195090
vn 0.000000 -0.980785 -0.195090
vn 1.000000 0.000000 0.000000
vn 1.000000 0.000000 0.000000
vn 1.000000 0.000000 0.000000
vn 1.000000 0.000000 0.000000
vn 1.000000 0.000000 0.000000
vn 1.000000 0.000000 0.000000
vn 1.000000 0.000000 0.000000
vn 1.000000 0.000000 0.000000
vn 1.000000 -0.000005 0.000000
vn 1.000000 -0.000005 0.000000
vn 1.000000 -0.000005 0.000000
vn 1.000000 -0.000005 0.000000
vn -1.000000 0.000000 0.000000
vn -1.000000 0.000000 0.000000
vn -1.000000 0.000000 0.000000
vn -1.000000 0.000000 0.000000
vn 1.000000 0.000000 0.000000
vn 1.000000 0.000000 0.000000
vn 1.000000 0.000000 0.000000
vn 1.000000 0.000000 0.000000
vn -1.000000 -0.000003 0.000000
vn -1.000000 -0.000003 0.000000
vn -1.000000 -0.000003 0.000000
vn -1.000000 -0.000003 0.000000
vn 1.000000 -0.000002 0.000000
vn 1.000000 -0.000002 0.000000
vn 1.000000 -0.000002 0.000000
vn 1.000000 -0.000002 0.000000
vn -1.000000 -0.000002 0.000000
vn -1.000000 -0.000002 0.000000
vn -1.000000 -0.000002 0.000000
vn -1.000000 -0.000002 0.000000
vn -1.000000 -0.000005 0.000000
vn -1.000000 -0.000005 0.000000
vn -1.000000 -0.000005 0.000000
vn -1.000000 -0.000005 0.000000
vn 1.000000 -0.000005 0.000000
vn 1.000000 -0.000005 0.000000
vn 1.000000 -0.000005 0.000000
vn 1.000000 -0.000005 0.000000
vn -0.001478 0.831471 -0.555567
vn -0.001478 0.831471 -0.555567
vn -0.001478 0.831471 -0.555567
vn -0.001478 0.831471 -0.555567
vn -0.001478 0.555569 -0.831469
vn -0.001478 0.555569 -0.831469
vn -0.001478 0.555569 -0.831469
vn -0.001478 0.555569 -0.831469
vn -0.001479 0.195091 -0.980784
vn -0.001479 0.195091 -0.980784
vn -0.001479 0.195091 -0.980784
vn -0.001479 0.195091 -0.980784
vn -0.001479 -0.195091 -0.980784
vn -0.001479 -0.195091 -0.980784
vn -0.001479 -0.195091 -0.980784
vn -0.001479 -0.195091 -0.980784
vn -0.001478 -0.555569 -0.831469
vn -0.001478 -0.555569 -0.831469
vn -0.001478 -0.555569 -0.831469
vn -0.001478 -0.555569 -0.831469
vn 0.000000 -0.912287 0.409552
vn 0.000000 -0.912287 0.409552
vn 0.000000 -0.912287 0.409552
vn 0.000000 -0.912287 0.409552
vn 0.000000 -0.919793 0.392405
vn 0.000000 -0.919793 0.392405
vn 0.000000 -0.919793 0.392405
vn 0.000000 -0.919793 0.392405
vn 1.000000 0.000002 0.000000
vn 1.000000 0.000002 0.000000
vn 1.000000 0.000002 0.000000
vn 1.000000 0.000002 0.000000
vn 1.000000 0.000002 0.000000
vn 1.000000 0.000002 0.000000
vn 1.000000 0.000002 0.000000
vn 1.000000 0.000002 0.000000
vn 0.000000 -0.919792 -0.392406
vn 0.000000 -0.919792 -0.392406
vn 0.000000 -0.919792 -0.392406
vn 0.000000 -0.919792 -0.392406
vn 0.000000 -0.046201 -0.998932
vn 0.000000 -0.046201 -0.998932
vn 0.000000 -0.046201 -0.998932
vn 0.000000 -0.046201 -0.998932
vn 0.000000 -0.923187 0.384351
vn 0.000000 -0.923187 0.384351
vn 0.000000 -0.923187 0.384351
vn 0.000000 -0.923187 0.384351
vn 0.000000 -0.046201 0.998932
vn 0.000000 -0.046201 0.998932
vn 0.000000 -0.046201 0.998932
vn 0.000000 -0.046201 0.998932
vn 0.000000 0.369740 0.929135
vn 0.000000 0.369740 0.929135
vn 0.000000 0.369740 0.929135
vn 0.000000 0.369740 0.929135
vn 1.000000 0.000006 0.000000
vn 1.000000 0.000006 0.000000
vn 1.000000 0.000006 0.000000
vn 1.000000 0.000006 0.000000
vn -1.000000 -0.000009 -0.000005
vn -1.000000 -0.000009 -0.000005
vn -1.000000 -0.000009 -0.000005
vn -1.000000 -0.000009 -0.000005
vn 1.000000 0.000000 0.000000
vn 1.000000 0.000000 0.000000
vn 1.000000 0.000000 0.000000
vn 1.000000 0.000000 0.000000
vn 1.000000 -0.000003 -0.000009
vn 1.000000 -0.000003 -0.000009
vn 1.000000 -0.000003 -0.000009
vn 1.000000 -0.000003 -0.000009
vn 0.000000 0.369742 -0.929134
vn 0.000000 0.369742 -0.929134
vn 0.000000 0.369742 -0.929134
vn 0.000000 0.369742 -0.929134
vn 1.000000 -0.000006 0.000005
vn 1.000000 -0.000006 0.000005
vn 1.000000 -0.000006 0.000005
vn 1.000000 -0.000006 0.000005
vn -1.000000 -0.000003 0.000000
vn -1.000000 -0.000003 0.000000
vn -1.000000 -0.000003 0.000000
vn -1.000000 -0.000003 0.000000
vn 1.000000 0.000005 0.000012
vn 1.000000 0.000005 0.000012
vn 1.000000 0.000005 0.000012
vn 1.000000 0.000005 0.000012
vn 0.000000 -0.980786 0.195089
vn 0.000000 -0.980786 0.195089
vn 0.000000 -0.980786 0.195089
vn 0.000000 -0.980786 0.195089
vn -1.000000 0.000005 -0.000012
vn -1.000000 0.000005 -0.000012
vn -1.000000 0.000005 -0.000012
vn -1.000000 0.000005 -0.000012
vn 1.000000 0.000000 0.000012
vn 1.000000 0.000000 0.000012
vn 1.000000 0.000000 0.000012
vn 1.000000 0.000000 0.000012
vn -0.001479 -0.980785 -0.195084
vn -0.001479 -0.980785 -0.195084
vn -0.001479 -0.980785 -0.195084
vn -0.001479 -0.980785 -0.195084
vn -1.000000 0.000000 -0.000012
vn -1.000000 0.000000 -0.000012
vn -1.000000 0.000000 -0.000012
vn -1.000000 0.000000 -0.000012
vn -0.001477 0.980784 -0.195090
vn -0.001477 0.980784 -0.195090
vn -0.001477 0.980784 -0.195090
vn -0.001477 0.980784 -0.195090
vn 1.000000 0.000000 0.000000
vn 1.000000 0.000000 0.000000
vn 1.000000 0.000000 0.000000
vn 1.000000 0.000000 0.000000
vn 0.000000 0.403395 0.915026
vn 0.000000 0.403395 0.915026
vn 0.000000 0.403395 0.915026
vn 0.000000 0.403395 0.915026
vn 0.000000 -0.403397 -0.915025
vn 0.000000 -0.403397 -0.915025
vn 0.000000 -0.403397 -0.915025
vn 0.000000 -0.403397 -0.915025
vn 0.000000 0.912829 -0.408343
vn 0.000000 0.912829 -0.408343
vn 0.000000 0.912829 -0.408343
vn 0.000000 0.912829 -0.408343
vn -1.000000 0.000000 0.000000
vn -1.000000 0.000000 0.000000
vn -1.000000 0.000000 0.000000
vn -1.000000 0.000000 0.000000
vn 0.000000 -0.912829 0.408342
vn 0.000000 -0.912829 0.408342
vn 0.000000 -0.912829 0.408342
vn 0.000000 -0.912829 0.408342
vn 0.413086 -0.329458 0.849010
vn 0.413086 -0.329458 0.849010
vn 0.413086 -0.329458 0.849010
vn 0.413084 -0.849030 -0.329407
vn 0.413084 -0.849030 -0.329407
vn 0.413084 -0.849030 -0.329407
vn -0.413060 -0.849024 -0.329453
vn -0.413060 -0.849024 -0.329453
vn -0.413060 -0.849024 -0.329453
vn -0.413078 -0.329459 0.849013
vn -0.413078 -0.329459 0.849013
vn -0.413078 -0.329459 0.849013
vn 0.413067 0.849007 0.329488
vn 0.413067 0.849007 0.329488
vn 0.413067 0.849007 0.329488
vn 0.413097 0.329480 -0.848996
vn 0.413097 0.329480 -0.848996
vn 0.413097 0.329480 -0.848996
vn -0.413099 0.329467 -0.849000
vn -0.413099 0.329467 -0.849000
vn -0.413099 0.329467 -0.849000
vn -0.413071 0.849006 0.329487
vn -0.413071 0.849006 0.329487
vn -0.413071 0.849006 0.329487
vn 0.539931 0.339538 0.770187
vn 0.539931 0.339538 0.770187
vn 0.539931 0.339538 0.770187
vn 0.539931 0.339538 0.770187
vn 0.539942 0.768325 -0.343714
vn 0.539942 0.768325 -0.343714
vn 0.539942 0.768325 -0.343714
vn 0.539942 0.768325 -0.343714
vn 0.539936 -0.339535 -0.770185
vn 0.539936 -0.339535 -0.770185
vn 0.539936 -0.339535 -0.770185
vn 0.539936 -0.339535 -0.770185
vn 0.539933 -0.768334 0.343707
vn 0.539933 -0.768334 0.343707
vn 0.539933 -0.768334 0.343707
vn 0.539933 -0.768334 0.343707
vn 0.000000 0.361774 -0.932266
vn 0.000000 0.361774 -0.932266
vn 0.000000 0.361774 -0.932266
vn 0.000000 0.361774 -0.932266
vn -0.539934 -0.339542 -0.770183
vn -0.539934 -0.339542 -0.770183
vn -0.539934 -0.339542 -0.770183
vn -0.539934 -0.339542 -0.770183
vn -0.000001 -0.932263 -0.361781
vn -0.000001 -0.932263 -0.361781
vn -0.000001 -0.932263 -0.361781
vn -0.000001 -0.932263 -0.361781
vn -0.539930 0.768338 -0.343705
vn -0.539930 0.768338 -0.343705
vn -0.539930 0.768338 -0.343705
vn -0.539930 0.768338 -0.343705
vn -0.539931 0.339536 0.770188
vn -0.539931 0.339536 0.770188
vn -0.539931 0.339536 0.770188
vn -0.539931 0.339536 0.770188
vn -0.539925 -0.768342 0.343702
vn -0.539925 -0.768342 0.343702
vn -0.539925 -0.768342 0.343702
vn -0.539925 -0.768342 0.343702
vn 0.000000 0.932263 0.361780
vn 0.000000 0.932263 0.361780
vn 0.000000 0.932263 0.361780
vn 0.000000 0.932263 0.361780
vn 0.000000 -0.361778 0.932264
vn 0.000000 -0.361778 0.932264
vn 0.000000 -0.361778 0.932264
vn 0.000000 -0.361778 0.932264
vn 1.000000 0.000000 0.000000
vn 1.000000 0.000000 0.000000
vn 1.000000 0.000000 0.000000
vn 1.000000 0.000000 0.000000
vn 0.000000 -0.361779 -0.932264
vn 0.000000 -0.361779 -0.932264
vn 0.000000 -0.361779 -0.932264
vn 0.000000 -0.361779 -0.932264
vn 0.000000 0.932263 -0.361780
vn 0.000000 0.932263 -0.361780
vn 0.000000 0.932263 -0.361780
vn 0.000000 0.932263 -0.361780
vn -0.539918 -0.768349 -0.343698
vn -0.539918 -0.768349 -0.343698
vn -0.539918 -0.768349 -0.343698
vn -0.539918 -0.768349 -0.343698
vn -0.539930 0.339539 -0.770187
vn -0.539930 0.339539 -0.770187
vn -0.539930 0.339539 -0.770187
vn -0.539930 0.339539 -0.770187
vn -0.539934 0.768333 0.343709
vn -0.539934 0.768333 0.343709
vn -0.539934 0.768333 0.343709
vn -0.539934 0.768333 0.343709
vn -0.000001 -0.932263 0.361781
vn -0.000001 -0.932263 0.361781
vn -0.000001 -0.932263 0.361781
vn -0.000001 -0.932263 0.361781
vn -0.539936 -0.339527 0.770189
vn -0.539936 -0.339527 0.770189
vn -0.539936 -0.339527 0.770189
vn -0.539936 -0.339527 0.770189
vn 0.000000 0.361772 0.932267
vn 0.000000 0.361772 0.932267
vn 0.000000 0.361772 0.932267
vn 0.000000 0.361772 0.932267
vn 0.539942 -0.768326 -0.343712
vn 0.539942 -0.768326 -0.343712
vn 0.539942 -0.768326 -0.343712
vn 0.539942 -0.768326 -0.343712
vn 0.539936 -0.339537 0.770185
vn 0.539936 -0.339537 0.770185
vn 0.539936 -0.339537 0.770185
vn 0.539936 -0.339537 0.770185
vn 0.539926 0.768341 0.343704
vn 0.539926 0.768341 0.343704
vn 0.539926 0.768341 0.343704
vn 0.539926 0.768341 0.343704
vn 0.539930 0.339539 -0.770187
vn 0.539930 0.339539 -0.770187
vn 0.539930 0.339539 -0.770187
vn 0.539930 0.339539 -0.770187
vn -0.413067 0.849007 -0.329488
vn -0.413067 0.849007 -0.329488
vn -0.413067 0.849007 -0.329488
vn -0.413098 0.329467 0.849000
vn -0.413098 0.329467 0.849000
vn -0.413098 0.329467 0.849000
vn 0.413096 0.329480 0.848996
vn 0.413096 0.329480 0.848996
vn 0.413096 0.329480 0.848996
vn 0.413065 0.849008 -0.329488
vn 0.413065 0.849008 -0.329488
vn 0.413065 0.849008 -0.329488
vn -0.413083 -0.329459 -0.849011
vn -0.413083 -0.329459 -0.849011
vn -0.413083 -0.329459 -0.849011
vn -0.413066 -0.849020 0.329457
vn -0.413066 -0.849020 0.329457
vn -0.413066 -0.849020 0.329457
vn 0.413104 -0.849014 0.329425
vn 0.413104 -0.849014 0.329425
vn 0.413104 -0.849014 0.329425
vn 0.413082 -0.329459 -0.849011
vn 0.413082 -0.329459 -0.849011
vn 0.413082 -0.329459 -0.849011
vn 0.000000 -0.912829 -0.408342
vn 0.000000 -0.912829 -0.408342
vn 0.000000 -0.912829 -0.408342
vn 0.000000 -0.912829 -0.408342
vn -1.000000 0.000000 0.000000
vn -1.000000 0.000000 0.000000
vn -1.000000 0.000000 0.000000
vn -1.000000 0.000000 0.000000
vn 0.000000 0.912829 0.408343
vn 0.000000 0.912829 0.408343
vn 0.000000 0.912829 0.408343
vn 0.000000 0.912829 0.408343
vn 0.000000 -0.403396 0.915025
vn 0.000000 -0.403396 0.915025
vn 0.000000 -0.403396 0.915025
vn 0.000000 -0.403396 0.915025
vn 0.000000 0.403395 -0.915026
vn 0.000000 0.403395 -0.915026
vn 0.000000 0.403395 -0.915026
vn 0.000000 0.403395 -0.915026
vn 0.000000 -0.912287 -0.409552
vn 0.000000 -0.912287 -0.409552
vn 0.000000 -0.912287 -0.409552
vn 0.000000 -0.912287 -0.409552
vn 0.001478 -0.555568 0.831470
vn 0.001478 -0.555568 0.831470
vn 0.001478 -0.555568 0.831470
vn 0.001478 -0.555568 0.831470
vn 0.001479 -0.195092 0.980784
vn 0.001479 -0.195092 0.980784
vn 0.001479 -0.195092 0.980784
vn 0.001479 -0.195092 0.980784
vn 0.001479 0.195089 0.980784
vn 0.001479 0.195089 0.980784
vn 0.001479 0.195089 0.980784
vn 0.001479 0.195089 0.980784
vn 0.001478 0.555573 0.831467
vn 0.001478 0.555573 0.831467
vn 0.001478 0.555573 0.831467
vn 0.001478 0.555573 0.831467
vn 0.001477 0.831469 0.555570
vn 0.001477 0.831469 0.555570
vn 0.001477 0.831469 0.555570
vn 0.001477 0.831469 0.555570
vn 0.001477 0.980783 0.195095
vn 0.001477 0.980783 0.195095
vn 0.001477 0.980783 0.195095
vn 0.001477 0.980783 0.195095
vn 1.000000 -0.000005 0.000000
vn 1.000000 -0.000005 0.000000
vn 1.000000 -0.000005 0.000000
vn 1.000000 -0.000005 0.000000
vn 0.001477 0.980783 0.195097
vn 0.001477 0.980783 0.195097
vn 0.001477 0.980783 0.195097
vn 0.001477 0.980783 0.195097
vn -1.000000 0.000000 0.000000
vn -1.000000 0.000000 0.000000
vn -1.000000 0.000000 0.000000
vn -1.000000 0.000000 0.000000
vn 1.000000 -0.000002 0.000000
vn 1.000000 -0.000002 0.000000
vn 1.000000 -0.000002 0.000000
vn 1.000000 -0.000002 0.000000
vn -1.000000 -0.000005 0.000000
vn -1.000000 -0.000005 0.000000
vn -1.000000 -0.000005 0.000000
vn -1.000000 -0.000005 0.000000
vn -1.000000 0.000005 0.000000
vn -1.000000 0.000005 0.000000
vn -1.000000 0.000005 0.000000
vn -1.000000 0.000005 0.000000
vn -1.000000 0.000000 0.000000
vn -1.000000 0.000000 0.000000
vn -1.000000 0.000000 0.000000
vn -1.000000 0.000000 0.000000
vn 0.001477 -0.831468 0.555571
vn 0.001477 -0.831468 0.555571
vn 0.001477 -0.831468 0.555571
vn 0.001477 -0.831468 0.555571
vn 1.000000 -0.000005 0.000000
vn 1.000000 -0.000005 0.000000
vn 1.000000 -0.000005 0.000000
vn 1.000000 -0.000005 0.000000
vn 1.000000 0.000005 0.000000
vn 1.000000 0.000005 0.000000
vn 1.000000 0.000005 0.000000
vn 1.000000 0.000005 0.000000
vn -1.000000 0.000002 0.000000
vn -1.000000 0.000002 0.000000
vn -1.000000 0.000002 0.000000
vn -1.000000 0.000002 0.000000
vn 1.000000 0.000000 0.000000
vn 1.000000 0.000000 0.000000
vn 1.000000 0.000000 0.000000
vn 1.000000 0.000000 0.000000
vn 1.000000 0.000003 0.000000
vn 1.000000 0.000003 0.000000
vn 1.000000 0.000003 0.000000
vn 1.000000 0.000003 0.000000
vn -1.000000 0.000003 0.000000
vn -1.000000 0.000003 0.000000
vn -1.000000 0.000003 0.000000
vn -1.000000 0.000003 0.000000
vn 0.001479 -0.980784 0.195092
vn 0.001479 -0.980784 0.195092
vn 0.001479 -0.980784 0.195092
vn 0.001479 -0.980784 0.195092
vn 1.000000 0.000000 0.000000
vn 1.000000 0.000000 0.000000
vn 1.000000 0.000000 0.000000
vn 1.000000 0.000000 0.000000
vn 1.000000 0.000000 0.000000
vn 1.000000 0.000000 0.000000
vn 1.000000 0.000000 0.000000
vn 1.000000 0.000000 0.000000
vn -1.000000 0.000002 0.000000
vn -1.000000 0.000002 0.000000
vn -1.000000 0.000002 0.000000
vn -1.000000 0.000002 0.000000
vn 1.000000 -0.000011 0.000000
vn 1.000000 -0.000011 0.000000
vn 1.000000 -0.000011 0.000000
vn 1.000000 -0.000011 0.000000
vn 1.000000 0.000000 0.000005
vn 1.000000 0.000000 0.000005
vn 1.000000 0.000000 0.000005
vn 1.000000 0.000000 0.000005
vn 0.001477 0.831467 0.555572
vn 0.001477 0.831467 0.555572
vn 0.001477 0.831467 0.555572
vn 0.001477 0.831467 0.555572
vn 1.000000 0.000000 0.000000
vn 1.000000 0.000000 0.000000
vn 1.000000 0.000000 0.000000
vn 1.000000 0.000000 0.000000
vn 0.001478 0.555576 0.831465
vn 0.001478 0.555576 0.831465
vn 0.001478 0.555576 0.831465
vn 0.001478 0.555576 0.831465
vn 1.000000 -0.000005 0.000000
vn 1.000000 -0.000005 0.000000
vn 1.000000 -0.000005 0.000000
vn 1.000000 -0.000005 0.000000
vn 0.000000 -0.923187 -0.384352
vn 0.000000 -0.923187 -0.384352
vn 0.000000 -0.923187 -0.384352
vn 0.000000 -0.923187 -0.384352
vn 0.001479 0.195089 0.980784
vn 0.001479 0.195089 0.980784
vn 0.001479 0.195089 0.980784
vn 0.001479 0.195089 0.980784
vn 0.001479 -0.195092 0.980784
vn 0.001479 -0.195092 0.980784
vn 0.001479 -0.195092 0.980784
vn 0.001479 -0.195092 0.980784
vn 1.000000 0.000000 0.000000
vn 1.000000 0.000000 0.000000
vn 1.000000 0.000000 0.000000
vn 1.000000 0.000000 0.000000
vn 0.001477 -0.831467 -0.555572
vn 0.001477 -0.831467 -0.555572
vn 0.001477 -0.831467 -0.555572
vn 0.001477 -0.831467 -0.555572
vn 1.000000 -0.000007 -0.000003
vn 1.000000 -0.000007 -0.000003
vn 1.000000 -0.000007 -0.000003
vn 1.000000 -0.000007 -0.000003
vn 0.001478 -0.555569 0.831469
vn 0.001478 -0.555569 0.831469
vn 0.001478 -0.555569 0.831469
vn 0.001478 -0.555569 0.831469
vn -1.000000 0.000000 0.000000
vn -1.000000 0.000000 0.000000
vn -1.000000 0.000000 0.000000
vn -1.000000 0.000000 0.000000
vn 1.000000 0.000011 0.000000
vn 1.000000 0.000011 0.000000
vn 1.000000 0.000011 0.000000
vn 1.000000 0.000011 0.000000
vn 0.000000 -0.980786 -0.195087
vn 0.000000 -0.980786 -0.195087
vn 0.000000 -0.980786 -0.195087
vn 0.000000 -0.980786 -0.195087
vn -1.000000 -0.000005 0.000000
vn -1.000000 -0.000005 0.000000
vn -1.000000 -0.000005 0.000000
vn -1.000000 -0.000005 0.000000
vn -1.000000 -0.000002 0.000000
vn -1.000000 -0.000002 0.000000
vn -1.000000 -0.000002 0.000000
vn -1.000000 -0.000002 0.000000
vn -1.000000 -0.000005 0.000000
vn -1.000000 -0.000005 0.000000
vn -1.000000 -0.000005 0.000000
vn -1.000000 -0.000005 0.000000
vn 1.000000 -0.000002 0.000000
vn 1.000000 -0.000002 0.000000
vn 1.000000 -0.000002 0.000000
vn 1.000000 -0.000002 0.000000
vn -1.000000 0.000005 0.000006
vn -1.000000 0.000005 0.000006
vn -1.000000 0.000005 0.000006
vn -1.000000 0.000005 0.000006
vn 1.000000 -0.000005 0.000000
vn 1.000000 -0.000005 0.000000
vn 1.000000 -0.000005 0.000000
vn 1.000000 -0.000005 0.000000
vn -1.000000 -0.000005 0.000000
vn -1.000000 -0.000005 0.000000
vn -1.000000 -0.000005 0.000000
vn -1.000000 -0.000005 0.000000
vn 1.000000 0.000000 0.000000
vn 1.000000 0.000000 0.000000
vn 1.000000 0.000000 0.000000
vn 1.000000 0.000000 0.000000
vn 1.000000 0.000005 -0.000002
vn 1.000000 0.000005 -0.000002
vn 1.000000 0.000005 -0.000002
vn 1.000000 0.000005 -0.000002
vn -1.000000 0.000000 0.000000
vn -1.000000 0.000000 0.000000
vn -1.000000 0.000000 0.000000
vn -1.000000 0.000000 0.000000
vn 0.000000 -0.912287 -0.409552
vn 0.000000 -0.912287 -0.409552
vn 0.000000 -0.912287 -0.409552
vn 0.000000 -0.912287 -0.409552
vn 0.001477 0.831469 -0.555569
vn 0.001477 0.831469 -0.555569
vn 0.001477 0.831469 -0.555569
vn 0.001477 0.831469 -0.555569
vn 0.001478 0.555577 -0.831464
vn 0.001478 0.555577 -0.831464
vn 0.001478 0.555577 -0.831464
vn 0.001478 0.555577 -0.831464
vn 0.001478 0.195089 -0.980784
vn 0.001478 0.195089 -0.980784
vn 0.001478 0.195089 -0.980784
vn 0.001478 0.195089 -0.980784
vn 0.001478 -0.195093 -0.980784
vn 0.001478 -0.195093 -0.980784
vn 0.001478 -0.195093 -0.980784
vn 0.001478 -0.195093 -0.980784
vn 0.001478 -0.555569 -0.831469
vn 0.001478 -0.555569 -0.831469
vn 0.001478 -0.555569 -0.831469
vn 0.001478 -0.555569 -0.831469
vn 0.000000 -0.912287 0.409552
vn 0.000000 -0.912287 0.409552
vn 0.000000 -0.912287 0.409552
vn 0.000000 -0.912287 0.409552
vn 0.000000 -0.919792 0.392406
vn 0.000000 -0.919792 0.392406
vn 0.000000 -0.919792 0.392406
vn 0.000000 -0.919792 0.392406
vn -1.000000 -0.000003 0.000000
vn -1.000000 -0.000003 0.000000
vn -1.000000 -0.000003 0.000000
vn -1.000000 -0.000003 0.000000
vn -1.000000 0.000000 0.000000
vn -1.000000 0.000000 0.000000
vn -1.000000 0.000000 0.000000
vn -1.000000 0.000000 0.000000
vn 0.000000 -0.919792 -0.392407
vn 0.000000 -0.919792 -0.392407
vn 0.000000 -0.919792 -0.392407
vn 0.000000 -0.919792 -0.392407
vn 0.000000 -0.046200 -0.998932
vn 0.000000 -0.046200 -0.998932
vn 0.000000 -0.046200 -0.998932
vn 0.000000 -0.046200 -0.998932
vn 0.000000 -0.923187 0.384350
vn 0.000000 -0.923187 0.384350
vn 0.000000 -0.923187 0.384350
vn 0.000000 -0.923187 0.384350
vn 0.000000 -0.046201 0.998932
vn 0.000000 -0.046201 0.998932
vn 0.000000 -0.046201 0.998932
vn 0.000000 -0.046201 0.998932
vn 0.000000 0.369741 0.929135
vn 0.000000 0.369741 0.929135
vn 0.000000 0.369741 0.929135
vn 0.000000 0.369741 0.929135
vn -1.000000 -0.000003 0.000000
vn -1.000000 -0.000003 0.000000
vn -1.000000 -0.000003 0.000000
vn -1.000000 -0.000003 0.000000
vn 1.000000 0.000000 0.000000
vn 1.000000 0.000000 0.000000
vn 1.000000 0.000000 0.000000
vn 1.000000 0.000000 0.000000
vn -1.000000 0.000000 0.000000
vn -1.000000 0.000000 0.000000
vn -1.000000 0.000000 0.000000
vn -1.000000 0.000000 0.000000
vn -1.000000 -0.000006 -0.000005
vn -1.000000 -0.000006 -0.000005
vn -1.000000 -0.000006 -0.000005
vn -1.000000 -0.000006 -0.000005
vn 0.000000 0.369741 -0.929135
vn 0.000000 0.369741 -0.929135
vn 0.000000 0.369741 -0.929135
vn 0.000000 0.369741 -0.929135
vn -1.000000 -0.000006 0.000003
vn -1.000000 -0.000006 0.000003
vn -1.000000 -0.000006 0.000003
vn -1.000000 -0.000006 0.000003
vn 1.000000 0.000000 -0.000003
vn 1.000000 0.000000 -0.000003
vn 1.000000 0.000000 -0.000003
vn 1.000000 0.000000 -0.000003
vn -1.000000 0.000005 0.000006
vn -1.000000 0.000005 0.000006
vn -1.000000 0.000005 0.000006
vn -1.000000 0.000005 0.000006
vn 0.000000 -0.980785 0.195090
vn 0.000000 -0.980785 0.195090
vn 0.000000 -0.980785 0.195090
vn 0.000000 -0.980785 0.195090
vn 1.000000 0.000000 0.000000
vn 1.000000 0.000000 0.000000
vn 1.000000 0.000000 0.000000
vn 1.000000 0.000000 0.000000
vn -1.000000 0.000000 0.000000
vn -1.000000 0.000000 0.000000
vn -1.000000 0.000000 0.000000
vn -1.000000 0.000000 0.000000
vn 0.001479 -0.980784 -0.195090
vn 0.001479 -0.980784 -0.195090
vn 0.001479 -0.980784 -0.195090
vn 0.001479 -0.980784 -0.195090
vn 1.000000 -0.000005 -0.000006
vn 1.000000 -0.000005 -0.000006
vn 1.000000 -0.000005 -0.000006
vn 1.000000 -0.000005 -0.000006
vn 0.001477 0.980782 -0.195099
vn 0.001477 0.980782 -0.195099
vn 0.001477 0.980782 -0.195099
vn 0.001477 0.980782 -0.195099
vn -1.000000 -0.000005 0.000000
vn -1.000000 -0.000005 0.000000
vn -1.000000 -0.000005 0.000000
vn -1.000000 -0.000005 0.000000
vn 1.000000 -0.000002 0.000000
vn 1.000000 -0.000002 0.000000
vn 1.000000 -0.000002 0.000000
vn 1.000000 -0.000002 0.000000
vn -1.000000 0.000000 0.000000
vn -1.000000 0.000000 0.000000
vn -1.000000 0.000000 0.000000
vn -1.000000 0.000000 0.000000
vn -1.000000 0.000000 0.000000
vn -1.000000 0.000000 0.000000
vn -1.000000 0.000000 0.000000
vn -1.000000 0.000000 0.000000
vn -1.000000 0.000000 0.000000
vn -1.000000 0.000000 0.000000
vn -1.000000 0.000000 0.000000
vn -1.000000 0.000000 0.000000
vn 0.001477 -0.831469 0.555569
vn 0.001477 -0.831469 0.555569
vn 0.001477 -0.831469 0.555569
vn 0.001477 -0.831469 0.555569
vn 1.000000 0.000000 0.000000
vn 1.000000 0.000000 0.000000
vn 1.000000 0.000000 0.000000
vn 1.000000 0.000000 0.000000
vn 1.000000 -0.000005 0.000000
vn 1.000000 -0.000005 0.000000
vn 1.000000 -0.000005 0.000000
vn 1.000000 -0.000005 0.000000
vn -1.000000 0.000002 0.000000
vn -1.000000 0.000002 0.000000
vn -1.000000 0.000002 0.000000
vn -1.000000 0.000002 0.000000
vn 1.000000 0.000002 0.000000
vn 1.000000 0.000002 0.000000
vn 1.000000 0.000002 0.000000
vn 1.000000 0.000002 0.000000
vn 1.000000 -0.000002 0.000000
vn 1.000000 -0.000002 0.000000
vn 1.000000 -0.000002 0.000000
vn 1.000000 -0.000002 0.000000
vn -1.000000 0.000003 0.000000
vn -1.000000 0.000003 0.000000
vn -1.000000 0.000003 0.000000
vn -1.000000 0.000003 0.000000
vn 0.001479 -0.980784 0.195090
vn 0.001479 -0.980784 0.195090
vn 0.001479 -0.980784 0.195090
vn 0.001479 -0.980784 0.195090
vn 1.000000 0.000000 0.000000
vn 1.000000 0.000000 0.000000
vn 1.000000 0.000000 0.000000
vn 1.000000 0.000000 0.000000
vn -1.000000 0.000002 0.000000
vn -1.000000 0.000002 0.000000
vn -1.000000 0.000002 0.000000
vn -1.000000 0.000002 0.000000
vn 1.000000 0.000000 0.000000
vn 1.000000 0.000000 0.000000
vn 1.000000 0.000000 0.000000
vn 1.000000 0.000000 0.000000
vn 1.000000 0.000000 0.000005
vn 1.000000 0.000000 0.000005
vn 1.000000 0.000000 0.000005
vn 1.000000 0.000000 0.000005
vn 1.000000 0.000000 0.000000
vn 1.000000 0.000000 0.000000
vn 1.000000 0.000000 0.000000
vn 1.000000 0.000000 0.000000
vn 1.000000 0.000000 0.000000
vn 1.000000 0.000000 0.000000
vn 1.000000 0.000000 0.000000
vn 1.000000 0.000000 0.000000
vn 0.000000 -0.923187 -0.384352
vn 0.000000 -0.923187 -0.384352
vn 0.000000 -0.923187 -0.384352
vn 0.000000 -0.923187 -0.384352
vn 1.000000 0.000000 0.000000
vn 1.000000 0.000000 0.000000
vn 1.000000 0.000000 0.000000
vn 1.000000 0.000000 0.000000
vn 0.001477 -0.831471 -0.555566
vn 0.001477 -0.831471 -0.555566
vn 0.001477 -0.831471 -0.555566
vn 0.001477 -0.831471 -0.555566
vn 1.000000 -0.000002 0.000000
vn 1.000000 -0.000002 0.000000
vn 1.000000 -0.000002 0.000000
vn 1.000000 -0.000002 0.000000
vn -1.000000 0.000000 0.000000
vn -1.000000 0.000000 0.000000
vn -1.000000 0.000000 0.000000
vn -1.000000 0.000000 0.000000
vn 1.000000 0.000000 0.000000
vn 1.000000 0.000000 0.000000
vn 1.000000 0.000000 0.000000
vn 1.000000 0.000000 0.000000
vn 0.000000 -0.980786 -0.195088
vn 0.000000 -0.980786 -0.195088
vn 0.000000 -0.980786 -0.195088
vn 0.000000 -0.980786 -0.195088
vn -1.000000 0.000000 0.000000
vn -1.000000 0.000000 0.000000
vn -1.000000 0.000000 0.000000
vn -1.000000 0.000000 0.000000
vn -1.000000 -0.000002 0.000000
vn -1.000000 -0.000002 0.000000
vn -1.000000 -0.000002 0.000000
vn -1.000000 -0.000002 0.000000
vn -1.000000 0.000000 0.000000
vn -1.000000 0.000000 0.000000
vn -1.000000 0.000000 0.000000
vn -1.000000 0.000000 0.000000
vn 1.000000 0.000002 0.000000
vn 1.000000 0.000002 0.000000
vn 1.000000 0.000002 0.000000
vn 1.000000 0.000002 0.000000
vn -1.000000 0.000000 0.000000
vn -1.000000 0.000000 0.000000
vn -1.000000 0.000000 0.000000
vn -1.000000 0.000000 0.000000
vn 1.000000 0.000000 0.000000
vn 1.000000 0.000000 0.000000
vn 1.000000 0.000000 0.000000
vn 1.000000 0.000000 0.000000
vn -1.000000 0.000000 0.000000
vn -1.000000 0.000000 0.000000
vn -1.000000 0.000000 0.000000
vn -1.000000 0.000000 0.000000
vn 1.000000 0.000000 0.000000
vn 1.000000 0.000000 0.000000
vn 1.000000 0.000000 0.000000
vn 1.000000 0.000000 0.000000
vn 1.000000 0.000005 0.000000
vn 1.000000 0.000005 0.000000
vn 1.000000 0.000005 0.000000
vn 1.000000 0.000005 0.000000
vn -1.000000 -0.000002 0.000000
vn -1.000000 -0.000002 0.000000
vn -1.000000 -0.000002 0.000000
vn -1.000000 -0.000002 0.000000
vn 0.001477 0.831469 -0.555569
vn 0.001477 0.831469 -0.555569
vn 0.001477 0.831469 -0.555569
vn 0.001477 0.831469 -0.555569
vn 0.001478 0.555575 -0.831465
vn 0.001478 0.555575 -0.831465
vn 0.001478 0.555575 -0.831465
vn 0.001478 0.555575 -0.831465
vn 0.001478 0.195088 -0.980785
vn 0.001478 0.195088 -0.980785
vn 0.001478 0.195088 -0.980785
vn 0.001478 0.195088 -0.980785
vn 0.001478 -0.195091 -0.980784
vn 0.001478 -0.195091 -0.980784
vn 0.001478 -0.195091 -0.980784
vn 0.001478 -0.195091 -0.980784
vn 0.001478 -0.555569 -0.831469
vn 0.001478 -0.555569 -0.831469
vn 0.001478 -0.555569 -0.831469
vn 0.001478 -0.555569 -0.831469
vn 0.000000 -0.912287 0.409552
vn 0.000000 -0.912287 0.409552
vn 0.000000 -0.912287 0.409552
vn 0.000000 -0.912287 0.409552
vn 0.000000 -0.919792 0.392406
vn 0.000000 -0.919792 0.392406
vn 0.000000 -0.919792 0.392406
vn 0.000000 -0.919792 0.392406
vn -1.000000 -0.000003 0.000000
vn -1.000000 -0.000003 0.000000
vn -1.000000 -0.000003 0.000000
vn -1.000000 -0.000003 0.000000
vn -1.000000 0.000000 0.000000
vn -1.000000 0.000000 0.000000
vn -1.000000 0.000000 0.000000
vn -1.000000 0.000000 0.000000
vn 0.000000 -0.919792 -0.392407
vn 0.000000 -0.919792 -0.392407
vn 0.000000 -0.919792 -0.392407
vn 0.000000 -0.919792 -0.392407
vn 0.000000 -0.046201 -0.998932
vn 0.000000 -0.046201 -0.998932
vn 0.000000 -0.046201 -0.998932
vn 0.000000 -0.046201 -0.998932
vn 0.000000 -0.923187 0.384350
vn 0.000000 -0.923187 0.384350
vn 0.000000 -0.923187 0.384350
vn 0.000000 -0.923187 0.384350
vn 0.000000 -0.046201 0.998932
vn 0.000000 -0.046201 0.998932
vn 0.000000 -0.046201 0.998932
vn 0.000000 -0.046201 0.998932
vn 0.000000 0.369741 0.929135
vn 0.000000 0.369741 0.929135
vn 0.000000 0.369741 0.929135
vn 0.000000 0.369741 0.929135
vn -1.000000 0.000000 0.000000
vn -1.000000 0.000000 0.000000
vn -1.000000 0.000000 0.000000
vn -1.000000 0.000000 0.000000
vn 1.000000 0.000000 0.000000
vn 1.000000 0.000000 0.000000
vn 1.000000 0.000000 0.000000
vn 1.000000 0.000000 0.000000
vn -1.000000 -0.000002 0.000000
vn -1.000000 -0.000002 0.000000
vn -1.000000 -0.000002 0.000000
vn -1.000000 -0.000002 0.000000
vn -1.000000 0.000000 -0.000005
vn -1.000000 0.000000 -0.000005
vn -1.000000 0.000000 -0.000005
vn -1.000000 0.000000 -0.000005
vn 0.000000 0.369741 -0.929135
vn 0.000000 0.369741 -0.929135
vn 0.000000 0.369741 -0.929135
vn 0.000000 0.369741 -0.929135
vn -1.000000 -0.000006 0.000003
vn -1.000000 -0.000006 0.000003
vn -1.000000 -0.000006 0.000003
vn -1.000000 -0.000006 0.000003
vn 1.000000 0.000000 -0.000003
vn 1.000000 0.000000 -0.000003
vn 1.000000 0.000000 -0.000003
vn 1.000000 0.000000 -0.000003
vn -1.000000 0.000002 0.000006
vn -1.000000 0.000002 0.000006
vn -1.000000 0.000002 0.000006
vn -1.000000 0.000002 0.000006
vn 0.000000 -0.980786 0.195089
vn 0.000000 -0.980786 0.195089
vn 0.000000 -0.980786 0.195089
vn 0.000000 -0.980786 0.195089
vn 1.000000 0.000005 -0.000006
vn 1.000000 0.000005 -0.000006
vn 1.000000 0.000005 -0.000006
vn 1.000000 0.000005 -0.000006
vn -1.000000 -0.000002 0.000006
vn -1.000000 -0.000002 0.000006
vn -1.000000 -0.000002 0.000006
vn -1.000000 -0.000002 0.000006
vn 0.001479 -0.980784 -0.195092
vn 0.001479 -0.980784 -0.195092
vn 0.001479 -0.980784 -0.195092
vn 0.001479 -0.980784 -0.195092
vn 1.000000 -0.000002 -0.000006
vn 1.000000 -0.000002 -0.000006
vn 1.000000 -0.000002 -0.000006
vn 1.000000 -0.000002 -0.000006
vn 0.001477 0.980783 -0.195098
vn 0.001477 0.980783 -0.195098
vn 0.001477 0.980783 -0.195098
vn 0.001477 0.980783 -0.195098
vn -1.000000 0.000000 0.000000
vn -1.000000 0.000000 0.000000
vn -1.000000 0.000000 0.000000
vn -1.000000 0.000000 0.000000
vn 0.000000 0.403396 0.915026
vn 0.000000 0.403396 0.915026
vn 0.000000 0.403396 0.915026
vn 0.000000 0.403396 0.915026
vn 0.000000 -0.403395 -0.915026
vn 0.000000 -0.403395 -0.915026
vn 0.000000 -0.403395 -0.915026
vn 0.000000 -0.403395 -0.915026
vn 0.000000 0.912829 -0.408342
vn 0.000000 0.912829 -0.408342
vn 0.000000 0.912829 -0.408342
vn 0.000000 0.912829 -0.408342
vn 1.000000 0.000003 0.000000
vn 1.000000 0.000003 0.000000
vn 1.000000 0.000003 0.000000
vn 1.000000 0.000003 0.000000
vn 0.000000 -0.912829 0.408343
vn 0.000000 -0.912829 0.408343
vn 0.000000 -0.912829 0.408343
vn 0.000000 -0.912829 0.408343
vn -0.413084 -0.329494 0.848997
vn -0.413084 -0.329494 0.848997
vn -0.413084 -0.329494 0.848997
vn -0.413092 -0.848989 -0.329503
vn -0.413092 -0.848989 -0.329503
vn -0.413092 -0.848989 -0.329503
vn 0.413071 -0.849006 -0.329486
vn 0.413071 -0.849006 -0.329486
vn 0.413071 -0.849006 -0.329486
vn 0.413089 -0.329468 0.849005
vn 0.413089 -0.329468 0.849005
vn 0.413089 -0.329468 0.849005
vn -0.413075 0.849014 0.329460
vn -0.413075 0.849014 0.329460
vn -0.413075 0.849014 0.329460
vn -0.413068 0.329442 -0.849025
vn -0.413068 0.329442 -0.849025
vn -0.413068 0.329442 -0.849025
vn 0.413068 0.329442 -0.849025
vn 0.413068 0.329442 -0.849025
vn 0.413068 0.329442 -0.849025
vn 0.413075 0.849014 0.329460
vn 0.413075 0.849014 0.329460
vn 0.413075 0.849014 0.329460
vn -0.539929 0.339551 0.770183
vn -0.539929 0.339551 0.770183
vn -0.539929 0.339551 0.770183
vn -0.539929 0.339551 0.770183
vn -0.539934 0.768334 -0.343708
vn -0.539934 0.768334 -0.343708
vn -0.539934 0.768334 -0.343708
vn -0.539934 0.768334 -0.343708
vn -0.539937 -0.339550 -0.770178
vn -0.539937 -0.339550 -0.770178
vn -0.539937 -0.339550 -0.770178
vn -0.539937 -0.339550 -0.770178
vn -0.539926 -0.768341 0.343704
vn -0.539926 -0.768341 0.343704
vn -0.539926 -0.768341 0.343704
vn -0.539926 -0.768341 0.343704
vn 0.000000 0.361773 -0.932266
vn 0.000000 0.361773 -0.932266
vn 0.000000 0.361773 -0.932266
vn 0.000000 0.361773 -0.932266
vn 0.539940 -0.339539 -0.770181
vn 0.539940 -0.339539 -0.770181
vn 0.539940 -0.339539 -0.770181
vn 0.539940 -0.339539 -0.770181
vn 0.000000 -0.932269 -0.361766
vn 0.000000 -0.932269 -0.361766
vn 0.000000 -0.932269 -0.361766
vn 0.000000 -0.932269 -0.361766
vn 0.539943 0.768325 -0.343712
vn 0.539943 0.768325 -0.343712
vn 0.539943 0.768325 -0.343712
vn 0.539943 0.768325 -0.343712
vn 0.539931 0.339539 0.770187
vn 0.539931 0.339539 0.770187
vn 0.539931 0.339539 0.770187
vn 0.539931 0.339539 0.770187
vn 0.539926 -0.768341 0.343704
vn 0.539926 -0.768341 0.343704
vn 0.539926 -0.768341 0.343704
vn 0.539926 -0.768341 0.343704
vn 0.000000 0.932263 0.361780
vn 0.000000 0.932263 0.361780
vn 0.000000 0.932263 0.361780
vn 0.000000 0.932263 0.361780
vn 0.000000 -0.361778 0.932264
vn 0.000000 -0.361778 0.932264
vn 0.000000 -0.361778 0.932264
vn 0.000000 -0.361778 0.932264
vn -1.000000 0.000000 0.000000
vn -1.000000 0.000000 0.000000
vn -1.000000 0.000000 0.000000
vn -1.000000 0.000000 0.000000
vn 0.000000 -0.361778 -0.932264
vn 0.000000 -0.361778 -0.932264
vn 0.000000 -0.361778 -0.932264
vn 0.000000 -0.361778 -0.932264
vn 0.000000 0.932264 -0.361780
vn 0.000000 0.932264 -0.361780
vn 0.000000 0.932264 -0.361780
vn 0.000000 0.932264 -0.361780
vn 0.539928 -0.768338 -0.343705
vn 0.539928 -0.768338 -0.343705
vn 0.539928 -0.768338 -0.343705
vn 0.539928 -0.768338 -0.343705
vn 0.539930 0.339539 -0.770187
vn 0.539930 0.339539 -0.770187
vn 0.539930 0.339539 -0.770187
vn 0.539930 0.339539 -0.770187
vn 0.539926 0.768341 0.343703
vn 0.539926 0.768341 0.343703
vn 0.539926 0.768341 0.343703
vn 0.539926 0.768341 0.343703
vn 0.000000 -0.932269 0.361766
vn 0.000000 -0.932269 0.361766
vn 0.000000 -0.932269 0.361766
vn 0.000000 -0.932269 0.361766
vn 0.539939 -0.339540 0.770181
vn 0.539939 -0.339540 0.770181
vn 0.539939 -0.339540 0.770181
vn 0.539939 -0.339540 0.770181
vn 0.000000 0.361772 0.932267
vn 0.000000 0.361772 0.932267
vn 0.000000 0.361772 0.932267
vn 0.000000 0.361772 0.932267
vn -0.539926 -0.768341 -0.343704
vn -0.539926 -0.768341 -0.343704
vn -0.539926 -0.768341 -0.343704
vn -0.539926 -0.768341 -0.343704
vn -0.539936 -0.339551 0.770178
vn -0.539936 -0.339551 0.770178
vn -0.539936 -0.339551 0.770178
vn -0.539936 -0.339551 0.770178
vn -0.539925 0.768343 0.343701
vn -0.539925 0.768343 0.343701
vn -0.539925 0.768343 0.343701
vn -0.539925 0.768343 0.343701
vn -0.539928 0.339552 -0.770183
vn -0.539928 0.339552 -0.770183
vn -0.539928 0.339552 -0.770183
vn -0.539928 0.339552 -0.770183
vn 0.413091 0.849000 -0.329478
vn 0.413091 0.849000 -0.329478
vn 0.413091 0.849000 -0.329478
vn 0.413068 0.329442 0.849025
vn 0.413068 0.329442 0.849025
vn 0.413068 0.329442 0.849025
vn -0.413068 0.329442 0.849025
vn -0.413068 0.329442 0.849025
vn -0.413068 0.329442 0.849025
vn -0.413069 0.849016 -0.329462
vn -0.413069 0.849016 -0.329462
vn -0.413069 0.849016 -0.329462
vn 0.413093 -0.329467 -0.849003
vn 0.413093 -0.329467 -0.849003
vn 0.413093 -0.329467 -0.849003
vn 0.413072 -0.849005 0.329486
vn 0.413072 -0.849005 0.329486
vn 0.413072 -0.849005 0.329486
vn -0.413092 -0.848989 0.329503
vn -0.413092 -0.848989 0.329503
vn -0.413092 -0.848989 0.329503
vn -0.413089 -0.329493 -0.848995
vn -0.413089 -0.329493 -0.848995
vn -0.413089 -0.329493 -0.848995
vn 0.000000 -0.912829 -0.408343
vn 0.000000 -0.912829 -0.408343
vn 0.000000 -0.912829 -0.408343
vn 0.000000 -0.912829 -0.408343
vn 1.000000 0.000000 0.000000
vn 1.000000 0.000000 0.000000
vn 1.000000 0.000000 0.000000
vn 1.000000 0.000000 0.000000
vn 0.000000 0.912829 0.408343
vn 0.000000 0.912829 0.408343
vn 0.000000 0.912829 0.408343
vn 0.000000 0.912829 0.408343
vn 0.000000 -0.403395 0.915026
vn 0.000000 -0.403395 0.915026
vn 0.000000 -0.403395 0.915026
vn 0.000000 -0.403395 0.915026
vn 0.000000 0.403396 -0.915026
vn 0.000000 0.403396 -0.915026
vn 0.000000 0.403396 -0.915026
vn 0.000000 0.403396 -0.915026
vn 0.000000 0.707108 -0.707105
vn 0.000000 0.707108 -0.707105
vn 0.000000 0.923880 -0.382683
vn 0.000000 0.923880 -0.382683
vn 0.000000 0.923880 -0.382683
vn 0.000000 0.923880 -0.382683
vn 0.000000 1.000000 0.000002
vn 0.000000 1.000000 0.000001
vn 0.000000 0.382685 -0.923879
vn 0.000000 0.382685 -0.923879
vn 0.000000 0.707108 -0.707105
vn 0.000000 0.707108 -0.707105
vn 0.000000 0.195090 -0.980785
vn 0.000000 0.195090 -0.980785
vn 0.000000 0.382685 -0.923879
vn 0.000000 0.382685 -0.923879
vn 0.000000 0.195090 0.980785
vn 0.000000 0.382685 0.923879
vn 0.000000 0.382685 0.923879
vn 0.000000 0.195090 0.980785
vn 0.000000 0.382685 0.923879
vn 0.000000 0.707108 0.707106
vn 0.000000 0.707108 0.707106
vn 0.000000 0.382685 0.923879
vn 0.000000 0.707108 0.707106
vn 0.000000 0.923879 0.382684
vn 0.000000 0.923879 0.382685
vn 0.000000 0.707108 0.707106
vn 0.000000 0.923879 0.382684
vn 0.000000 1.000000 0.000001
vn 0.000000 1.000000 0.000002
vn 0.000000 0.923879 0.382685
vn 0.000000 0.707108 -0.707106
vn 0.000000 0.707108 -0.707106
vn 0.000000 0.923879 -0.382684
vn 0.000000 0.923879 -0.382684
vn 0.000000 0.923879 -0.382684
vn 0.000000 0.923879 -0.382684
vn 0.000000 1.000000 0.000001
vn 0.000000 1.000000 0.000000
vn 0.000000 0.382685 -0.923879
vn 0.000000 0.382685 -0.923879
vn 0.000000 0.707108 -0.707106
vn 0.000000 0.707108 -0.707106
vn 0.000000 0.195090 -0.980785
vn 0.000000 0.195090 -0.980785
vn 0.000000 0.382685 -0.923879
vn 0.000000 0.382685 -0.923879
vn 0.000000 0.195090 0.980785
vn 0.000000 0.382685 0.923879
vn 0.000000 0.382685 0.923879
vn 0.000000 0.195090 0.980785
vn 0.000000 0.382685 0.923879
vn 0.000000 0.707108 0.707106
vn 0.000000 0.707108 0.707106
vn 0.000000 0.382685 0.923879
vn 0.000000 0.707108 0.707106
vn 0.000000 0.923879 0.382684
vn 0.000000 0.923879 0.382685
vn 0.000000 0.707108 0.707106
vn 0.000000 0.923879 0.382684
vn 0.000000 1.000000 0.000000
vn 0.000000 1.000000 0.000001
vn 0.000000 0.923879 0.382685
vn 0.849542 -0.213066 0.482577
vn 0.535742 0.574364 0.618940
vn 0.382598 0.429136 0.818206
vn 0.554813 -0.336077 0.761075
vn 0.000000 -0.403002 -0.915199
vn -0.266267 -0.388446 -0.882163
vn -0.194823 0.336681 -0.921244
vn 0.000000 0.305928 -0.952055
vn 1.000000 0.000091 -0.000275
vn 0.598614 0.732226 0.324817
vn 0.535742 0.574364 0.618940
vn 0.849542 -0.213066 0.482577
vn -0.266267 -0.388446 -0.882163
vn -0.554893 -0.335270 -0.761372
vn -0.382598 0.429136 -0.818206
vn -0.194823 0.336681 -0.921244
vn 0.849276 0.213244 -0.482967
vn 0.535745 0.844316 0.010388
vn 0.598614 0.732226 0.324817
vn 1.000000 0.000091 -0.000275
vn -0.554893 -0.335270 -0.761372
vn -0.849615 -0.212530 -0.482686
vn -0.535742 0.574364 -0.618940
vn -0.382598 0.429136 -0.818206
vn 0.554586 0.336149 -0.761209
vn 0.382596 0.894581 -0.230965
vn 0.535745 0.844316 0.010388
vn 0.849276 0.213244 -0.482967
vn -0.849615 -0.212530 -0.482686
vn -1.000000 0.000183 0.000458
vn -0.598599 0.732237 -0.324822
vn -0.535742 0.574364 -0.618940
vn 0.266112 0.389392 -0.881793
vn 0.194825 0.908915 -0.368670
vn 0.382596 0.894581 -0.230965
vn 0.554586 0.336149 -0.761209
vn -1.000000 0.000183 0.000458
vn -0.849198 0.212818 0.483293
vn -0.535745 0.844316 -0.010388
vn -0.598599 0.732237 -0.324822
vn 0.000000 0.403951 -0.914781
vn 0.000000 0.911124 -0.412133
vn 0.194825 0.908915 -0.368670
vn 0.266112 0.389392 -0.881793
vn -0.849198 0.212818 0.483293
vn -0.554518 0.335346 0.761612
vn -0.382596 0.894581 0.230965
vn -0.535745 0.844316 -0.010388
vn -0.266112 0.389392 -0.881793
vn -0.194825 0.908915 -0.368670
vn 0.000000 0.911124 -0.412133
vn 0.000000 0.403951 -0.914781
vn -0.554518 0.335346 0.761612
vn -0.266091 0.388469 0.882206
vn -0.194821 0.908931 0.368632
vn -0.382596 0.894581 0.230965
vn -0.554593 0.336116 -0.761218
vn -0.382596 0.894581 -0.230965
vn -0.194825 0.908915 -0.368670
vn -0.266112 0.389392 -0.881793
vn -0.266091 0.388469 0.882206
vn 0.000000 0.403002 0.915199
vn 0.000000 0.911124 0.412133
vn -0.194821 0.908931 0.368632
vn -0.849276 0.213244 -0.482967
vn -0.535745 0.844316 0.010388
vn -0.382596 0.894581 -0.230965
vn -0.554593 0.336116 -0.761218
vn 0.000000 0.403002 0.915199
vn 0.266091 0.388469 0.882206
vn 0.194821 0.908931 0.368632
vn 0.000000 0.911124 0.412133
vn -1.000000 0.000091 -0.000275
vn -0.598614 0.732226 0.324817
vn -0.535745 0.844316 0.010388
vn -0.849276 0.213244 -0.482967
vn 0.266091 0.388469 0.882206
vn 0.554518 0.335346 0.761612
vn 0.382596 0.894581 0.230965
vn 0.194821 0.908931 0.368632
vn -0.849535 -0.213106 0.482573
vn -0.535752 0.574341 0.618953
vn -0.598614 0.732226 0.324817
vn -1.000000 0.000091 -0.000275
vn 0.554518 0.335346 0.761612
vn 0.849198 0.212818 0.483293
vn 0.535745 0.844316 -0.010388
vn 0.382596 0.894581 0.230965
vn -0.554828 -0.336086 0.761060
vn -0.382598 0.429136 0.818206
vn -0.535752 0.574341 0.618953
vn -0.849535 -0.213106 0.482573
vn 0.849198 0.212818 0.483293
vn 1.000000 0.000183 0.000457
vn 0.598599 0.732237 -0.324822
vn 0.535745 0.844316 -0.010388
vn 0.554813 -0.336077 0.761075
vn 0.382598 0.429136 0.818206
vn 0.194823 0.336681 0.921244
vn 0.266229 -0.389376 0.881765
vn -0.266229 -0.389376 0.881765
vn -0.194823 0.336681 0.921244
vn -0.382598 0.429136 0.818206
vn -0.554828 -0.336086 0.761060
vn 1.000000 0.000183 0.000457
vn 0.849615 -0.212530 -0.482686
vn 0.535742 0.574364 -0.618940
vn 0.598599 0.732237 -0.324822
vn 0.266229 -0.389376 0.881765
vn 0.194823 0.336681 0.921244
vn 0.000000 0.305928 0.952055
vn 0.000000 -0.403951 0.914781
vn 0.000000 -0.403951 0.914781
vn 0.000000 0.305928 0.952055
vn -0.194823 0.336681 0.921244
vn -0.266229 -0.389376 0.881765
vn 0.849615 -0.212530 -0.482686
vn 0.554893 -0.335270 -0.761372
vn 0.382598 0.429136 -0.818206
vn 0.535742 0.574364 -0.618940
vn -0.194823 0.336681 -0.921244
vn -0.382598 0.429136 -0.818206
vn -0.535742 0.574364 -0.618940
vn -0.598599 0.732237 -0.324822
vn -0.535745 0.844316 -0.010388
vn -0.382596 0.894581 0.230965
vn -0.194821 0.908931 0.368632
vn 0.000000 0.911124 0.412133
vn 0.194821 0.908931 0.368632
vn 0.382596 0.894581 0.230965
vn 0.535745 0.844316 -0.010388
vn 0.598599 0.732237 -0.324822
vn 0.535742 0.574364 -0.618940
vn 0.382598 0.429136 -0.818206
vn 0.194825 0.336654 -0.921253
vn 0.000000 0.305928 -0.952055
vn 0.266267 -0.388446 -0.882163
vn 0.000000 -0.403002 -0.915199
vn 0.000000 0.305928 -0.952055
vn 0.194825 0.336654 -0.921253
vn 0.554893 -0.335270 -0.761372
vn 0.266267 -0.388446 -0.882163
vn 0.194825 0.336654 -0.921253
vn 0.382598 0.429136 -0.818206
vn -0.194823 0.336681 0.921244
vn 0.000000 0.305928 0.952055
vn 0.194823 0.336681 0.921244
vn 0.382598 0.429136 0.818206
vn 0.535742 0.574364 0.618940
vn 0.598614 0.732226 0.324817
vn 0.535745 0.844316 0.010388
vn 0.382596 0.894581 -0.230965
vn 0.194825 0.908915 -0.368670
vn 0.000000 0.911124 -0.412133
vn -0.194825 0.908915 -0.368670
vn -0.382596 0.894581 -0.230965
vn -0.535745 0.844316 0.010388
vn -0.598614 0.732226 0.324817
vn -0.535752 0.574341 0.618953
vn -0.382598 0.429136 0.818206
vn 0.000000 -0.403002 -0.915199
vn -0.266091 -0.388469 -0.882206
vn -0.266267 -0.388446 -0.882163
vn 0.000000 -0.403002 -0.915199
vn -0.266091 -0.388469 -0.882206
vn -0.554526 -0.335387 -0.761588
vn -0.554893 -0.335270 -0.761372
vn -0.266267 -0.388446 -0.882163
vn -0.554526 -0.335387 -0.761588
vn -0.849198 -0.212818 -0.483293
vn -0.849615 -0.212530 -0.482686
vn -0.554893 -0.335270 -0.761372
vn -0.849198 -0.212818 -0.483293
vn -1.000000 -0.000183 -0.000457
vn -1.000000 0.000183 0.000458
vn -0.849615 -0.212530 -0.482686
vn -1.000000 -0.000183 -0.000457
vn -0.849615 0.212530 0.482686
vn -0.849198 0.212818 0.483293
vn -1.000000 0.000183 0.000458
vn -0.849615 0.212530 0.482686
vn -0.554893 0.335270 0.761372
vn -0.554518 0.335346 0.761612
vn -0.849198 0.212818 0.483293
vn -0.554893 0.335270 0.761372
vn -0.266267 0.388446 0.882163
vn -0.266091 0.388469 0.882206
vn -0.554518 0.335346 0.761612
vn -0.266267 0.388446 0.882163
vn 0.000000 0.403002 0.915199
vn 0.000000 0.403002 0.915199
vn -0.266091 0.388469 0.882206
vn 0.000000 0.403002 0.915199
vn 0.266267 0.388446 0.882163
vn 0.266091 0.388469 0.882206
vn 0.000000 0.403002 0.915199
vn 0.266267 0.388446 0.882163
vn 0.554893 0.335270 0.761372
vn 0.554518 0.335346 0.761612
vn 0.266091 0.388469 0.882206
vn 0.554893 0.335270 0.761372
vn 0.849615 0.212530 0.482686
vn 0.849198 0.212818 0.483293
vn 0.554518 0.335346 0.761612
vn 0.849615 0.212530 0.482686
vn 1.000000 -0.000183 -0.000458
vn 1.000000 0.000183 0.000457
vn 0.849198 0.212818 0.483293
vn 1.000000 -0.000183 -0.000458
vn 0.849198 -0.212818 -0.483293
vn 0.849615 -0.212530 -0.482686
vn 1.000000 0.000183 0.000457
vn 0.849198 -0.212818 -0.483293
vn 0.554526 -0.335387 -0.761588
vn 0.554893 -0.335270 -0.761372
vn 0.849615 -0.212530 -0.482686
vn 0.266091 -0.388469 -0.882206
vn 0.000000 -0.403002 -0.915199
vn 0.000000 -0.403002 -0.915199
vn 0.266267 -0.388446 -0.882163
vn 0.554526 -0.335387 -0.761588
vn 0.266091 -0.388469 -0.882206
vn 0.266267 -0.388446 -0.882163
vn 0.554893 -0.335270 -0.761372
vn -0.000001 -0.405525 -0.914084
vn -0.266181 -0.390895 -0.881107
vn -0.266091 -0.388469 -0.882206
vn 0.000000 -0.403002 -0.915199
vn -0.266181 -0.390895 -0.881107
vn -0.554699 -0.337422 -0.760562
vn -0.554526 -0.335387 -0.761588
vn -0.266091 -0.388469 -0.882206
vn -0.554699 -0.337422 -0.760562
vn -0.849399 -0.214026 -0.482405
vn -0.849198 -0.212818 -0.483293
vn -0.554526 -0.335387 -0.761588
vn -0.849399 -0.214026 -0.482405
vn -1.000000 0.000000 0.000002
vn -1.000000 -0.000183 -0.000457
vn -0.849198 -0.212818 -0.483293
vn -1.000000 0.000000 0.000002
vn -0.849398 0.214027 0.482407
vn -0.849615 0.212530 0.482686
vn -1.000000 -0.000183 -0.000457
vn -0.849398 0.214027 0.482407
vn -0.554690 0.337416 0.760572
vn -0.554893 0.335270 0.761372
vn -0.849615 0.212530 0.482686
vn -0.554690 0.337416 0.760572
vn -0.266175 0.390881 0.881115
vn -0.266267 0.388446 0.882163
vn -0.554893 0.335270 0.761372
vn -0.266175 0.390881 0.881115
vn 0.000001 0.405514 0.914089
vn 0.000000 0.403002 0.915199
vn -0.266267 0.388446 0.882163
vn 0.000001 0.405514 0.914089
vn 0.266173 0.390884 0.881114
vn 0.266267 0.388446 0.882163
vn 0.000000 0.403002 0.915199
vn 0.266173 0.390884 0.881114
vn 0.554686 0.337417 0.760574
vn 0.554893 0.335270 0.761372
vn 0.266267 0.388446 0.882163
vn 0.554686 0.337417 0.760574
vn 0.849402 0.214001 0.482410
vn 0.849615 0.212530 0.482686
vn 0.554893 0.335270 0.761372
vn 0.849402 0.214001 0.482410
vn 1.000000 0.000000 0.000000
vn 1.000000 -0.000183 -0.000458
vn 0.849615 0.212530 0.482686
vn 1.000000 0.000000 0.000000
vn 0.849404 -0.214000 -0.482408
vn 0.849198 -0.212818 -0.483293
vn 1.000000 -0.000183 -0.000458
vn 0.849404 -0.214000 -0.482408
vn 0.554698 -0.337422 -0.760563
vn 0.554526 -0.335387 -0.761588
vn 0.849198 -0.212818 -0.483293
vn 0.266181 -0.390895 -0.881107
vn -0.000001 -0.405525 -0.914084
vn 0.000000 -0.403002 -0.915199
vn 0.266091 -0.388469 -0.882206
vn 0.554698 -0.337422 -0.760563
vn 0.266181 -0.390895 -0.881107
vn 0.266091 -0.388469 -0.882206
vn 0.554526 -0.335387 -0.761588
vn 0.849293 -0.213249 0.482936
vn 0.849542 -0.213066 0.482577
vn 0.554813 -0.336077 0.761075
vn 0.554586 -0.336149 0.761209
vn 1.000000 -0.000091 0.000275
vn 1.000000 0.000091 -0.000275
vn 0.849542 -0.213066 0.482577
vn 0.849293 -0.213249 0.482936
vn 0.849535 0.213106 -0.482573
vn 0.849276 0.213244 -0.482967
vn 1.000000 0.000091 -0.000275
vn 1.000000 -0.000091 0.000275
vn 0.554828 0.336086 -0.761060
vn 0.554586 0.336149 -0.761209
vn 0.849276 0.213244 -0.482967
vn 0.849535 0.213106 -0.482573
vn 0.266245 0.389401 -0.881748
vn 0.266112 0.389392 -0.881793
vn 0.554586 0.336149 -0.761209
vn 0.554828 0.336086 -0.761060
vn 0.000000 0.403977 -0.914769
vn 0.000000 0.403951 -0.914781
vn 0.266112 0.389392 -0.881793
vn 0.266245 0.389401 -0.881748
vn -0.266226 0.389403 -0.881753
vn -0.266112 0.389392 -0.881793
vn 0.000000 0.403951 -0.914781
vn 0.000000 0.403977 -0.914769
vn -0.554828 0.336086 -0.761060
vn -0.554593 0.336116 -0.761218
vn -0.266112 0.389392 -0.881793
vn -0.266226 0.389403 -0.881753
vn -0.849552 0.213110 -0.482540
vn -0.849276 0.213244 -0.482967
vn -0.554593 0.336116 -0.761218
vn -0.554828 0.336086 -0.761060
vn -1.000000 -0.000091 0.000275
vn -1.000000 0.000091 -0.000275
vn -0.849276 0.213244 -0.482967
vn -0.849552 0.213110 -0.482540
vn -0.849285 -0.213290 0.482931
vn -0.849535 -0.213106 0.482573
vn -1.000000 0.000091 -0.000275
vn -1.000000 -0.000091 0.000275
vn -0.554586 -0.336149 0.761209
vn -0.554828 -0.336086 0.761060
vn -0.849535 -0.213106 0.482573
vn -0.849285 -0.213290 0.482931
vn 0.554586 -0.336149 0.761209
vn 0.554813 -0.336077 0.761075
vn 0.266229 -0.389376 0.881765
vn 0.266132 -0.389390 0.881788
vn -0.266132 -0.389390 0.881788
vn -0.266229 -0.389376 0.881765
vn -0.554828 -0.336086 0.761060
vn -0.554586 -0.336149 0.761209
vn 0.266132 -0.389390 0.881788
vn 0.266229 -0.389376 0.881765
vn 0.000000 -0.403951 0.914781
vn 0.000000 -0.403977 0.914769
vn 0.000000 -0.403977 0.914769
vn 0.000000 -0.403951 0.914781
vn -0.266229 -0.389376 0.881765
vn -0.266132 -0.389390 0.881788
vn 0.849412 -0.213982 0.482401
vn 0.849293 -0.213249 0.482936
vn 0.554586 -0.336149 0.761209
vn 0.554710 -0.337413 0.760558
vn 1.000000 0.000038 0.000000
vn 1.000000 -0.000091 0.000275
vn 0.849293 -0.213249 0.482936
vn 0.849412 -0.213982 0.482401
vn 0.849399 0.214041 -0.482398
vn 0.849535 0.213106 -0.482573
vn 1.000000 -0.000091 0.000275
vn 1.000000 0.000038 0.000000
vn 0.554707 0.337439 -0.760549
vn 0.554828 0.336086 -0.761060
vn 0.849535 0.213106 -0.482573
vn 0.849399 0.214041 -0.482398
vn 0.266196 0.390916 -0.881093
vn 0.266245 0.389401 -0.881748
vn 0.554828 0.336086 -0.761060
vn 0.554707 0.337439 -0.760549
vn 0.000003 0.405552 -0.914072
vn 0.000000 0.403977 -0.914769
vn 0.266245 0.389401 -0.881748
vn 0.266196 0.390916 -0.881093
vn -0.266182 0.390922 -0.881094
vn -0.266226 0.389403 -0.881753
vn 0.000000 0.403977 -0.914769
vn 0.000003 0.405552 -0.914072
vn -0.554716 0.337431 -0.760546
vn -0.554828 0.336086 -0.761060
vn -0.266226 0.389403 -0.881753
vn -0.266182 0.390922 -0.881094
vn -0.849419 0.214002 -0.482381
vn -0.849552 0.213110 -0.482540
vn -0.554828 0.336086 -0.761060
vn -0.554716 0.337431 -0.760546
vn -1.000000 -0.000005 -0.000002
vn -1.000000 -0.000091 0.000275
vn -0.849552 0.213110 -0.482540
vn -0.849419 0.214002 -0.482381
vn -0.849405 -0.214022 0.482397
vn -0.849285 -0.213290 0.482931
vn -1.000000 -0.000091 0.000275
vn -1.000000 -0.000005 -0.000002
vn -0.554706 -0.337426 0.760556
vn -0.554586 -0.336149 0.761209
vn -0.849285 -0.213290 0.482931
vn -0.849405 -0.214022 0.482397
vn 0.554710 -0.337413 0.760558
vn 0.554586 -0.336149 0.761209
vn 0.266132 -0.389390 0.881788
vn 0.266189 -0.390911 0.881097
vn -0.266190 -0.390900 0.881102
vn -0.266132 -0.389390 0.881788
vn -0.554586 -0.336149 0.761209
vn -0.554706 -0.337426 0.760556
vn 0.266189 -0.390911 0.881097
vn 0.266132 -0.389390 0.881788
vn 0.000000 -0.403977 0.914769
vn -0.000001 -0.405547 0.914074
vn -0.000001 -0.405547 0.914074
vn 0.000000 -0.403977 0.914769
vn -0.266132 -0.389390 0.881788
vn -0.266190 -0.390900 0.881102
vn 0.000000 0.707106 -0.707107
vn 0.000000 0.923879 -0.382685
vn 0.000000 0.923879 -0.382684
vn 0.000000 0.707107 -0.707107
vn 0.000000 0.923879 -0.382685
vn 0.000000 1.000000 0.000000
vn 0.000000 1.000000 0.000000
vn 0.000000 0.923879 -0.382684
vn 0.000000 0.382683 -0.923880
vn 0.000000 0.707106 -0.707107
vn 0.000000 0.707107 -0.707107
vn 0.000000 0.382683 -0.923880
vn 0.000000 0.195090 -0.980785
vn 0.000000 0.382683 -0.923880
vn 0.000000 0.382683 -0.923880
vn 0.000000 0.195090 -0.980785
vn 0.000000 0.195090 0.980785
vn 0.000000 0.195090 0.980785
vn 0.000000 0.382685 0.923879
vn 0.000000 0.382685 0.923879
vn 0.000000 0.382685 0.923879
vn 0.000000 0.382685 0.923879
vn 0.000000 0.707108 0.707105
vn 0.000000 0.707108 0.707105
vn 0.000000 0.707108 0.707105
vn 0.000000 0.707108 0.707105
vn 0.000000 0.923880 0.382683
vn 0.000000 0.923880 0.382683
vn 0.000000 0.923880 0.382683
vn 0.000000 0.923880 0.382683
vn 0.000000 1.000000 0.000000
vn 0.000000 1.000000 0.000000
vn 0.000000 0.707107 -0.707106
vn 0.000000 0.923880 -0.382683
vn 0.000000 0.923880 -0.382683
vn 0.000000 0.707107 -0.707106
vn 0.000000 0.923880 -0.382683
vn 0.000000 1.000000 0.000001
vn 0.000000 1.000000 0.000001
vn 0.000000 0.923880 -0.382683
vn 0.000000 0.382684 -0.923879
vn 0.000000 0.707107 -0.707106
vn 0.000000 0.707107 -0.707106
vn 0.000000 0.382684 -0.923879
vn 0.000000 0.195091 -0.980785
vn 0.000000 0.382684 -0.923879
vn 0.000000 0.382684 -0.923879
vn 0.000000 0.195091 -0.980785
vn 0.000000 0.195091 0.980785
vn 0.000000 0.195091 0.980785
vn 0.000000 0.382685 0.923879
vn 0.000000 0.382685 0.923879
vn 0.000000 0.382685 0.923879
vn 0.000000 0.382685 0.923879
vn 0.000000 0.707108 0.707106
vn 0.000000 0.707108 0.707106
vn 0.000000 0.707108 0.707106
vn 0.000000 0.707108 0.707106
vn 0.000000 0.923879 0.382685
vn 0.000000 0.923879 0.382685
vn 0.000000 0.923879 0.382685
vn 0.000000 0.923879 0.382685
vn 0.000000 1.000000 0.000001
vn 0.000000 1.000000 0.000001
vn -0.849535 -0.213106 0.482573
vn -0.554828 -0.336086 0.761060
vn -0.382598 0.429136 0.818206
vn -0.535752 0.574341 0.618953
vn 0.000000 -0.403002 -0.915199
vn 0.000000 0.305919 -0.952058
vn 0.194845 0.336653 -0.921249
vn 0.266274 -0.388457 -0.882156
vn -1.000000 0.000091 -0.000275
vn -0.849535 -0.213106 0.482573
vn -0.535752 0.574341 0.618953
vn -0.598599 0.732237 0.324822
vn 0.266274 -0.388457 -0.882156
vn 0.194845 0.336653 -0.921249
vn 0.382598 0.429136 -0.818206
vn 0.554893 -0.335270 -0.761372
vn -0.849293 0.213249 -0.482936
vn -1.000000 0.000091 -0.000275
vn -0.598599 0.732237 0.324822
vn -0.535762 0.844305 0.010387
vn 0.554893 -0.335270 -0.761372
vn 0.382598 0.429136 -0.818206
vn 0.535740 0.574328 -0.618975
vn 0.849615 -0.212530 -0.482686
vn -0.554593 0.336116 -0.761218
vn -0.849293 0.213249 -0.482936
vn -0.535762 0.844305 0.010387
vn -0.382596 0.894581 -0.230965
vn 0.849615 -0.212530 -0.482686
vn 0.535740 0.574328 -0.618975
vn 0.598599 0.732237 -0.324822
vn 1.000000 0.000183 0.000458
vn -0.266112 0.389392 -0.881793
vn -0.554593 0.336116 -0.761218
vn -0.382596 0.894581 -0.230965
vn -0.194819 0.908920 -0.368659
vn 1.000000 0.000183 0.000458
vn 0.598599 0.732237 -0.324822
vn 0.535729 0.844326 -0.010387
vn 0.849198 0.212818 0.483293
vn 0.000000 0.403951 -0.914781
vn -0.266112 0.389392 -0.881793
vn -0.194819 0.908920 -0.368659
vn 0.000000 0.911124 -0.412133
vn 0.849198 0.212818 0.483293
vn 0.535729 0.844326 -0.010387
vn 0.382599 0.894588 0.230933
vn 0.554533 0.335355 0.761597
vn 0.266112 0.389392 -0.881793
vn 0.000000 0.403951 -0.914781
vn 0.000000 0.911124 -0.412133
vn 0.194819 0.908920 -0.368659
vn 0.554533 0.335355 0.761597
vn 0.382599 0.894588 0.230933
vn 0.194821 0.908931 0.368632
vn 0.266083 0.388458 0.882213
vn 0.554586 0.336149 -0.761209
vn 0.266112 0.389392 -0.881793
vn 0.194819 0.908920 -0.368659
vn 0.382596 0.894581 -0.230965
vn 0.266083 0.388458 0.882213
vn 0.194821 0.908931 0.368632
vn 0.000000 0.911124 0.412133
vn 0.000000 0.403002 0.915199
vn 0.849293 0.213249 -0.482936
vn 0.554586 0.336149 -0.761209
vn 0.382596 0.894581 -0.230965
vn 0.535745 0.844316 0.010424
vn 0.000000 0.403002 0.915199
vn 0.000000 0.911124 0.412133
vn -0.194821 0.908931 0.368632
vn -0.266083 0.388458 0.882213
vn 1.000000 0.000091 -0.000275
vn 0.849293 0.213249 -0.482936
vn 0.535745 0.844316 0.010424
vn 0.598599 0.732237 0.324822
vn -0.266083 0.388458 0.882213
vn -0.194821 0.908931 0.368632
vn -0.382596 0.894581 0.230965
vn -0.554518 0.335346 0.761612
vn 0.849542 -0.213066 0.482577
vn 1.000000 0.000091 -0.000275
vn 0.598599 0.732237 0.324822
vn 0.535742 0.574364 0.618940
vn -0.554518 0.335346 0.761612
vn -0.382596 0.894581 0.230965
vn -0.535745 0.844316 -0.010388
vn -0.849198 0.212818 0.483293
vn 0.554813 -0.336077 0.761075
vn 0.849542 -0.213066 0.482577
vn 0.535742 0.574364 0.618940
vn 0.382579 0.429139 0.818213
vn -0.849198 0.212818 0.483293
vn -0.535745 0.844316 -0.010388
vn -0.598599 0.732237 -0.324822
vn -1.000000 0.000183 0.000457
vn -0.554828 -0.336086 0.761060
vn -0.266229 -0.389376 0.881765
vn -0.194825 0.336654 0.921253
vn -0.382598 0.429136 0.818206
vn 0.266229 -0.389376 0.881765
vn 0.554813 -0.336077 0.761075
vn 0.382579 0.429139 0.818213
vn 0.194823 0.336681 0.921244
vn -1.000000 0.000183 0.000457
vn -0.598599 0.732237 -0.324822
vn -0.535742 0.574364 -0.618940
vn -0.849615 -0.212530 -0.482686
vn -0.266229 -0.389376 0.881765
vn 0.000000 -0.403951 0.914781
vn 0.000000 0.305928 0.952055
vn -0.194825 0.336654 0.921253
vn 0.000000 -0.403951 0.914781
vn 0.266229 -0.389376 0.881765
vn 0.194823 0.336681 0.921244
vn 0.000000 0.305928 0.952055
vn -0.849615 -0.212530 -0.482686
vn -0.535742 0.574364 -0.618940
vn -0.382598 0.429136 -0.818206
vn -0.554893 -0.335270 -0.761372
vn 0.194845 0.336653 -0.921249
vn 0.000000 0.305919 -0.952058
vn -0.194845 0.336653 -0.921249
vn -0.382598 0.429136 -0.818206
vn -0.535742 0.574364 -0.618940
vn -0.598599 0.732237 -0.324822
vn -0.535745 0.844316 -0.010388
vn -0.382596 0.894581 0.230965
vn -0.194821 0.908931 0.368632
vn 0.000000 0.911124 0.412133
vn 0.194821 0.908931 0.368632
vn 0.382599 0.894588 0.230933
vn 0.535729 0.844326 -0.010387
vn 0.598599 0.732237 -0.324822
vn 0.535740 0.574328 -0.618975
vn 0.382598 0.429136 -0.818206
vn -0.266274 -0.388457 -0.882156
vn -0.194845 0.336653 -0.921249
vn 0.000000 0.305919 -0.952058
vn 0.000000 -0.403002 -0.915199
vn -0.554893 -0.335270 -0.761372
vn -0.382598 0.429136 -0.818206
vn -0.194845 0.336653 -0.921249
vn -0.266274 -0.388457 -0.882156
vn 0.194823 0.336681 0.921244
vn 0.382579 0.429139 0.818213
vn 0.535742 0.574364 0.618940
vn 0.598599 0.732237 0.324822
vn 0.535745 0.844316 0.010424
vn 0.382596 0.894581 -0.230965
vn 0.194819 0.908920 -0.368659
vn 0.000000 0.911124 -0.412133
vn -0.194819 0.908920 -0.368659
vn -0.382596 0.894581 -0.230965
vn -0.535762 0.844305 0.010387
vn -0.598599 0.732237 0.324822
vn -0.535752 0.574341 0.618953
vn -0.382598 0.429136 0.818206
vn -0.194825 0.336654 0.921253
vn 0.000000 0.305928 0.952055
vn 0.000000 -0.403002 -0.915199
vn 0.000000 -0.403002 -0.915199
vn 0.266274 -0.388457 -0.882156
vn 0.266091 -0.388469 -0.882206
vn 0.266091 -0.388469 -0.882206
vn 0.266274 -0.388457 -0.882156
vn 0.554893 -0.335270 -0.761372
vn 0.554518 -0.335346 -0.761612
vn 0.554518 -0.335346 -0.761612
vn 0.554893 -0.335270 -0.761372
vn 0.849615 -0.212530 -0.482686
vn 0.849198 -0.212818 -0.483293
vn 0.849198 -0.212818 -0.483293
vn 0.849615 -0.212530 -0.482686
vn 1.000000 0.000183 0.000458
vn 1.000000 -0.000183 -0.000458
vn 1.000000 -0.000183 -0.000458
vn 1.000000 0.000183 0.000458
vn 0.849198 0.212818 0.483293
vn 0.849615 0.212530 0.482686
vn 0.849615 0.212530 0.482686
vn 0.849198 0.212818 0.483293
vn 0.554533 0.335355 0.761597
vn 0.554893 0.335270 0.761372
vn 0.554893 0.335270 0.761372
vn 0.554533 0.335355 0.761597
vn 0.266083 0.388458 0.882213
vn 0.266274 0.388457 0.882156
vn 0.266274 0.388457 0.882156
vn 0.266083 0.388458 0.882213
vn 0.000000 0.403002 0.915199
vn 0.000000 0.403002 0.915199
vn 0.000000 0.403002 0.915199
vn 0.000000 0.403002 0.915199
vn -0.266083 0.388458 0.882213
vn -0.266274 0.388457 0.882156
vn -0.266274 0.388457 0.882156
vn -0.266083 0.388458 0.882213
vn -0.554518 0.335346 0.761612
vn -0.554893 0.335270 0.761372
vn -0.554893 0.335270 0.761372
vn -0.554518 0.335346 0.761612
vn -0.849198 0.212818 0.483293
vn -0.849615 0.212530 0.482686
vn -0.849615 0.212530 0.482686
vn -0.849198 0.212818 0.483293
vn -1.000000 0.000183 0.000457
vn -1.000000 -0.000183 -0.000457
vn -1.000000 -0.000183 -0.000457
vn -1.000000 0.000183 0.000457
vn -0.849615 -0.212530 -0.482686
vn -0.849198 -0.212818 -0.483293
vn -0.849198 -0.212818 -0.483293
vn -0.849615 -0.212530 -0.482686
vn -0.554893 -0.335270 -0.761372
vn -0.554518 -0.335346 -0.761612
vn -0.266083 -0.388458 -0.882213
vn -0.266274 -0.388457 -0.882156
vn 0.000000 -0.403002 -0.915199
vn 0.000000 -0.403002 -0.915199
vn -0.554518 -0.335346 -0.761612
vn -0.554893 -0.335270 -0.761372
vn -0.266274 -0.388457 -0.882156
vn -0.266083 -0.388458 -0.882213
vn 0.000000 -0.405524 -0.914084
vn 0.000000 -0.403002 -0.915199
vn 0.266091 -0.388469 -0.882206
vn 0.266180 -0.390896 -0.881106
vn 0.266180 -0.390896 -0.881106
vn 0.266091 -0.388469 -0.882206
vn 0.554518 -0.335346 -0.761612
vn 0.554699 -0.337405 -0.760571
vn 0.554699 -0.337405 -0.760571
vn 0.554518 -0.335346 -0.761612
vn 0.849198 -0.212818 -0.483293
vn 0.849398 -0.214006 -0.482415
vn 0.849398 -0.214006 -0.482415
vn 0.849198 -0.212818 -0.483293
vn 1.000000 -0.000183 -0.000458
vn 1.000000 -0.000009 0.000002
vn 1.000000 -0.000009 0.000002
vn 1.000000 -0.000183 -0.000458
vn 0.849615 0.212530 0.482686
vn 0.849401 0.214007 0.482409
vn 0.849401 0.214007 0.482409
vn 0.849615 0.212530 0.482686
vn 0.554893 0.335270 0.761372
vn 0.554713 0.337420 0.760554
vn 0.554713 0.337420 0.760554
vn 0.554893 0.335270 0.761372
vn 0.266274 0.388457 0.882156
vn 0.266192 0.390904 0.881100
vn 0.266192 0.390904 0.881100
vn 0.266274 0.388457 0.882156
vn 0.000000 0.403002 0.915199
vn -0.000001 0.405522 0.914085
vn -0.000001 0.405522 0.914085
vn 0.000000 0.403002 0.915199
vn -0.266274 0.388457 0.882156
vn -0.266192 0.390906 0.881099
vn -0.266192 0.390906 0.881099
vn -0.266274 0.388457 0.882156
vn -0.554893 0.335270 0.761372
vn -0.554711 0.337428 0.760551
vn -0.554711 0.337428 0.760551
vn -0.554893 0.335270 0.761372
vn -0.849615 0.212530 0.482686
vn -0.849399 0.214016 0.482409
vn -0.849399 0.214016 0.482409
vn -0.849615 0.212530 0.482686
vn -1.000000 -0.000183 -0.000457
vn -1.000000 0.000003 0.000002
vn -1.000000 0.000003 0.000002
vn -1.000000 -0.000183 -0.000457
vn -0.849198 -0.212818 -0.483293
vn -0.849398 -0.214009 -0.482414
vn -0.849398 -0.214009 -0.482414
vn -0.849198 -0.212818 -0.483293
vn -0.554518 -0.335346 -0.761612
vn -0.554697 -0.337408 -0.760570
vn -0.266180 -0.390892 -0.881108
vn -0.266083 -0.388458 -0.882213
vn 0.000000 -0.403002 -0.915199
vn 0.000000 -0.405524 -0.914084
vn -0.554697 -0.337408 -0.760570
vn -0.554518 -0.335346 -0.761612
vn -0.266083 -0.388458 -0.882213
vn -0.266180 -0.390892 -0.881108
vn -0.849276 -0.213244 0.482967
vn -0.554586 -0.336149 0.761209
vn -0.554828 -0.336086 0.761060
vn -0.849535 -0.213106 0.482573
vn -1.000000 -0.000091 0.000275
vn -0.849276 -0.213244 0.482967
vn -0.849535 -0.213106 0.482573
vn -1.000000 0.000091 -0.000275
vn -0.849535 0.213106 -0.482573
vn -1.000000 -0.000091 0.000275
vn -1.000000 0.000091 -0.000275
vn -0.849293 0.213249 -0.482936
vn -0.554828 0.336086 -0.761060
vn -0.849535 0.213106 -0.482573
vn -0.849293 0.213249 -0.482936
vn -0.554593 0.336116 -0.761218
vn -0.266229 0.389376 -0.881765
vn -0.554828 0.336086 -0.761060
vn -0.554593 0.336116 -0.761218
vn -0.266112 0.389392 -0.881793
vn 0.000000 0.403951 -0.914781
vn -0.266229 0.389376 -0.881765
vn -0.266112 0.389392 -0.881793
vn 0.000000 0.403951 -0.914781
vn 0.266229 0.389376 -0.881765
vn 0.000000 0.403951 -0.914781
vn 0.000000 0.403951 -0.914781
vn 0.266112 0.389392 -0.881793
vn 0.554828 0.336086 -0.761060
vn 0.266229 0.389376 -0.881765
vn 0.266112 0.389392 -0.881793
vn 0.554586 0.336149 -0.761209
vn 0.849535 0.213106 -0.482573
vn 0.554828 0.336086 -0.761060
vn 0.554586 0.336149 -0.761209
vn 0.849293 0.213249 -0.482936
vn 1.000000 -0.000091 0.000275
vn 0.849535 0.213106 -0.482573
vn 0.849293 0.213249 -0.482936
vn 1.000000 0.000091 -0.000275
vn 0.849276 -0.213244 0.482967
vn 1.000000 -0.000091 0.000275
vn 1.000000 0.000091 -0.000275
vn 0.849542 -0.213066 0.482577
vn 0.554586 -0.336149 0.761209
vn 0.849276 -0.213244 0.482967
vn 0.849542 -0.213066 0.482577
vn 0.554813 -0.336077 0.761075
vn -0.554586 -0.336149 0.761209
vn -0.266112 -0.389392 0.881793
vn -0.266229 -0.389376 0.881765
vn -0.554828 -0.336086 0.761060
vn 0.266112 -0.389392 0.881793
vn 0.554586 -0.336149 0.761209
vn 0.554813 -0.336077 0.761075
vn 0.266229 -0.389376 0.881765
vn -0.266112 -0.389392 0.881793
vn 0.000000 -0.403951 0.914781
vn 0.000000 -0.403951 0.914781
vn -0.266229 -0.389376 0.881765
vn 0.000000 -0.403951 0.914781
vn 0.266112 -0.389392 0.881793
vn 0.266229 -0.389376 0.881765
vn 0.000000 -0.403951 0.914781
vn -0.849408 -0.213959 0.482418
vn -0.554710 -0.337398 0.760565
vn -0.554586 -0.336149 0.761209
vn -0.849276 -0.213244 0.482967
vn -1.000000 0.000063 0.000012
vn -0.849408 -0.213959 0.482418
vn -0.849276 -0.213244 0.482967
vn -1.000000 -0.000091 0.000275
vn -0.849401 0.214004 -0.482411
vn -1.000000 0.000063 0.000012
vn -1.000000 -0.000091 0.000275
vn -0.849535 0.213106 -0.482573
vn -0.554712 0.337388 -0.760568
vn -0.849401 0.214004 -0.482411
vn -0.849535 0.213106 -0.482573
vn -0.554828 0.336086 -0.761060
vn -0.266177 0.390897 -0.881107
vn -0.554712 0.337388 -0.760568
vn -0.554828 0.336086 -0.761060
vn -0.266229 0.389376 -0.881765
vn 0.000000 0.405511 -0.914090
vn -0.266177 0.390897 -0.881107
vn -0.266229 0.389376 -0.881765
vn 0.000000 0.403951 -0.914781
vn 0.266177 0.390897 -0.881107
vn 0.000000 0.405511 -0.914090
vn 0.000000 0.403951 -0.914781
vn 0.266229 0.389376 -0.881765
vn 0.554700 0.337435 -0.760556
vn 0.266177 0.390897 -0.881107
vn 0.266229 0.389376 -0.881765
vn 0.554828 0.336086 -0.761060
vn 0.849403 0.214004 -0.482408
vn 0.554700 0.337435 -0.760556
vn 0.554828 0.336086 -0.761060
vn 0.849535 0.213106 -0.482573
vn 1.000000 -0.000005 0.000009
vn 0.849403 0.214004 -0.482408
vn 0.849535 0.213106 -0.482573
vn 1.000000 -0.000091 0.000275
vn 0.849399 -0.214017 0.482409
vn 1.000000 -0.000005 0.000009
vn 1.000000 -0.000091 0.000275
vn 0.849276 -0.213244 0.482967
vn 0.554698 -0.337446 0.760553
vn 0.849399 -0.214017 0.482409
vn 0.849276 -0.213244 0.482967
vn 0.554586 -0.336149 0.761209
vn -0.554710 -0.337398 0.760565
vn -0.266183 -0.390897 0.881105
vn -0.266112 -0.389392 0.881793
vn -0.554586 -0.336149 0.761209
vn 0.266183 -0.390897 0.881105
vn 0.554698 -0.337446 0.760553
vn 0.554586 -0.336149 0.761209
vn 0.266112 -0.389392 0.881793
vn -0.266183 -0.390897 0.881105
vn 0.000000 -0.405511 0.914090
vn 0.000000 -0.403951 0.914781
vn -0.266112 -0.389392 0.881793
vn 0.000000 -0.405511 0.914090
vn 0.266183 -0.390897 0.881105
vn 0.266112 -0.389392 0.881793
vn 0.000000 -0.403951 0.914781
vn -1.000000 -0.000047 0.000000
vn -0.598630 0.733714 -0.321411
vn -0.535772 0.577076 -0.616387
vn -0.844620 -0.215128 -0.490242
vn -0.844620 -0.215128 -0.490242
vn -0.535772 0.577076 -0.616387
vn -0.382624 0.432560 -0.816389
vn -0.547056 -0.336648 -0.766419
vn -0.547056 -0.336648 -0.766419
vn -0.382624 0.432560 -0.816389
vn -0.194844 0.340400 -0.919872
vn -0.261296 -0.388415 -0.883662
vn -0.261296 -0.388415 -0.883662
vn -0.194844 0.340400 -0.919872
vn 0.000000 0.309711 -0.950831
vn 0.000000 -0.402488 -0.915425
vn 0.000000 -0.402488 -0.915425
vn 0.000000 0.309711 -0.950831
vn 0.194844 0.340400 -0.919872
vn 0.261293 -0.388442 -0.883651
vn 0.261293 -0.388442 -0.883651
vn 0.194844 0.340400 -0.919872
vn 0.382624 0.432560 -0.816389
vn 0.547056 -0.336648 -0.766419
vn 0.547056 -0.336648 -0.766419
vn 0.382624 0.432560 -0.816389
vn 0.535772 0.577076 -0.616387
vn 0.844620 -0.215128 -0.490242
vn 0.844620 -0.215128 -0.490242
vn 0.535772 0.577076 -0.616387
vn 0.598630 0.733714 -0.321411
vn 1.000000 -0.000047 0.000000
vn 1.000000 -0.000047 0.000000
vn 0.598630 0.733714 -0.321411
vn 0.535764 0.844344 -0.006261
vn 0.844663 0.214461 0.490460
vn 0.844663 0.214461 0.490460
vn 0.535764 0.844344 -0.006261
vn 0.382617 0.893386 0.235512
vn 0.547116 0.335118 0.767046
vn 0.547116 0.335118 0.767046
vn 0.382617 0.893386 0.235512
vn 0.194842 0.906961 0.373441
vn 0.261337 0.386218 0.884612
vn 0.261337 0.386218 0.884612
vn 0.194842 0.906961 0.373441
vn 0.000000 0.908916 0.416980
vn 0.000000 0.400010 0.916511
vn 0.000000 0.400010 0.916511
vn 0.000000 0.908916 0.416980
vn -0.194842 0.906961 0.373441
vn -0.261340 0.386192 0.884623
vn -0.261340 0.386192 0.884623
vn -0.194842 0.906961 0.373441
vn -0.382617 0.893386 0.235512
vn -0.547116 0.335118 0.767046
vn -0.535772 0.577076 -0.616387
vn -0.598630 0.733714 -0.321411
vn -0.535764 0.844344 -0.006261
vn -0.382617 0.893386 0.235512
vn -0.194842 0.906961 0.373441
vn 0.000000 0.908916 0.416980
vn 0.194842 0.906961 0.373441
vn 0.382617 0.893386 0.235512
vn 0.535764 0.844344 -0.006261
vn 0.598630 0.733714 -0.321411
vn 0.535772 0.577076 -0.616387
vn 0.382624 0.432560 -0.816389
vn 0.194844 0.340400 -0.919872
vn 0.000000 0.309711 -0.950831
vn -0.194844 0.340400 -0.919872
vn -0.382624 0.432560 -0.816389
vn -0.844663 0.214461 0.490460
vn -0.535764 0.844344 -0.006261
vn -0.598630 0.733714 -0.321411
vn -1.000000 -0.000047 0.000000
vn -0.547116 0.335118 0.767046
vn -0.382617 0.893386 0.235512
vn -0.535764 0.844344 -0.006261
vn -0.844663 0.214461 0.490460
vn -0.606255 -0.793908 0.046529
vn -0.500225 -0.823141 -0.268727
vn -0.334980 -0.819179 -0.465547
vn -0.164568 -0.810253 -0.562501
vn 0.000000 -0.806674 -0.590997
vn 0.164568 -0.810253 -0.562501
vn 0.335000 -0.819173 -0.465543
vn 0.500225 -0.823141 -0.268727
vn 0.606255 -0.793908 0.046529
vn 0.576980 -0.709010 0.405461
vn 0.421669 -0.603925 0.676366
vn 0.215257 -0.529970 0.820241
vn 0.000000 -0.504791 0.863242
vn -0.215257 -0.529970 0.820241
vn -0.421669 -0.603925 0.676366
vn -0.576980 -0.709010 0.405461
vn -0.999999 -0.000732 -0.001557
vn -1.000000 -0.000047 0.000000
vn -0.844620 -0.215128 -0.490242
vn -0.834336 -0.221495 -0.504800
vn -0.834336 -0.221495 -0.504800
vn -0.844620 -0.215128 -0.490242
vn -0.547056 -0.336648 -0.766419
vn -0.531973 -0.340532 -0.775270
vn -0.531973 -0.340532 -0.775270
vn -0.547056 -0.336648 -0.766419
vn -0.261296 -0.388415 -0.883662
vn -0.252015 -0.389405 -0.885919
vn -0.252015 -0.389405 -0.885919
vn -0.261296 -0.388415 -0.883662
vn 0.000000 -0.402488 -0.915425
vn 0.000000 -0.402488 -0.915425
vn 0.000000 -0.402488 -0.915425
vn 0.000000 -0.402488 -0.915425
vn 0.261293 -0.388442 -0.883651
vn 0.252015 -0.389405 -0.885919
vn 0.252015 -0.389405 -0.885919
vn 0.261293 -0.388442 -0.883651
vn 0.547056 -0.336648 -0.766419
vn 0.531973 -0.340532 -0.775270
vn 0.531973 -0.340532 -0.775270
vn 0.547056 -0.336648 -0.766419
vn 0.844620 -0.215128 -0.490242
vn 0.834336 -0.221495 -0.504800
vn 0.834336 -0.221495 -0.504800
vn 0.844620 -0.215128 -0.490242
vn 1.000000 -0.000047 0.000000
vn 0.999999 -0.000732 -0.001557
vn 0.999999 -0.000732 -0.001557
vn 1.000000 -0.000047 0.000000
vn 0.844663 0.214461 0.490460
vn 0.835185 0.220341 0.503900
vn 0.835185 0.220341 0.503900
vn 0.844663 0.214461 0.490460
vn 0.547116 0.335118 0.767046
vn 0.531557 0.339114 0.776176
vn 0.531557 0.339114 0.776176
vn 0.547116 0.335118 0.767046
vn 0.261337 0.386218 0.884612
vn 0.251332 0.387269 0.887048
vn 0.251332 0.387269 0.887048
vn 0.261337 0.386218 0.884612
vn 0.000000 0.400010 0.916511
vn 0.000000 0.400010 0.916511
vn 0.000000 0.400010 0.916511
vn 0.000000 0.400010 0.916511
vn -0.261340 0.386192 0.884623
vn -0.251332 0.387269 0.887048
vn -0.251332 0.387269 0.887048
vn -0.261340 0.386192 0.884623
vn -0.547116 0.335118 0.767046
vn -0.531557 0.339114 0.776176
vn -0.835185 0.220341 0.503900
vn -0.844663 0.214461 0.490460
vn -1.000000 -0.000047 0.000000
vn -0.999999 -0.000732 -0.001557
vn -0.531557 0.339114 0.776176
vn -0.547116 0.335118 0.767046
vn -0.844663 0.214461 0.490460
vn -0.835185 0.220341 0.503900
vn -0.606255 -0.793908 0.046529
vn -0.999999 -0.000732 -0.001557
vn -0.834336 -0.221495 -0.504800
vn -0.500225 -0.823141 -0.268727
vn -0.500225 -0.823141 -0.268727
vn -0.834336 -0.221495 -0.504800
vn -0.531973 -0.340532 -0.775270
vn -0.334980 -0.819179 -0.465547
vn -0.334980 -0.819179 -0.465547
vn -0.531973 -0.340532 -0.775270
vn -0.252015 -0.389405 -0.885919
vn -0.164568 -0.810253 -0.562501
vn -0.164568 -0.810253 -0.562501
vn -0.252015 -0.389405 -0.885919
vn 0.000000 -0.402488 -0.915425
vn 0.000000 -0.806674 -0.590997
vn 0.000000 -0.806674 -0.590997
vn 0.000000 -0.402488 -0.915425
vn 0.252015 -0.389405 -0.885919
vn 0.164568 -0.810253 -0.562501
vn 0.164568 -0.810253 -0.562501
vn 0.252015 -0.389405 -0.885919
vn 0.531973 -0.340532 -0.775270
vn 0.335000 -0.819173 -0.465543
vn 0.335000 -0.819173 -0.465543
vn 0.531973 -0.340532 -0.775270
vn 0.834336 -0.221495 -0.504800
vn 0.500225 -0.823141 -0.268727
vn 0.500225 -0.823141 -0.268727
vn 0.834336 -0.221495 -0.504800
vn 0.999999 -0.000732 -0.001557
vn 0.606255 -0.793908 0.046529
vn 0.606255 -0.793908 0.046529
vn 0.999999 -0.000732 -0.001557
vn 0.835185 0.220341 0.503900
vn 0.576980 -0.709010 0.405461
vn 0.576980 -0.709010 0.405461
vn 0.835185 0.220341 0.503900
vn 0.531557 0.339114 0.776176
vn 0.421669 -0.603925 0.676366
vn 0.421669 -0.603925 0.676366
vn 0.531557 0.339114 0.776176
vn 0.251332 0.387269 0.887048
vn 0.215257 -0.529970 0.820241
vn 0.215257 -0.529970 0.820241
vn 0.251332 0.387269 0.887048
vn 0.000000 0.400010 0.916511
vn 0.000000 -0.504791 0.863242
vn 0.000000 -0.504791 0.863242
vn 0.000000 0.400010 0.916511
vn -0.251332 0.387269 0.887048
vn -0.215257 -0.529970 0.820241
vn -0.215257 -0.529970 0.820241
vn -0.251332 0.387269 0.887048
vn -0.531557 0.339114 0.776176
vn -0.421669 -0.603925 0.676366
vn -0.576980 -0.709010 0.405461
vn -0.835185 0.220341 0.503900
vn -0.999999 -0.000732 -0.001557
vn -0.606255 -0.793908 0.046529
vn -0.421669 -0.603925 0.676366
vn -0.531557 0.339114 0.776176
vn -0.835185 0.220341 0.503900
vn -0.576980 -0.709010 0.405461
vn -1.000000 -0.000047 0.000000
vn -0.844638 -0.215133 0.490210
vn -0.535773 0.577112 0.616352
vn -0.598630 0.733714 0.321411
vn -0.844638 -0.215133 0.490210
vn -0.547073 -0.336643 0.766409
vn -0.382672 0.432564 0.816364
vn -0.535773 0.577112 0.616352
vn -0.547073 -0.336643 0.766409
vn -0.261316 -0.388412 0.883657
vn -0.194884 0.340397 0.919864
vn -0.382672 0.432564 0.816364
vn -0.261316 -0.388412 0.883657
vn 0.000000 -0.402488 0.915425
vn 0.000000 0.309711 0.950831
vn -0.194884 0.340397 0.919864
vn 0.000000 -0.402488 0.915425
vn 0.261316 -0.388412 0.883657
vn 0.194884 0.340397 0.919864
vn 0.000000 0.309711 0.950831
vn 0.261316 -0.388412 0.883657
vn 0.547073 -0.336643 0.766409
vn 0.382672 0.432564 0.816364
vn 0.194884 0.340397 0.919864
vn 0.547073 -0.336643 0.766409
vn 0.844653 -0.215088 0.490203
vn 0.535773 0.577112 0.616352
vn 0.382672 0.432564 0.816364
vn 0.844653 -0.215088 0.490203
vn 1.000000 -0.000047 0.000000
vn 0.598630 0.733714 0.321411
vn 0.535773 0.577112 0.616352
vn 1.000000 -0.000047 0.000000
vn 0.844663 0.214461 -0.490460
vn 0.535780 0.844334 0.006332
vn 0.598630 0.733714 0.321411
vn 0.844663 0.214461 -0.490460
vn 0.547133 0.335113 -0.767036
vn 0.382651 0.893379 -0.235485
vn 0.535780 0.844334 0.006332
vn 0.547133 0.335113 -0.767036
vn 0.261360 0.386190 -0.884618
vn 0.194864 0.906968 -0.373413
vn 0.382651 0.893379 -0.235485
vn 0.261360 0.386190 -0.884618
vn 0.000000 0.400010 -0.916511
vn 0.000000 0.908927 -0.416956
vn 0.194864 0.906968 -0.373413
vn 0.000000 0.400010 -0.916511
vn -0.261360 0.386190 -0.884618
vn -0.194884 0.906964 -0.373412
vn 0.000000 0.908927 -0.416956
vn -0.261360 0.386190 -0.884618
vn -0.547140 0.335081 -0.767045
vn -0.382669 0.893371 -0.235483
vn -0.194884 0.906964 -0.373412
vn -0.535773 0.577112 0.616352
vn -0.382672 0.432564 0.816364
vn -0.194884 0.340397 0.919864
vn 0.000000 0.309711 0.950831
vn 0.194884 0.340397 0.919864
vn 0.382672 0.432564 0.816364
vn 0.535773 0.577112 0.616352
vn 0.598630 0.733714 0.321411
vn 0.535780 0.844334 0.006332
vn 0.382651 0.893379 -0.235485
vn 0.194864 0.906968 -0.373413
vn 0.000000 0.908927 -0.416956
vn -0.194884 0.906964 -0.373412
vn -0.382669 0.893371 -0.235483
vn -0.535780 0.844334 0.006297
vn -0.598630 0.733714 0.321411
vn -0.844663 0.214461 -0.490460
vn -1.000000 -0.000047 0.000000
vn -0.598630 0.733714 0.321411
vn -0.535780 0.844334 0.006297
vn -0.547140 0.335081 -0.767045
vn -0.844663 0.214461 -0.490460
vn -0.535780 0.844334 0.006297
vn -0.382669 0.893371 -0.235483
vn -0.606254 -0.793907 -0.046566
vn -0.576954 -0.708971 -0.405567
vn -0.421593 -0.603879 -0.676454
vn -0.215215 -0.529939 -0.820273
vn 0.000000 -0.504791 -0.863242
vn 0.215215 -0.529939 -0.820273
vn 0.421593 -0.603879 -0.676454
vn 0.576970 -0.708961 -0.405561
vn 0.606255 -0.793908 -0.046529
vn 0.500203 -0.823143 0.268762
vn 0.334932 -0.819166 0.465604
vn 0.164528 -0.810259 0.562505
vn 0.000000 -0.806674 0.590997
vn -0.164528 -0.810259 0.562505
vn -0.334932 -0.819166 0.465604
vn -0.500198 -0.823135 0.268795
vn -0.999999 -0.000779 0.001557
vn -0.834285 -0.221530 0.504869
vn -0.844638 -0.215133 0.490210
vn -1.000000 -0.000047 0.000000
vn -0.834285 -0.221530 0.504869
vn -0.531918 -0.340563 0.775294
vn -0.547073 -0.336643 0.766409
vn -0.844638 -0.215133 0.490210
vn -0.531918 -0.340563 0.775294
vn -0.251984 -0.389423 0.885920
vn -0.261316 -0.388412 0.883657
vn -0.547073 -0.336643 0.766409
vn -0.251984 -0.389423 0.885920
vn 0.000000 -0.402488 0.915425
vn 0.000000 -0.402488 0.915425
vn -0.261316 -0.388412 0.883657
vn 0.000000 -0.402488 0.915425
vn 0.251984 -0.389423 0.885920
vn 0.261316 -0.388412 0.883657
vn 0.000000 -0.402488 0.915425
vn 0.251984 -0.389423 0.885920
vn 0.531903 -0.340553 0.775308
vn 0.547073 -0.336643 0.766409
vn 0.261316 -0.388412 0.883657
vn 0.531903 -0.340553 0.775308
vn 0.834285 -0.221530 0.504869
vn 0.844653 -0.215088 0.490203
vn 0.547073 -0.336643 0.766409
vn 0.834285 -0.221530 0.504869
vn 0.999999 -0.000779 0.001557
vn 1.000000 -0.000047 0.000000
vn 0.844653 -0.215088 0.490203
vn 0.999999 -0.000779 0.001557
vn 0.835151 0.220382 -0.503939
vn 0.844663 0.214461 -0.490460
vn 1.000000 -0.000047 0.000000
vn 0.835151 0.220382 -0.503939
vn 0.531494 0.339103 -0.776224
vn 0.547133 0.335113 -0.767036
vn 0.844663 0.214461 -0.490460
vn 0.531494 0.339103 -0.776224
vn 0.251305 0.387260 -0.887060
vn 0.261360 0.386190 -0.884618
vn 0.547133 0.335113 -0.767036
vn 0.251305 0.387260 -0.887060
vn 0.000000 0.400010 -0.916511
vn 0.000000 0.400010 -0.916511
vn 0.261360 0.386190 -0.884618
vn 0.000000 0.400010 -0.916511
vn -0.251305 0.387260 -0.887060
vn -0.261360 0.386190 -0.884618
vn 0.000000 0.400010 -0.916511
vn -0.251305 0.387260 -0.887060
vn -0.531494 0.339103 -0.776224
vn -0.547140 0.335081 -0.767045
vn -0.261360 0.386190 -0.884618
vn -0.835151 0.220382 -0.503939
vn -0.999999 -0.000779 0.001557
vn -1.000000 -0.000047 0.000000
vn -0.844663 0.214461 -0.490460
vn -0.531494 0.339103 -0.776224
vn -0.835151 0.220382 -0.503939
vn -0.844663 0.214461 -0.490460
vn -0.547140 0.335081 -0.767045
vn -0.606254 -0.793907 -0.046566
vn -0.500198 -0.823135 0.268795
vn -0.834285 -0.221530 0.504869
vn -0.999999 -0.000779 0.001557
vn -0.500198 -0.823135 0.268795
vn -0.334932 -0.819166 0.465604
vn -0.531918 -0.340563 0.775294
vn -0.834285 -0.221530 0.504869
vn -0.334932 -0.819166 0.465604
vn -0.164528 -0.810259 0.562505
vn -0.251984 -0.389423 0.885920
vn -0.531918 -0.340563 0.775294
vn -0.164528 -0.810259 0.562505
vn 0.000000 -0.806674 0.590997
vn 0.000000 -0.402488 0.915425
vn -0.251984 -0.389423 0.885920
vn 0.000000 -0.806674 0.590997
vn 0.164528 -0.810259 0.562505
vn 0.251984 -0.389423 0.885920
vn 0.000000 -0.402488 0.915425
vn 0.164528 -0.810259 0.562505
vn 0.334932 -0.819166 0.465604
vn 0.531903 -0.340553 0.775308
vn 0.251984 -0.389423 0.885920
vn 0.334932 -0.819166 0.465604
vn 0.500203 -0.823143 0.268762
vn 0.834285 -0.221530 0.504869
vn 0.531903 -0.340553 0.775308
vn 0.500203 -0.823143 0.268762
vn 0.606255 -0.793908 -0.046529
vn 0.999999 -0.000779 0.001557
vn 0.834285 -0.221530 0.504869
vn 0.606255 -0.793908 -0.046529
vn 0.576970 -0.708961 -0.405561
vn 0.835151 0.220382 -0.503939
vn 0.999999 -0.000779 0.001557
vn 0.576970 -0.708961 -0.405561
vn 0.421593 -0.603879 -0.676454
vn 0.531494 0.339103 -0.776224
vn 0.835151 0.220382 -0.503939
vn 0.421593 -0.603879 -0.676454
vn 0.215215 -0.529939 -0.820273
vn 0.251305 0.387260 -0.887060
vn 0.531494 0.339103 -0.776224
vn 0.215215 -0.529939 -0.820273
vn 0.000000 -0.504791 -0.863242
vn 0.000000 0.400010 -0.916511
vn 0.251305 0.387260 -0.887060
vn 0.000000 -0.504791 -0.863242
vn -0.215215 -0.529939 -0.820273
vn -0.251305 0.387260 -0.887060
vn 0.000000 0.400010 -0.916511
vn -0.215215 -0.529939 -0.820273
vn -0.421593 -0.603879 -0.676454
vn -0.531494 0.339103 -0.776224
vn -0.251305 0.387260 -0.887060
vn -0.576954 -0.708971 -0.405567
vn -0.606254 -0.793907 -0.046566
vn -0.999999 -0.000779 0.001557
vn -0.835151 0.220382 -0.503939
vn -0.421593 -0.603879 -0.676454
vn -0.576954 -0.708971 -0.405567
vn -0.835151 0.220382 -0.503939
vn -0.531494 0.339103 -0.776224
vn 0.000000 1.000000 0.000000
vn 0.511183 0.859472 0.000000
vn 0.511185 0.794056 -0.328885
vn 0.000000 0.923880 -0.382682
vn 0.000000 0.923880 -0.382682
vn 0.511185 0.794056 -0.328885
vn 0.511178 0.607741 -0.607741
vn 0.000000 0.707107 -0.707107
vn 0.000000 0.707107 -0.707107
vn 0.511178 0.607741 -0.607741
vn 0.511185 0.328885 -0.794056
vn 0.000000 0.382682 -0.923880
vn 0.000000 0.382682 -0.923880
vn 0.511185 0.328885 -0.794056
vn 0.511183 0.000000 -0.859472
vn 0.000000 0.000000 -1.000000
vn 0.000000 0.000000 -1.000000
vn 0.511183 0.000000 -0.859472
vn 0.511185 -0.328885 -0.794056
vn 0.000000 -0.382682 -0.923880
vn 0.000000 -0.382682 -0.923880
vn 0.511185 -0.328885 -0.794056
vn 0.511178 -0.607741 -0.607741
vn 0.000000 -0.707107 -0.707107
vn 0.000000 -0.707107 -0.707107
vn 0.511178 -0.607741 -0.607741
vn 0.511185 -0.794056 -0.328885
vn 0.000000 -0.923880 -0.382682
vn 0.000000 -0.923880 -0.382682
vn 0.511185 -0.794056 -0.328885
vn 0.511183 -0.859472 0.000000
vn 0.000000 -1.000000 0.000000
vn 0.000000 -1.000000 0.000000
vn 0.511183 -0.859472 0.000000
vn 0.511185 -0.794056 0.328885
vn 0.000000 -0.923880 0.382682
vn 0.000000 -0.923880 0.382682
vn 0.511185 -0.794056 0.328885
vn 0.511178 -0.607741 0.607741
vn 0.000000 -0.707107 0.707107
vn 0.000000 -0.707107 0.707107
vn 0.511178 -0.607741 0.607741
vn 0.511185 -0.328885 0.794056
vn 0.000000 -0.382682 0.923880
vn 0.000000 -0.382682 0.923880
vn 0.511185 -0.328885 0.794056
vn 0.511183 0.000000 0.859472
vn 0.000000 0.000000 1.000000
vn 0.000000 0.000000 1.000000
vn 0.511183 0.000000 0.859472
vn 0.511185 0.328885 0.794056
vn 0.000000 0.382682 0.923880
vn 0.000000 0.382682 0.923880
vn 0.511185 0.328885 0.794056
vn 0.511178 0.607741 0.607741
vn 0.000000 0.707107 0.707107
vn 0.511185 0.794056 -0.328885
vn 0.511183 0.859472 0.000000
vn 0.511185 0.794056 0.328885
vn 0.511178 0.607741 0.607741
vn 0.511185 0.328885 0.794056
vn 0.511183 0.000000 0.859472
vn 0.511185 -0.328885 0.794056
vn 0.511178 -0.607741 0.607741
vn 0.511185 -0.794056 0.328885
vn 0.511183 -0.859472 0.000000
vn 0.511185 -0.794056 -0.328885
vn 0.511178 -0.607741 -0.607741
vn 0.511185 -0.328885 -0.794056
vn 0.511183 0.000000 -0.859472
vn 0.511185 0.328885 -0.794056
vn 0.511178 0.607741 -0.607741
vn 0.000000 0.923880 0.382682
vn 0.511185 0.794056 0.328885
vn 0.511183 0.859472 0.000000
vn 0.000000 1.000000 0.000000
vn 0.000000 0.707107 0.707107
vn 0.511178 0.607741 0.607741
vn 0.511185 0.794056 0.328885
vn 0.000000 0.923880 0.382682
vn -0.511183 0.859472 0.000000
vn -0.511185 0.794056 -0.328885
vn -0.511178 0.607741 -0.607741
vn -0.511185 0.328885 -0.794056
vn -0.511183 0.000000 -0.859472
vn -0.511185 -0.328885 -0.794056
vn -0.511178 -0.607741 -0.607741
vn -0.511185 -0.794056 -0.328885
vn -0.511183 -0.859472 0.000000
vn -0.511185 -0.794056 0.328885
vn -0.511178 -0.607741 0.607741
vn -0.511185 -0.328885 0.794056
vn -0.511183 0.000000 0.859472
vn -0.511185 0.328885 0.794056
vn -0.511178 0.607741 0.607741
vn -0.511185 0.794056 0.328885
vn -0.511183 0.859472 0.000000
vn 0.000000 1.000000 0.000000
vn 0.000000 0.923880 -0.382682
vn -0.511185 0.794056 -0.328885
vn -0.511185 0.794056 -0.328885
vn 0.000000 0.923880 -0.382682
vn 0.000000 0.707107 -0.707107
vn -0.511178 0.607741 -0.607741
vn -0.511178 0.607741 -0.607741
vn 0.000000 0.707107 -0.707107
vn 0.000000 0.382682 -0.923880
vn -0.511185 0.328885 -0.794056
vn -0.511185 0.328885 -0.794056
vn 0.000000 0.382682 -0.923880
vn 0.000000 0.000000 -1.000000
vn -0.511183 0.000000 -0.859472
vn -0.511183 0.000000 -0.859472
vn 0.000000 0.000000 -1.000000
vn 0.000000 -0.382682 -0.923880
vn -0.511185 -0.328885 -0.794056
vn -0.511185 -0.328885 -0.794056
vn 0.000000 -0.382682 -0.923880
vn 0.000000 -0.707107 -0.707107
vn -0.511178 -0.607741 -0.607741
vn -0.511178 -0.607741 -0.607741
vn 0.000000 -0.707107 -0.707107
vn 0.000000 -0.923880 -0.382682
vn -0.511185 -0.794056 -0.328885
vn -0.511185 -0.794056 -0.328885
vn 0.000000 -0.923880 -0.382682
vn 0.000000 -1.000000 0.000000
vn -0.511183 -0.859472 0.000000
vn -0.511183 -0.859472 0.000000
vn 0.000000 -1.000000 0.000000
vn 0.000000 -0.923880 0.382682
vn -0.511185 -0.794056 0.328885
vn -0.511185 -0.794056 0.328885
vn 0.000000 -0.923880 0.382682
vn 0.000000 -0.707107 0.707107
vn -0.511178 -0.607741 0.607741
vn -0.511178 -0.607741 0.607741
vn 0.000000 -0.707107 0.707107
vn 0.000000 -0.382682 0.923880
vn -0.511185 -0.328885 0.794056
vn -0.511185 -0.328885 0.794056
vn 0.000000 -0.382682 0.923880
vn 0.000000 0.000000 1.000000
vn -0.511183 0.000000 0.859472
vn -0.511183 0.000000 0.859472
vn 0.000000 0.000000 1.000000
vn 0.000000 0.382682 0.923880
vn -0.511185 0.328885 0.794056
vn -0.511185 0.328885 0.794056
vn 0.000000 0.382682 0.923880
vn 0.000000 0.707107 0.707107
vn -0.511178 0.607741 0.607741
vn -0.511185 0.794056 0.328885
vn 0.000000 0.923880 0.382682
vn 0.000000 1.000000 0.000000
vn -0.511183 0.859472 0.000000
vn -0.511178 0.607741 0.607741
vn 0.000000 0.707107 0.707107
vn 0.000000 0.923880 0.382682
vn -0.511185 0.794056 0.328885
vn 0.000000 1.000000 0.000000
vn 0.000000 1.000000 0.000000
vn 0.000000 0.923880 -0.382682
vn 0.000000 0.923880 -0.382682
vn 0.000000 0.923880 -0.382682
vn 0.000000 0.923880 -0.382682
vn 0.000000 0.707107 -0.707107
vn 0.000000 0.707107 -0.707107
vn 0.000000 0.707107 -0.707107
vn 0.000000 0.707107 -0.707107
vn 0.000000 0.382682 -0.923880
vn 0.000000 0.382682 -0.923880
vn 0.000000 0.382682 -0.923880
vn 0.000000 0.382682 -0.923880
vn 0.000000 0.000000 -1.000000
vn 0.000000 0.000000 -1.000000
vn 0.000000 0.000000 -1.000000
vn 0.000000 0.000000 -1.000000
vn 0.000000 -0.382682 -0.923880
vn 0.000000 -0.382682 -0.923880
vn 0.000000 -0.382682 -0.923880
vn 0.000000 -0.382682 -0.923880
vn 0.000000 -0.707107 -0.707107
vn 0.000000 -0.707107 -0.707107
vn 0.000000 -0.707107 -0.707107
vn 0.000000 -0.707107 -0.707107
vn 0.000000 -0.923880 -0.382682
vn 0.000000 -0.923880 -0.382682
vn 0.000000 -0.923880 -0.382682
vn 0.000000 -0.923880 -0.382682
vn 0.000000 -1.000000 0.000000
vn 0.000000 -1.000000 0.000000
vn 0.000000 -1.000000 0.000000
vn 0.000000 -1.000000 0.000000
vn 0.000000 -0.923880 0.382682
vn 0.000000 -0.923880 0.382682
vn 0.000000 -0.923880 0.382682
vn 0.000000 -0.923880 0.382682
vn 0.000000 -0.707107 0.707107
vn 0.000000 -0.707107 0.707107
vn 0.000000 -0.707107 0.707107
vn 0.000000 -0.707107 0.707107
vn 0.000000 -0.382682 0.923880
vn 0.000000 -0.382682 0.923880
vn 0.000000 -0.382682 0.923880
vn 0.000000 -0.382682 0.923880
vn 0.000000 0.000000 1.000000
vn 0.000000 0.000000 1.000000
vn 0.000000 0.000000 1.000000
vn 0.000000 0.000000 1.000000
vn 0.000000 0.382682 0.923880
vn 0.000000 0.382682 0.923880
vn 0.000000 0.382682 0.923880
vn 0.000000 0.382682 0.923880
vn 0.000000 0.707107 0.707107
vn 0.000000 0.707107 0.707107
vn 0.000000 0.923880 0.382682
vn 0.000000 0.923880 0.382682
vn 0.000000 1.000000 0.000000
vn 0.000000 1.000000 0.000000
vn 0.000000 0.707107 0.707107
vn 0.000000 0.707107 0.707107
vn 0.000000 0.923880 0.382682
vn 0.000000 0.923880 0.382682
vn -1.000000 0.000047 0.000000
vn -0.598630 -0.733714 0.321411
vn -0.535784 -0.577088 0.616364
vn -0.844620 0.215128 0.490242
vn -0.844620 0.215128 0.490242
vn -0.535784 -0.577088 0.616364
vn -0.382653 -0.432568 0.816371
vn -0.547040 0.336638 0.766434
vn -0.547040 0.336638 0.766434
vn -0.382653 -0.432568 0.816371
vn -0.194884 -0.340397 0.919864
vn -0.261289 0.388404 0.883669
vn -0.261289 0.388404 0.883669
vn -0.194884 -0.340397 0.919864
vn 0.000000 -0.309711 0.950831
vn 0.000000 0.402488 0.915425
vn 0.000000 0.402488 0.915425
vn 0.000000 -0.309711 0.950831
vn 0.194884 -0.340397 0.919864
vn 0.261285 0.388431 0.883658
vn 0.261285 0.388431 0.883658
vn 0.194884 -0.340397 0.919864
vn 0.382653 -0.432568 0.816371
vn 0.547040 0.336638 0.766434
vn 0.547040 0.336638 0.766434
vn 0.382653 -0.432568 0.816371
vn 0.535784 -0.577088 0.616364
vn 0.844620 0.215128 0.490242
vn 0.844620 0.215128 0.490242
vn 0.535784 -0.577088 0.616364
vn 0.598630 -0.733714 0.321411
vn 1.000000 0.000047 0.000000
vn 1.000000 0.000047 0.000000
vn 0.598630 -0.733714 0.321411
vn 0.535797 -0.844323 0.006297
vn 0.844663 -0.214461 -0.490460
vn 0.844663 -0.214461 -0.490460
vn 0.535797 -0.844323 0.006297
vn 0.382651 -0.893379 -0.235485
vn 0.547116 -0.335118 -0.767046
vn 0.547116 -0.335118 -0.767046
vn 0.382651 -0.893379 -0.235485
vn 0.194884 -0.906964 -0.373412
vn 0.261337 -0.386218 -0.884612
vn 0.261337 -0.386218 -0.884612
vn 0.194884 -0.906964 -0.373412
vn 0.000000 -0.908927 -0.416956
vn 0.000000 -0.400010 -0.916511
vn 0.000000 -0.400010 -0.916511
vn 0.000000 -0.908927 -0.416956
vn -0.194884 -0.906964 -0.373412
vn -0.261337 -0.386218 -0.884612
vn -0.261337 -0.386218 -0.884612
vn -0.194884 -0.906964 -0.373412
vn -0.382651 -0.893379 -0.235485
vn -0.547116 -0.335118 -0.767046
vn -0.535784 -0.577088 0.616364
vn -0.598630 -0.733714 0.321411
vn -0.535780 -0.844334 0.006297
vn -0.382651 -0.893379 -0.235485
vn -0.194884 -0.906964 -0.373412
vn 0.000000 -0.908927 -0.416956
vn 0.194884 -0.906964 -0.373412
vn 0.382651 -0.893379 -0.235485
vn 0.535797 -0.844323 0.006297
vn 0.598630 -0.733714 0.321411
vn 0.535784 -0.577088 0.616364
vn 0.382653 -0.432568 0.816371
vn 0.194884 -0.340397 0.919864
vn 0.000000 -0.309711 0.950831
vn -0.194884 -0.340397 0.919864
vn -0.382653 -0.432568 0.816371
vn -0.844638 -0.214497 -0.490488
vn -0.535780 -0.844334 0.006297
vn -0.598630 -0.733714 0.321411
vn -1.000000 0.000047 0.000000
vn -0.547116 -0.335118 -0.767046
vn -0.382651 -0.893379 -0.235485
vn -0.535780 -0.844334 0.006297
vn -0.844638 -0.214497 -0.490488
vn -0.606254 0.793907 -0.046566
vn -0.500176 0.823137 0.268830
vn -0.334899 0.819171 0.465620
vn -0.164505 0.810247 0.562528
vn 0.000000 0.806674 0.590997
vn 0.164505 0.810247 0.562528
vn 0.334899 0.819171 0.465620
vn 0.500176 0.823137 0.268830
vn 0.606254 0.793907 -0.046566
vn 0.576937 0.708950 -0.405628
vn 0.421555 0.603857 -0.676497
vn 0.215170 0.529930 -0.820291
vn 0.000000 0.504791 -0.863242
vn -0.215170 0.529930 -0.820291
vn -0.421555 0.603857 -0.676497
vn -0.576937 0.708950 -0.405628
vn -0.999999 0.000779 0.001557
vn -1.000000 0.000047 0.000000
vn -0.844620 0.215128 0.490242
vn -0.834260 0.221565 0.504896
vn -0.834260 0.221565 0.504896
vn -0.844620 0.215128 0.490242
vn -0.547040 0.336638 0.766434
vn -0.531855 0.340552 0.775341
vn -0.531855 0.340552 0.775341
vn -0.547040 0.336638 0.766434
vn -0.261289 0.388404 0.883669
vn -0.251945 0.389427 0.885929
vn -0.251945 0.389427 0.885929
vn -0.261289 0.388404 0.883669
vn 0.000000 0.402488 0.915425
vn 0.000000 0.402488 0.915425
vn 0.000000 0.402488 0.915425
vn 0.000000 0.402488 0.915425
vn 0.261285 0.388431 0.883658
vn 0.251945 0.389427 0.885929
vn 0.251945 0.389427 0.885929
vn 0.261285 0.388431 0.883658
vn 0.547040 0.336638 0.766434
vn 0.531855 0.340552 0.775341
vn 0.531855 0.340552 0.775341
vn 0.547040 0.336638 0.766434
vn 0.844620 0.215128 0.490242
vn 0.834260 0.221565 0.504896
vn 0.834260 0.221565 0.504896
vn 0.844620 0.215128 0.490242
vn 1.000000 0.000047 0.000000
vn 0.999999 0.000779 0.001557
vn 0.999999 0.000779 0.001557
vn 1.000000 0.000047 0.000000
vn 0.844663 -0.214461 -0.490460
vn 0.835108 -0.220378 -0.504013
vn 0.835108 -0.220378 -0.504013
vn 0.844663 -0.214461 -0.490460
vn 0.547116 -0.335118 -0.767046
vn 0.531424 -0.339124 -0.776262
vn 0.531424 -0.339124 -0.776262
vn 0.547116 -0.335118 -0.767046
vn 0.261337 -0.386218 -0.884612
vn 0.251256 -0.387281 -0.887065
vn 0.251256 -0.387281 -0.887065
vn 0.261337 -0.386218 -0.884612
vn 0.000000 -0.400010 -0.916511
vn 0.000000 -0.400010 -0.916511
vn 0.000000 -0.400010 -0.916511
vn 0.000000 -0.400010 -0.916511
vn -0.261337 -0.386218 -0.884612
vn -0.251256 -0.387281 -0.887065
vn -0.251256 -0.387281 -0.887065
vn -0.261337 -0.386218 -0.884612
vn -0.547116 -0.335118 -0.767046
vn -0.531424 -0.339124 -0.776262
vn -0.835108 -0.220378 -0.504013
vn -0.844638 -0.214497 -0.490488
vn -1.000000 0.000047 0.000000
vn -0.999999 0.000779 0.001557
vn -0.531424 -0.339124 -0.776262
vn -0.547116 -0.335118 -0.767046
vn -0.844638 -0.214497 -0.490488
vn -0.835108 -0.220378 -0.504013
vn -0.606254 0.793907 -0.046566
vn -0.999999 0.000779 0.001557
vn -0.834260 0.221565 0.504896
vn -0.500176 0.823137 0.268830
vn -0.500176 0.823137 0.268830
vn -0.834260 0.221565 0.504896
vn -0.531855 0.340552 0.775341
vn -0.334899 0.819171 0.465620
vn -0.334899 0.819171 0.465620
vn -0.531855 0.340552 0.775341
vn -0.251945 0.389427 0.885929
vn -0.164505 0.810247 0.562528
vn -0.164505 0.810247 0.562528
vn -0.251945 0.389427 0.885929
vn 0.000000 0.402488 0.915425
vn 0.000000 0.806674 0.590997
vn 0.000000 0.806674 0.590997
vn 0.000000 0.402488 0.915425
vn 0.251945 0.389427 0.885929
vn 0.164505 0.810247 0.562528
vn 0.164505 0.810247 0.562528
vn 0.251945 0.389427 0.885929
vn 0.531855 0.340552 0.775341
vn 0.334899 0.819171 0.465620
vn 0.334899 0.819171 0.465620
vn 0.531855 0.340552 0.775341
vn 0.834260 0.221565 0.504896
vn 0.500176 0.823137 0.268830
vn 0.500176 0.823137 0.268830
vn 0.834260 0.221565 0.504896
vn 0.999999 0.000779 0.001557
vn 0.606254 0.793907 -0.046566
vn 0.606254 0.793907 -0.046566
vn 0.999999 0.000779 0.001557
vn 0.835108 -0.220378 -0.504013
vn 0.576937 0.708950 -0.405628
vn 0.576937 0.708950 -0.405628
vn 0.835108 -0.220378 -0.504013
vn 0.531424 -0.339124 -0.776262
vn 0.421555 0.603857 -0.676497
vn 0.421555 0.603857 -0.676497
vn 0.531424 -0.339124 -0.776262
vn 0.251256 -0.387281 -0.887065
vn 0.215170 0.529930 -0.820291
vn 0.215170 0.529930 -0.820291
vn 0.251256 -0.387281 -0.887065
vn 0.000000 -0.400010 -0.916511
vn 0.000000 0.504791 -0.863242
vn 0.000000 0.504791 -0.863242
vn 0.000000 -0.400010 -0.916511
vn -0.251256 -0.387281 -0.887065
vn -0.215170 0.529930 -0.820291
vn -0.215170 0.529930 -0.820291
vn -0.251256 -0.387281 -0.887065
vn -0.531424 -0.339124 -0.776262
vn -0.421555 0.603857 -0.676497
vn -0.576937 0.708950 -0.405628
vn -0.835108 -0.220378 -0.504013
vn -0.999999 0.000779 0.001557
vn -0.606254 0.793907 -0.046566
vn -0.421555 0.603857 -0.676497
vn -0.531424 -0.339124 -0.776262
vn -0.835108 -0.220378 -0.504013
vn -0.576937 0.708950 -0.405628
vn 1.000000 -0.000047 0.000000
vn 0.598614 0.733732 0.321402
vn 0.535743 0.577033 0.616452
vn 0.844527 -0.215161 0.490388
vn 0.844527 -0.215161 0.490388
vn 0.535743 0.577033 0.616452
vn 0.382571 0.432516 0.816437
vn 0.546916 -0.336692 0.766500
vn 0.546916 -0.336692 0.766500
vn 0.382571 0.432516 0.816437
vn 0.194820 0.340363 0.919890
vn 0.261199 -0.388429 0.883684
vn 0.261199 -0.388429 0.883684
vn 0.194820 0.340363 0.919890
vn 0.000000 0.309711 0.950831
vn 0.000000 -0.402488 0.915425
vn 0.000000 -0.402488 0.915425
vn 0.000000 0.309711 0.950831
vn -0.194820 0.340363 0.919890
vn -0.261199 -0.388429 0.883684
vn -0.261199 -0.388429 0.883684
vn -0.194820 0.340363 0.919890
vn -0.382571 0.432516 0.816437
vn -0.546916 -0.336692 0.766500
vn -0.546916 -0.336692 0.766500
vn -0.382571 0.432516 0.816437
vn -0.535731 0.577057 0.616439
vn -0.844527 -0.215161 0.490388
vn -0.844527 -0.215161 0.490388
vn -0.535731 0.577057 0.616439
vn -0.598614 0.733732 0.321402
vn -1.000000 -0.000047 0.000000
vn -1.000000 -0.000047 0.000000
vn -0.598614 0.733732 0.321402
vn -0.535748 0.844355 0.006226
vn -0.844562 0.214533 -0.490602
vn -0.844562 0.214533 -0.490602
vn -0.535748 0.844355 0.006226
vn -0.382573 0.893387 -0.235579
vn -0.546977 0.335162 -0.767127
vn -0.546977 0.335162 -0.767127
vn -0.382573 0.893387 -0.235579
vn -0.194822 0.906965 -0.373443
vn -0.261244 0.386205 -0.884645
vn -0.261244 0.386205 -0.884645
vn -0.194822 0.906965 -0.373443
vn 0.000000 0.908916 -0.416980
vn 0.000000 0.400010 -0.916511
vn 0.000000 0.400010 -0.916511
vn 0.000000 0.908916 -0.416980
vn 0.194822 0.906965 -0.373443
vn 0.261244 0.386205 -0.884645
vn 0.261244 0.386205 -0.884645
vn 0.194822 0.906965 -0.373443
vn 0.382573 0.893387 -0.235579
vn 0.546977 0.335162 -0.767127
vn 0.535743 0.577033 0.616452
vn 0.598614 0.733732 0.321402
vn 0.535748 0.844355 0.006226
vn 0.382573 0.893387 -0.235579
vn 0.194822 0.906965 -0.373443
vn 0.000000 0.908916 -0.416980
vn -0.194822 0.906965 -0.373443
vn -0.382573 0.893387 -0.235579
vn -0.535748 0.844355 0.006226
vn -0.598614 0.733732 0.321402
vn -0.535731 0.577057 0.616439
vn -0.382571 0.432516 0.816437
vn -0.194820 0.340363 0.919890
vn 0.000000 0.309711 0.950831
vn 0.194820 0.340363 0.919890
vn 0.382571 0.432516 0.816437
vn 0.844562 0.214533 -0.490602
vn 0.535748 0.844355 0.006226
vn 0.598614 0.733732 0.321402
vn 1.000000 -0.000047 0.000000
vn 0.546977 0.335162 -0.767127
vn 0.382573 0.893387 -0.235579
vn 0.535748 0.844355 0.006226
vn 0.844562 0.214533 -0.490602
vn 0.606254 -0.793907 -0.046566
vn 0.500198 -0.823135 0.268795
vn 0.334899 -0.819171 0.465620
vn 0.164505 -0.810247 0.562528
vn 0.000000 -0.806674 0.590997
vn -0.164505 -0.810247 0.562528
vn -0.334899 -0.819171 0.465620
vn -0.500198 -0.823135 0.268795
vn -0.606254 -0.793907 -0.046566
vn -0.576937 -0.708950 -0.405628
vn -0.421555 -0.603857 -0.676497
vn -0.215190 -0.529927 -0.820287
vn 0.000000 -0.504791 -0.863242
vn 0.215190 -0.529927 -0.820287
vn 0.421555 -0.603857 -0.676497
vn 0.576937 -0.708950 -0.405628
vn 0.999999 -0.000732 0.001557
vn 1.000000 -0.000047 0.000000
vn 0.844527 -0.215161 0.490388
vn 0.834216 -0.221561 0.504970
vn 0.834216 -0.221561 0.504970
vn 0.844527 -0.215161 0.490388
vn 0.546916 -0.336692 0.766500
vn 0.531785 -0.340574 0.775380
vn 0.531785 -0.340574 0.775380
vn 0.546916 -0.336692 0.766500
vn 0.261199 -0.388429 0.883684
vn 0.251898 -0.389420 0.885945
vn 0.251898 -0.389420 0.885945
vn 0.261199 -0.388429 0.883684
vn 0.000000 -0.402488 0.915425
vn 0.000000 -0.402488 0.915425
vn 0.000000 -0.402488 0.915425
vn 0.000000 -0.402488 0.915425
vn -0.261199 -0.388429 0.883684
vn -0.251898 -0.389420 0.885945
vn -0.251898 -0.389420 0.885945
vn -0.261199 -0.388429 0.883684
vn -0.546916 -0.336692 0.766500
vn -0.531785 -0.340574 0.775380
vn -0.531785 -0.340574 0.775380
vn -0.546916 -0.336692 0.766500
vn -0.844527 -0.215161 0.490388
vn -0.834216 -0.221561 0.504970
vn -0.834216 -0.221561 0.504970
vn -0.844527 -0.215161 0.490388
vn -1.000000 -0.000047 0.000000
vn -0.999999 -0.000779 0.001557
vn -0.999999 -0.000779 0.001557
vn -1.000000 -0.000047 0.000000
vn -0.844562 0.214533 -0.490602
vn -0.835057 0.220413 -0.504082
vn -0.835057 0.220413 -0.504082
vn -0.844562 0.214533 -0.490602
vn -0.546977 0.335162 -0.767127
vn -0.531369 0.339155 -0.776287
vn -0.531369 0.339155 -0.776287
vn -0.546977 0.335162 -0.767127
vn -0.261244 0.386205 -0.884645
vn -0.251216 0.387285 -0.887074
vn -0.251216 0.387285 -0.887074
vn -0.261244 0.386205 -0.884645
vn 0.000000 0.400010 -0.916511
vn 0.000000 0.400010 -0.916511
vn 0.000000 0.400010 -0.916511
vn 0.000000 0.400010 -0.916511
vn 0.261244 0.386205 -0.884645
vn 0.251216 0.387285 -0.887074
vn 0.251216 0.387285 -0.887074
vn 0.261244 0.386205 -0.884645
vn 0.546977 0.335162 -0.767127
vn 0.531369 0.339155 -0.776287
vn 0.835057 0.220413 -0.504082
vn 0.844562 0.214533 -0.490602
vn 1.000000 -0.000047 0.000000
vn 0.999999 -0.000732 0.001557
vn 0.531369 0.339155 -0.776287
vn 0.546977 0.335162 -0.767127
vn 0.844562 0.214533 -0.490602
vn 0.835057 0.220413 -0.504082
vn 0.606254 -0.793907 -0.046566
vn 0.999999 -0.000732 0.001557
vn 0.834216 -0.221561 0.504970
vn 0.500198 -0.823135 0.268795
vn 0.500198 -0.823135 0.268795
vn 0.834216 -0.221561 0.504970
vn 0.531785 -0.340574 0.775380
vn 0.334899 -0.819171 0.465620
vn 0.334899 -0.819171 0.465620
vn 0.531785 -0.340574 0.775380
vn 0.251898 -0.389420 0.885945
vn 0.164505 -0.810247 0.562528
vn 0.164505 -0.810247 0.562528
vn 0.251898 -0.389420 0.885945
vn 0.000000 -0.402488 0.915425
vn 0.000000 -0.806674 0.590997
vn 0.000000 -0.806674 0.590997
vn 0.000000 -0.402488 0.915425
vn -0.251898 -0.389420 0.885945
vn -0.164505 -0.810247 0.562528
vn -0.164505 -0.810247 0.562528
vn -0.251898 -0.389420 0.885945
vn -0.531785 -0.340574 0.775380
vn -0.334899 -0.819171 0.465620
vn -0.334899 -0.819171 0.465620
vn -0.531785 -0.340574 0.775380
vn -0.834216 -0.221561 0.504970
vn -0.500198 -0.823135 0.268795
vn -0.500198 -0.823135 0.268795
vn -0.834216 -0.221561 0.504970
vn -0.999999 -0.000779 0.001557
vn -0.606254 -0.793907 -0.046566
vn -0.606254 -0.793907 -0.046566
vn -0.999999 -0.000779 0.001557
vn -0.835057 0.220413 -0.504082
vn -0.576937 -0.708950 -0.405628
vn -0.576937 -0.708950 -0.405628
vn -0.835057 0.220413 -0.504082
vn -0.531369 0.339155 -0.776287
vn -0.421555 -0.603857 -0.676497
vn -0.421555 -0.603857 -0.676497
vn -0.531369 0.339155 -0.776287
vn -0.251216 0.387285 -0.887074
vn -0.215190 -0.529927 -0.820287
vn -0.215190 -0.529927 -0.820287
vn -0.251216 0.387285 -0.887074
vn 0.000000 0.400010 -0.916511
vn 0.000000 -0.504791 -0.863242
vn 0.000000 -0.504791 -0.863242
vn 0.000000 0.400010 -0.916511
vn 0.251216 0.387285 -0.887074
vn 0.215190 -0.529927 -0.820287
vn 0.215190 -0.529927 -0.820287
vn 0.251216 0.387285 -0.887074
vn 0.531369 0.339155 -0.776287
vn 0.421555 -0.603857 -0.676497
vn 0.576937 -0.708950 -0.405628
vn 0.835057 0.220413 -0.504082
vn 0.999999 -0.000732 0.001557
vn 0.606254 -0.793907 -0.046566
vn 0.421555 -0.603857 -0.676497
vn 0.531369 0.339155 -0.776287
vn 0.835057 0.220413 -0.504082
vn 0.576937 -0.708950 -0.405628
vn -0.577350 -0.577350 -0.577350
vn 0.577350 0.577350 -0.577350
vn 0.577350 -0.577350 -0.577350
vn 0.577350 0.577350 -0.577350
vn -0.577350 -0.577350 -0.577350
vn -0.577350 0.577350 -0.577350
vn -0.577350 0.577350 0.577350
vn 0.577350 0.577350 -0.577350
vn -0.577350 0.577350 -0.577350
vn 0.577350 0.577350 -0.577350
vn -0.577350 0.577350 0.577350
vn 0.577350 0.577350 0.577350
vn -0.577350 0.577350 0.577350
vn 0.577350 -0.577350 0.577350
vn 0.577350 0.577350 0.577350
vn 0.577350 -0.577350 0.577350
vn -0.577350 0.577350 0.577350
vn -0.577350 -0.577350 0.577350
vn -0.577350 0.577350 -0.577350
vn -0.577350 -0.577350 0.577350
vn -0.577350 0.577350 0.577350
vn -0.577350 -0.577350 0.577350
vn -0.577350 0.577350 -0.577350
vn -0.577350 -0.577350 -0.577350
vn 0.577350 -0.577350 -0.577350
vn -0.577350 -0.577350 0.577350
vn -0.577350 -0.577350 -0.577350
vn -0.577350 -0.577350 0.577350
vn 0.577350 -0.577350 -0.577350
vn 0.577350 -0.577350 0.577350
vn 0.577350 -0.577350 -0.577350
vn 0.577350 0.577350 0.577350
vn 0.577350 -0.577350 0.577350
vn 0.577350 0.577350 0.577350
vn 0.577350 -0.577350 -0.577350
vn 0.577350 0.577350 -0.577350
vn -0.577350 -0.577350 -0.577350
vn 0.577350 0.577350 -0.577350
vn 0.577350 -0.577350 -0.577350
vn 0.577350 0.577350 -0.577350
vn -0.577350 -0.577350 -0.577350
vn -0.577350 0.577350 -0.577350
vn -0.577350 0.577350 0.577350
vn 0.577350 0.577350 -0.577350
vn -0.577350 0.577350 -0.577350
vn 0.577350 0.577350 -0.577350
vn -0.577350 0.577350 0.577350
vn 0.577350 0.577350 0.577350
vn -0.577350 0.577350 0.577350
vn 0.577350 -0.577350 0.577350
vn 0.577350 0.577350 0.577350
vn 0.577350 -0.577350 0.577350
vn -0.577350 0.577350 0.577350
vn -0.577350 -0.577350 0.577350
vn -0.577350 0.577350 -0.577350
vn -0.577350 -0.577350 0.577350
vn -0.577350 0.577350 0.577350
vn -0.577350 -0.577350 0.577350
vn -0.577350 0.577350 -0.577350
vn -0.577350 -0.577350 -0.577350
vn 0.577350 -0.577350 -0.577350
vn -0.577350 -0.577350 0.577350
vn -0.577350 -0.577350 -0.577350
vn -0.577350 -0.577350 0.577350
vn 0.577350 -0.577350 -0.577350
vn 0.577350 -0.577350 0.577350
vn 0.577350 -0.577350 -0.577350
vn 0.577350 0.577350 0.577350
vn 0.577350 -0.577350 0.577350
vn 0.577350 0.577350 0.577350
vn 0.577350 -0.577350 -0.577350
vn 0.577350 0.577350 -0.577350
vn 0.577350 0.577350 0.577350
vn 0.577350 -0.577350 -0.577350
vn 0.577350 0.577350 -0.577350
vn 0.577350 -0.577350 -0.577350
vn 0.577350 0.577350 0.577350
vn 0.577350 -0.577350 0.577350
vn -0.577350 0.577350 0.577350
vn 0.577350 -0.577350 0.577350
vn 0.577350 0.577350 0.577350
vn 0.577350 -0.577350 0.577350
vn -0.577350 0.577350 0.577350
vn -0.577350 -0.577350 0.577350
vn -0.577350 -0.577350 0.577350
vn 0.577350 -0.577350 -0.577350
vn 0.577350 -0.577350 0.577350
vn 0.577350 -0.577350 -0.577350
vn -0.577350 -0.577350 0.577350
vn -0.577350 -0.577350 -0.577350
vn -0.577350 -0.577350 -0.577350
vn 0.577350 0.577350 -0.577350
vn 0.577350 -0.577350 -0.577350
vn 0.577350 0.577350 -0.577350
vn -0.577350 -0.577350 -0.577350
vn -0.577350 0.577350 -0.577350
vn -0.577350 0.577350 0.577350
vn 0.577350 0.577350 -0.577350
vn -0.577350 0.577350 -0.577350
vn 0.577350 0.577350 -0.577350
vn -0.577350 0.577350 0.577350
vn 0.577350 0.577350 0.577350
vn -0.577350 0.577350 -0.577350
vn -0.577350 -0.577350 0.577350
vn -0.577350 0.577350 0.577350
vn -0.577350 -0.577350 0.577350
vn -0.577350 0.577350 -0.577350
vn -0.577350 -0.577350 -0.577350
vn 0.577350 0.577350 0.577350
vn 0.577350 -0.577350 -0.577350
vn 0.577350 0.577350 -0.577350
vn 0.577350 -0.577350 -0.577350
vn 0.577350 0.577350 0.577350
vn 0.577350 -0.577350 0.577350
vn -0.577350 0.577350 0.577350
vn 0.577350 -0.577350 0.577350
vn 0.577350 0.577350 0.577350
vn 0.577350 -0.577350 0.577350
vn -0.577350 0.577350 0.577350
vn -0.577350 -0.577350 0.577350
vn -0.577350 -0.577350 0.577350
vn 0.577350 -0.577350 -0.577350
vn 0.577350 -0.577350 0.577350
vn 0.577350 -0.577350 -0.577350
vn -0.577350 -0.577350 0.577350
vn -0.577350 -0.577350 -0.577350
vn -0.577350 -0.577350 -0.577350
vn 0.577350 0.577350 -0.577350
vn 0.577350 -0.577350 -0.577350
vn 0.577350 0.577350 -0.577350
vn -0.577350 -0.577350 -0.577350
vn -0.577350 0.577350 -0.577350
vn -0.577350 0.577350 0.577350
vn 0.577350 0.577350 -0.577350
vn -0.577350 0.577350 -0.577350
vn 0.577350 0.577350 -0.577350
vn -0.577350 0.577350 0.577350
vn 0.577350 0.577350 0.577350
vn -0.577350 0.577350 -0.577350
vn -0.577350 -0.577350 0.577350
vn -0.577350 0.577350 0.577350
vn -0.577350 -0.577350 0.577350
vn -0.577350 0.577350 -0.577350
vn -0.577350 -0.577350 -0.577350
vn 0.399183 -0.238384 -0.885340
vn 0.498693 -0.857268 -0.128047
vn -0.398195 -0.238068 -0.885869
vn 0.498693 -0.857268 -0.128047
vn 0.399183 -0.238384 -0.885340
vn 0.994505 -0.090412 -0.052781
vn 0.994505 -0.090412 -0.052781
vn 0.992897 -0.085768 0.082455
vn 0.498693 -0.857268 -0.128047
vn 0.497199 -0.654605 0.569461
vn 0.498693 -0.857268 -0.128047
vn 0.992897 -0.085768 0.082455
vn 0.498693 -0.857268 -0.128047
vn 0.497199 -0.654605 0.569461
vn -0.498311 -0.857536 -0.127739
vn -0.498311 -0.857536 -0.127739
vn -0.398195 -0.238068 -0.885869
vn 0.498693 -0.857268 -0.128047
vn -0.398195 -0.238068 -0.885869
vn -0.498311 -0.857536 -0.127739
vn -0.793697 0.337831 -0.505881
vn -0.994702 -0.088992 -0.051455
vn -0.793697 0.337831 -0.505881
vn -0.498311 -0.857536 -0.127739
vn -0.498311 -0.857536 -0.127739
vn -0.497240 -0.654405 0.569654
vn -0.994702 -0.088992 -0.051455
vn -0.497240 -0.654405 0.569654
vn -0.498311 -0.857536 -0.127739
vn 0.497199 -0.654605 0.569461
vn 0.497199 -0.654605 0.569461
vn 0.464738 0.276979 0.841012
vn -0.497240 -0.654405 0.569654
vn 0.464738 0.276979 0.841012
vn 0.497199 -0.654605 0.569461
vn 0.986800 0.062633 0.149342
vn 0.992897 -0.085768 0.082455
vn 0.986800 0.062633 0.149342
vn 0.497199 -0.654605 0.569461
vn 0.986800 0.062633 0.149342
vn 0.992897 -0.085768 0.082455
vn 0.657401 -0.246554 -0.712064
vn 0.683939 0.546719 -0.483039
vn 0.657401 -0.246554 -0.712064
vn 0.992897 -0.085768 0.082455
vn 0.992897 -0.085768 0.082455
vn 0.994505 -0.090412 -0.052781
vn 0.683939 0.546719 -0.483039
vn 0.589507 0.793753 0.149794
vn 0.683939 0.546719 -0.483039
vn 0.994505 -0.090412 -0.052781
vn 0.994505 -0.090412 -0.052781
vn 0.793719 0.336066 -0.507021
vn 0.589507 0.793753 0.149794
vn 0.793719 0.336066 -0.507021
vn 0.994505 -0.090412 -0.052781
vn 0.399183 -0.238384 -0.885340
vn 0.793719 0.336066 -0.507021
vn 0.399183 -0.238384 -0.885340
vn -0.793697 0.337831 -0.505881
vn 0.399183 -0.238384 -0.885340
vn -0.398195 -0.238068 -0.885869
vn -0.793697 0.337831 -0.505881
vn 0.399168 -0.238388 -0.885345
vn 0.498681 -0.857276 -0.128048
vn -0.398180 -0.238071 -0.885875
vn 0.498681 -0.857276 -0.128048
vn 0.399168 -0.238388 -0.885345
vn 0.994504 -0.090418 -0.052785
vn 0.994504 -0.090418 -0.052785
vn 0.992896 -0.085775 0.082461
vn 0.498681 -0.857276 -0.128048
vn 0.497189 -0.654609 0.569464
vn 0.498681 -0.857276 -0.128048
vn 0.992896 -0.085775 0.082461
vn 0.498681 -0.857276 -0.128048
vn 0.497189 -0.654609 0.569464
vn -0.498298 -0.857544 -0.127740
vn -0.498298 -0.857544 -0.127740
vn -0.398180 -0.238071 -0.885875
vn 0.498681 -0.857276 -0.128048
vn -0.398180 -0.238071 -0.885875
vn -0.498298 -0.857544 -0.127740
vn -0.793702 0.337825 -0.505878
vn -0.994702 -0.088998 -0.051459
vn -0.793702 0.337825 -0.505878
vn -0.498298 -0.857544 -0.127740
vn -0.498298 -0.857544 -0.127740
vn -0.497230 -0.654410 0.569658
vn -0.994702 -0.088998 -0.051459
vn -0.497230 -0.654410 0.569658
vn -0.498298 -0.857544 -0.127740
vn 0.497189 -0.654609 0.569464
vn 0.497189 -0.654609 0.569464
vn 0.464726 0.276981 0.841018
vn -0.497230 -0.654410 0.569658
vn 0.464726 0.276981 0.841018
vn 0.497189 -0.654609 0.569464
vn 0.986798 0.062638 0.149353
vn 0.992896 -0.085775 0.082461
vn 0.986798 0.062638 0.149353
vn 0.497189 -0.654609 0.569464
vn 0.986798 0.062638 0.149353
vn 0.992896 -0.085775 0.082461
vn 0.657381 -0.246560 -0.712081
vn 0.683923 0.546730 -0.483048
vn 0.657381 -0.246560 -0.712081
vn 0.992896 -0.085775 0.082461
vn 0.992896 -0.085775 0.082461
vn 0.994504 -0.090418 -0.052785
vn 0.683923 0.546730 -0.483048
vn 0.589489 0.793765 0.149797
vn 0.683923 0.546730 -0.483048
vn 0.994504 -0.090418 -0.052785
vn 0.994504 -0.090418 -0.052785
vn 0.793723 0.336059 -0.507019
vn 0.589489 0.793765 0.149797
vn 0.793723 0.336059 -0.507019
vn 0.994504 -0.090418 -0.052785
vn 0.399168 -0.238388 -0.885345
vn 0.793723 0.336059 -0.507019
vn 0.399168 -0.238388 -0.885345
vn -0.793702 0.337825 -0.505878
vn 0.399168 -0.238388 -0.885345
vn -0.398180 -0.238071 -0.885875
vn -0.793702 0.337825 -0.505878
vn -0.793702 0.337825 -0.505878
vn -0.994702 -0.088998 -0.051459
vn -0.393498 0.908643 -0.139739
vn -0.590823 0.793156 0.147755
vn -0.393498 0.908643 -0.139739
vn -0.994702 -0.088998 -0.051459
vn -0.994702 -0.088998 -0.051459
vn -0.992882 -0.085450 0.082973
vn -0.590823 0.793156 0.147755
vn -0.992882 -0.085450 0.082973
vn -0.994702 -0.088998 -0.051459
vn -0.497230 -0.654410 0.569658
vn -0.497230 -0.654410 0.569658
vn -0.464836 0.276700 0.841050
vn -0.992882 -0.085450 0.082973
vn -0.464836 0.276700 0.841050
vn -0.497230 -0.654410 0.569658
vn 0.464726 0.276981 0.841018
vn 0.464726 0.276981 0.841018
vn 0.396245 0.913706 -0.090171
vn -0.464836 0.276700 0.841050
vn 0.792511 0.358297 -0.493507
vn 0.396245 0.913706 -0.090171
vn 0.464726 0.276981 0.841018
vn 0.986798 0.062638 0.149353
vn 0.792511 0.358297 -0.493507
vn 0.464726 0.276981 0.841018
vn 0.396015 -0.197308 -0.896795
vn 0.792511 0.358297 -0.493507
vn 0.986798 0.062638 0.149353
vn 0.657381 -0.246560 -0.712081
vn 0.396015 -0.197308 -0.896795
vn 0.986798 0.062638 0.149353
vn -0.396169 -0.197374 -0.896713
vn 0.396015 -0.197308 -0.896795
vn 0.657381 -0.246560 -0.712081
vn -0.657308 -0.245732 -0.712434
vn -0.396169 -0.197374 -0.896713
vn 0.657381 -0.246560 -0.712081
vn 0.657381 -0.246560 -0.712081
vn 0.683923 0.546730 -0.483048
vn -0.657308 -0.245732 -0.712434
vn -0.683869 0.546171 -0.483757
vn -0.657308 -0.245732 -0.712434
vn 0.683923 0.546730 -0.483048
vn 0.683923 0.546730 -0.483048
vn 0.589489 0.793765 0.149797
vn -0.683869 0.546171 -0.483757
vn -0.590823 0.793156 0.147755
vn -0.683869 0.546171 -0.483757
vn 0.589489 0.793765 0.149797
vn 0.589489 0.793765 0.149797
vn 0.391971 0.909166 -0.140626
vn -0.590823 0.793156 0.147755
vn 0.391971 0.909166 -0.140626
vn 0.589489 0.793765 0.149797
vn 0.793723 0.336059 -0.507019
vn 0.391971 0.909166 -0.140626
vn 0.793723 0.336059 -0.507019
vn -0.793702 0.337825 -0.505878
vn 0.391971 0.909166 -0.140626
vn -0.793702 0.337825 -0.505878
vn -0.393498 0.908643 -0.139739
vn -0.393498 0.908643 -0.139739
vn -0.590823 0.793156 0.147755
vn 0.391971 0.909166 -0.140626
vn -0.793697 0.337831 -0.505881
vn -0.994702 -0.088992 -0.051455
vn -0.393515 0.908636 -0.139740
vn -0.590842 0.793142 0.147752
vn -0.393515 0.908636 -0.139740
vn -0.994702 -0.088992 -0.051455
vn -0.994702 -0.088992 -0.051455
vn -0.992883 -0.085442 0.082966
vn -0.590842 0.793142 0.147752
vn -0.992883 -0.085442 0.082966
vn -0.994702 -0.088992 -0.051455
vn -0.497240 -0.654405 0.569654
vn -0.497240 -0.654405 0.569654
vn -0.464848 0.276698 0.841044
vn -0.992883 -0.085442 0.082966
vn -0.464848 0.276698 0.841044
vn -0.497240 -0.654405 0.569654
vn 0.464738 0.276979 0.841012
vn 0.464738 0.276979 0.841012
vn 0.396260 0.913700 -0.090173
vn -0.464848 0.276698 0.841044
vn 0.792507 0.358300 -0.493512
vn 0.396260 0.913700 -0.090173
vn 0.464738 0.276979 0.841012
vn 0.986800 0.062633 0.149342
vn 0.792507 0.358300 -0.493512
vn 0.464738 0.276979 0.841012
vn 0.396030 -0.197305 -0.896789
vn 0.792507 0.358300 -0.493512
vn 0.986800 0.062633 0.149342
vn 0.657401 -0.246554 -0.712064
vn 0.396030 -0.197305 -0.896789
vn 0.986800 0.062633 0.149342
vn -0.396185 -0.197370 -0.896706
vn 0.396030 -0.197305 -0.896789
vn 0.657401 -0.246554 -0.712064
vn -0.657329 -0.245726 -0.712416
vn -0.396185 -0.197370 -0.896706
vn 0.657401 -0.246554 -0.712064
vn 0.657401 -0.246554 -0.712064
vn 0.683939 0.546719 -0.483039
vn -0.657329 -0.245726 -0.712416
vn -0.683885 0.546159 -0.483747
vn -0.657329 -0.245726 -0.712416
vn 0.683939 0.546719 -0.483039
vn 0.683939 0.546719 -0.483039
vn 0.589507 0.793753 0.149794
vn -0.683885 0.546159 -0.483747
vn -0.590842 0.793142 0.147752
vn -0.683885 0.546159 -0.483747
vn 0.589507 0.793753 0.149794
vn 0.589507 0.793753 0.149794
vn 0.391987 0.909159 -0.140627
vn -0.590842 0.793142 0.147752
vn 0.391987 0.909159 -0.140627
vn 0.589507 0.793753 0.149794
vn 0.793719 0.336066 -0.507021
vn 0.391987 0.909159 -0.140627
vn 0.793719 0.336066 -0.507021
vn -0.793697 0.337831 -0.505881
vn 0.391987 0.909159 -0.140627
vn -0.793697 0.337831 -0.505881
vn -0.393515 0.908636 -0.139740
vn -0.393515 0.908636 -0.139740
vn -0.590842 0.793142 0.147752
vn 0.391987 0.909159 -0.140627
vn -0.683869 0.546171 -0.483757
vn -0.590823 0.793156 0.147755
vn -0.992882 -0.085450 0.082973
vn -0.992882 -0.085450 0.082973
vn -0.986778 0.062052 0.149729
vn -0.683869 0.546171 -0.483757
vn -0.986778 0.062052 0.149729
vn -0.992882 -0.085450 0.082973
vn -0.464836 0.276700 0.841050
vn -0.464836 0.276700 0.841050
vn -0.396102 0.913760 -0.090252
vn -0.986778 0.062052 0.149729
vn -0.396102 0.913760 -0.090252
vn -0.792517 0.358087 -0.493650
vn -0.986778 0.062052 0.149729
vn -0.986778 0.062052 0.149729
vn -0.792517 0.358087 -0.493650
vn -0.657308 -0.245732 -0.712434
vn -0.657308 -0.245732 -0.712434
vn -0.683869 0.546171 -0.483757
vn -0.986778 0.062052 0.149729
vn -0.683885 0.546159 -0.483747
vn -0.590842 0.793142 0.147752
vn -0.992883 -0.085442 0.082966
vn -0.992883 -0.085442 0.082966
vn -0.986780 0.062048 0.149717
vn -0.683885 0.546159 -0.483747
vn -0.986780 0.062048 0.149717
vn -0.992883 -0.085442 0.082966
vn -0.464848 0.276698 0.841044
vn -0.464848 0.276698 0.841044
vn -0.396118 0.913753 -0.090254
vn -0.986780 0.062048 0.149717
vn -0.396118 0.913753 -0.090254
vn -0.792513 0.358091 -0.493655
vn -0.986780 0.062048 0.149717
vn -0.986780 0.062048 0.149717
vn -0.792513 0.358091 -0.493655
vn -0.657329 -0.245726 -0.712416
vn -0.657329 -0.245726 -0.712416
vn -0.683885 0.546159 -0.483747
vn -0.986780 0.062048 0.149717
vn -0.792517 0.358087 -0.493650
vn -0.396169 -0.197374 -0.896713
vn -0.657308 -0.245732 -0.712434
vn -0.792517 0.358087 -0.493650
vn 0.396015 -0.197308 -0.896795
vn -0.396169 -0.197374 -0.896713
vn 0.792511 0.358297 -0.493507
vn 0.396015 -0.197308 -0.896795
vn -0.792517 0.358087 -0.493650
vn 0.396245 0.913706 -0.090171
vn 0.792511 0.358297 -0.493507
vn -0.792517 0.358087 -0.493650
vn -0.396102 0.913760 -0.090252
vn 0.396245 0.913706 -0.090171
vn -0.792517 0.358087 -0.493650
vn 0.396245 0.913706 -0.090171
vn -0.396102 0.913760 -0.090252
vn -0.464836 0.276700 0.841050
vn -0.792513 0.358091 -0.493655
vn -0.396185 -0.197370 -0.896706
vn -0.657329 -0.245726 -0.712416
vn -0.792513 0.358091 -0.493655
vn 0.396030 -0.197305 -0.896789
vn -0.396185 -0.197370 -0.896706
vn 0.792507 0.358300 -0.493512
vn 0.396030 -0.197305 -0.896789
vn -0.792513 0.358091 -0.493655
vn 0.396260 0.913700 -0.090173
vn 0.792507 0.358300 -0.493512
vn -0.792513 0.358091 -0.493655
vn -0.396118 0.913753 -0.090254
vn 0.396260 0.913700 -0.090173
vn -0.792513 0.358091 -0.493655
vn 0.396260 0.913700 -0.090173
vn -0.396118 0.913753 -0.090254
vn -0.464848 0.276698 0.841044
vn -0.580762 -0.574788 0.576485
vn 0.573943 -0.579870 -0.578222
vn 0.573942 -0.579870 0.578223
vn -0.580762 -0.574788 0.576485
vn -0.580762 -0.574788 -0.576485
vn 0.573943 -0.579870 -0.578222
vn 0.460467 0.619938 0.635332
vn 0.460469 0.619938 -0.635331
vn 0.005896 0.758231 -0.651959
vn 0.005897 0.758231 0.651959
vn 0.460467 0.619938 0.635332
vn 0.005896 0.758231 -0.651959
vn -0.612629 -0.227467 -0.756931
vn -0.612629 -0.227467 0.756931
vn -0.359543 -0.484288 0.797617
vn -0.359543 -0.484288 -0.797617
vn -0.612629 -0.227467 -0.756931
vn -0.359543 -0.484288 0.797617
vn -0.689549 -0.056230 -0.722053
vn -0.689549 -0.056230 0.722053
vn -0.612629 -0.227467 0.756931
vn -0.612629 -0.227467 -0.756931
vn -0.689549 -0.056230 -0.722053
vn -0.612629 -0.227467 0.756931
vn -0.571943 -0.581910 -0.578154
vn -0.571943 -0.581910 0.578154
vn -0.689549 -0.056230 0.722053
vn -0.689549 -0.056230 -0.722053
vn -0.571943 -0.581910 -0.578154
vn -0.689549 -0.056230 0.722053
vn 0.005896 0.758231 -0.651959
vn 0.460469 0.619938 -0.635331
vn -0.004958 -0.637268 -0.770626
vn 0.005896 0.758231 -0.651959
vn -0.004958 -0.637268 -0.770626
vn 0.351649 -0.490517 -0.797331
vn -0.449975 0.627402 -0.635523
vn 0.005896 0.758231 -0.651959
vn 0.351649 -0.490517 -0.797331
vn -0.449975 0.627402 -0.635523
vn 0.351649 -0.490517 -0.797331
vn 0.608189 -0.232301 -0.759040
vn -0.699968 0.269814 -0.661245
vn -0.449975 0.627402 -0.635523
vn 0.608189 -0.232301 -0.759040
vn -0.699968 0.269814 -0.661245
vn 0.608189 -0.232301 -0.759040
vn 0.689144 -0.055525 -0.722494
vn -0.719314 0.058382 -0.692228
vn -0.699968 0.269814 -0.661245
vn 0.689144 -0.055525 -0.722494
vn -0.719314 0.058382 -0.692228
vn 0.689144 -0.055525 -0.722494
vn 0.573943 -0.579870 -0.578222
vn -0.580762 -0.574788 -0.576485
vn -0.719314 0.058382 -0.692228
vn 0.573943 -0.579870 -0.578222
vn 0.460469 0.619938 -0.635331
vn -0.359543 -0.484288 -0.797617
vn -0.004958 -0.637268 -0.770626
vn 0.460469 0.619938 -0.635331
vn 0.701141 0.262707 -0.662863
vn -0.359543 -0.484288 -0.797617
vn 0.701141 0.262707 -0.662863
vn -0.612629 -0.227467 -0.756931
vn -0.359543 -0.484288 -0.797617
vn 0.701141 0.262707 -0.662863
vn 0.718859 0.059002 -0.692647
vn -0.612629 -0.227467 -0.756931
vn 0.718859 0.059002 -0.692647
vn -0.689549 -0.056230 -0.722053
vn -0.612629 -0.227467 -0.756931
vn 0.718859 0.059002 -0.692647
vn 0.582736 -0.572719 -0.576552
vn -0.689549 -0.056230 -0.722053
vn 0.582736 -0.572719 -0.576552
vn -0.571943 -0.581910 -0.578154
vn -0.689549 -0.056230 -0.722053
vn -0.359543 -0.484288 -0.797617
vn -0.359543 -0.484288 0.797617
vn -0.004958 -0.637268 0.770626
vn -0.004958 -0.637268 -0.770626
vn -0.359543 -0.484288 -0.797617
vn -0.004958 -0.637268 0.770626
vn -0.359543 -0.484288 0.797617
vn 0.460467 0.619938 0.635332
vn 0.005897 0.758231 0.651959
vn -0.004958 -0.637268 0.770626
vn -0.359543 -0.484288 0.797617
vn 0.005897 0.758231 0.651959
vn -0.004958 -0.637268 0.770626
vn 0.005897 0.758231 0.651959
vn -0.449975 0.627403 0.635522
vn 0.351649 -0.490516 0.797331
vn -0.004958 -0.637268 0.770626
vn -0.449975 0.627403 0.635522
vn 0.351649 -0.490516 0.797331
vn -0.449975 0.627403 0.635522
vn -0.699968 0.269814 0.661245
vn 0.608190 -0.232301 0.759040
vn 0.351649 -0.490516 0.797331
vn -0.699968 0.269814 0.661245
vn 0.608190 -0.232301 0.759040
vn -0.699968 0.269814 0.661245
vn -0.719314 0.058382 0.692228
vn 0.689144 -0.055525 0.722494
vn 0.608190 -0.232301 0.759040
vn -0.719314 0.058382 0.692228
vn 0.689144 -0.055525 0.722494
vn -0.719314 0.058382 0.692228
vn -0.580762 -0.574788 0.576485
vn 0.573942 -0.579870 0.578223
vn 0.689144 -0.055525 0.722494
vn -0.580762 -0.574788 0.576485
vn -0.612629 -0.227467 0.756931
vn 0.701140 0.262708 0.662862
vn 0.460467 0.619938 0.635332
vn -0.359543 -0.484288 0.797617
vn -0.612629 -0.227467 0.756931
vn 0.460467 0.619938 0.635332
vn -0.689549 -0.056230 0.722053
vn 0.718859 0.059002 0.692647
vn 0.701140 0.262708 0.662862
vn -0.612629 -0.227467 0.756931
vn -0.689549 -0.056230 0.722053
vn 0.701140 0.262708 0.662862
vn -0.571943 -0.581910 0.578154
vn 0.582736 -0.572719 0.576552
vn 0.718859 0.059002 0.692647
vn -0.689549 -0.056230 0.722053
vn -0.571943 -0.581910 0.578154
vn 0.718859 0.059002 0.692647
vn -0.004958 -0.637268 -0.770626
vn -0.004958 -0.637268 0.770626
vn 0.351649 -0.490516 0.797331
vn 0.351649 -0.490517 -0.797331
vn -0.004958 -0.637268 -0.770626
vn 0.351649 -0.490516 0.797331
vn 0.005897 0.758231 0.651959
vn 0.005896 0.758231 -0.651959
vn -0.449975 0.627402 -0.635523
vn -0.449975 0.627403 0.635522
vn 0.005897 0.758231 0.651959
vn -0.449975 0.627402 -0.635523
vn 0.573943 -0.579870 -0.578222
vn 0.689144 -0.055525 -0.722494
vn 0.573942 -0.579870 0.578223
vn 0.582736 -0.572719 -0.576552
vn 0.582736 -0.572719 0.576552
vn -0.571943 -0.581910 -0.578154
vn -0.571943 -0.581910 -0.578154
vn 0.582736 -0.572719 0.576552
vn -0.571943 -0.581910 0.578154
vn 0.351649 -0.490517 -0.797331
vn 0.351649 -0.490516 0.797331
vn 0.608190 -0.232301 0.759040
vn 0.608189 -0.232301 -0.759040
vn 0.351649 -0.490517 -0.797331
vn 0.608190 -0.232301 0.759040
vn 0.608189 -0.232301 -0.759040
vn 0.608190 -0.232301 0.759040
vn 0.689144 -0.055525 0.722494
vn 0.689144 -0.055525 -0.722494
vn 0.608189 -0.232301 -0.759040
vn 0.689144 -0.055525 0.722494
vn 0.689144 -0.055525 -0.722494
vn 0.689144 -0.055525 0.722494
vn 0.573942 -0.579870 0.578223
vn -0.449975 0.627403 0.635522
vn -0.449975 0.627402 -0.635523
vn -0.699968 0.269814 -0.661245
vn -0.699968 0.269814 0.661245
vn -0.449975 0.627403 0.635522
vn -0.699968 0.269814 -0.661245
vn -0.699968 0.269814 0.661245
vn -0.699968 0.269814 -0.661245
vn -0.719314 0.058382 -0.692228
vn -0.719314 0.058382 0.692228
vn -0.699968 0.269814 0.661245
vn -0.719314 0.058382 -0.692228
vn -0.719314 0.058382 0.692228
vn -0.719314 0.058382 -0.692228
vn -0.580762 -0.574788 -0.576485
vn -0.580762 -0.574788 0.576485
vn -0.719314 0.058382 0.692228
vn -0.580762 -0.574788 -0.576485
vn 0.701140 0.262708 0.662862
vn 0.701141 0.262707 -0.662863
vn 0.460469 0.619938 -0.635331
vn 0.460467 0.619938 0.635332
vn 0.701140 0.262708 0.662862
vn 0.460469 0.619938 -0.635331
vn 0.718859 0.059002 0.692647
vn 0.718859 0.059002 -0.692647
vn 0.701141 0.262707 -0.662863
vn 0.701140 0.262708 0.662862
vn 0.718859 0.059002 0.692647
vn 0.701141 0.262707 -0.662863
vn 0.582736 -0.572719 0.576552
vn 0.582736 -0.572719 -0.576552
vn 0.718859 0.059002 -0.692647
vn 0.718859 0.059002 0.692647
vn 0.582736 -0.572719 0.576552
vn 0.718859 0.059002 -0.692647
vn 0.577350 0.577350 0.577350
vn 0.577350 0.577350 -0.577350
vn -0.577350 0.577350 0.577350
vn 0.577350 0.577350 -0.577350
vn 0.577350 0.577350 0.577350
vn 0.577350 -0.577350 -0.577350
vn 0.577350 -0.577350 0.577350
vn 0.577350 -0.577350 -0.577350
vn 0.577350 0.577350 0.577350
vn 0.577350 -0.577350 0.577350
vn 0.577350 0.577350 0.577350
vn -0.577350 -0.577350 0.577350
vn -0.577350 0.577350 0.577350
vn -0.577350 -0.577350 0.577350
vn 0.577350 0.577350 0.577350
vn -0.577350 0.577350 0.577350
vn -0.577350 0.577350 -0.577350
vn -0.577350 -0.577350 0.577350
vn -0.577350 0.577350 -0.577350
vn -0.577350 0.577350 0.577350
vn 0.577350 0.577350 -0.577350
vn -0.577350 0.577350 -0.577350
vn 0.577350 0.577350 -0.577350
vn -0.577350 -0.577350 -0.577350
vn -0.577350 -0.577350 -0.577350
vn -0.577350 -0.577350 0.577350
vn -0.577350 0.577350 -0.577350
vn -0.577350 -0.577350 0.577350
vn -0.577350 -0.577350 -0.577350
vn 0.577350 -0.577350 0.577350
vn 0.577350 -0.577350 -0.577350
vn 0.577350 -0.577350 0.577350
vn -0.577350 -0.577350 -0.577350
vn 0.577350 -0.577350 -0.577350
vn -0.577350 -0.577350 -0.577350
vn 0.577350 0.577350 -0.577350
vn 0.577350 0.577350 0.577350
vn 0.577350 0.577350 -0.577350
vn -0.577350 0.577350 0.577350
vn 0.577350 0.577350 -0.577350
vn 0.577350 0.577350 0.577350
vn 0.577350 -0.577350 -0.577350
vn 0.577350 -0.577350 0.577350
vn 0.577350 -0.577350 -0.577350
vn 0.577350 0.577350 0.577350
vn 0.577350 -0.577350 0.577350
vn 0.577350 0.577350 0.577350
vn -0.577350 -0.577350 0.577350
vn -0.577350 0.577350 0.577350
vn -0.577350 -0.577350 0.577350
vn 0.577350 0.577350 0.577350
vn -0.577350 0.577350 0.577350
vn -0.577350 0.577350 -0.577350
vn -0.577350 -0.577350 0.577350
vn -0.577350 0.577350 -0.577350
vn -0.577350 0.577350 0.577350
vn 0.577350 0.577350 -0.577350
vn -0.577350 0.577350 -0.577350
vn 0.577350 0.577350 -0.577350
vn -0.577350 -0.577350 -0.577350
vn -0.577350 -0.577350 -0.577350
vn -0.577350 -0.577350 0.577350
vn -0.577350 0.577350 -0.577350
vn -0.577350 -0.577350 0.577350
vn -0.577350 -0.577350 -0.577350
vn 0.577350 -0.577350 0.577350
vn 0.577350 -0.577350 -0.577350
vn 0.577350 -0.577350 0.577350
vn -0.577350 -0.577350 -0.577350
vn 0.577350 -0.577350 -0.577350
vn -0.577350 -0.577350 -0.577350
vn 0.577350 0.577350 -0.577350
vn 0.577350 0.577350 0.577350
vn 0.577350 0.577350 -0.577350
vn -0.577350 0.577350 0.577350
vn 0.577350 0.577350 -0.577350
vn 0.577350 0.577350 0.577350
vn 0.577350 -0.577350 -0.577350
vn 0.577350 -0.577350 0.577350
vn 0.577350 -0.577350 -0.577350
vn 0.577350 0.577350 0.577350
vn 0.577350 -0.577350 0.577350
vn 0.577350 0.577350 0.577350
vn -0.577350 -0.577350 0.577350
vn -0.577350 0.577350 0.577350
vn -0.577350 -0.577350 0.577350
vn 0.577350 0.577350 0.577350
vn -0.577350 0.577350 0.577350
vn -0.577350 0.577350 -0.577350
vn -0.577350 -0.577350 0.577350
vn -0.577350 0.577350 -0.577350
vn -0.577350 0.577350 0.577350
vn 0.577350 0.577350 -0.577350
vn -0.577350 0.577350 -0.577350
vn 0.577350 0.577350 -0.577350
vn -0.577350 -0.577350 -0.577350
vn -0.577350 -0.577350 -0.577350
vn -0.577350 -0.577350 0.577350
vn -0.577350 0.577350 -0.577350
vn -0.577350 -0.577350 0.577350
vn -0.577350 -0.577350 -0.577350
vn 0.577350 -0.577350 0.577350
vn 0.577350 -0.577350 -0.577350
vn 0.577350 -0.577350 0.577350
vn -0.577350 -0.577350 -0.577350
vn 0.577350 -0.577350 -0.577350
vn -0.577350 -0.577350 -0.577350
vn 0.577350 0.577350 -0.577350
vn 0.577350 0.577350 0.577350
vn 0.577350 0.577350 -0.577350
vn -0.577350 0.577350 0.577350
vn 0.577350 0.577350 -0.577350
vn 0.577350 0.577350 0.577350
vn 0.577350 -0.577350 -0.577350
vn 0.577350 -0.577350 0.577350
vn 0.577350 -0.577350 -0.577350
vn 0.577350 0.577350 0.577350
vn 0.577350 -0.577350 0.577350
vn 0.577350 0.577350 0.577350
vn -0.577350 -0.577350 0.577350
vn -0.577350 0.577350 0.577350
vn -0.577350 -0.577350 0.577350
vn 0.577350 0.577350 0.577350
vn -0.577350 0.577350 0.577350
vn -0.577350 0.577350 -0.577350
vn -0.577350 -0.577350 0.577350
vn -0.577350 0.577350 -0.577350
vn -0.577350 0.577350 0.577350
vn 0.577350 0.577350 -0.577350
vn -0.577350 0.577350 -0.577350
vn 0.577350 0.577350 -0.577350
vn -0.577350 -0.577350 -0.577350
vn -0.577350 -0.577350 -0.577350
vn -0.577350 -0.577350 0.577350
vn -0.577350 0.577350 -0.577350
vn -0.577350 -0.577350 0.577350
vn -0.577350 -0.577350 -0.577350
vn 0.577350 -0.577350 0.577350
vn 0.577350 -0.577350 -0.577350
vn 0.577350 -0.577350 0.577350
vn -0.577350 -0.577350 -0.577350
vn 0.577350 -0.577350 -0.577350
vn -0.577350 -0.577350 -0.577350
vn 0.577350 0.577350 -0.577350
vn 0.577350 0.577350 0.577350
vn 0.577350 0.577350 -0.577350
vn -0.577350 0.577350 0.577350
vn 0.577350 0.577350 -0.577350
vn 0.577350 0.577350 0.577350
vn 0.577350 -0.577350 -0.577350
vn 0.577350 -0.577350 0.577350
vn 0.577350 -0.577350 -0.577350
vn 0.577350 0.577350 0.577350
vn 0.577350 -0.577350 0.577350
vn 0.577350 0.577350 0.577350
vn -0.577350 -0.577350 0.577350
vn -0.577350 0.577350 0.577350
vn -0.577350 -0.577350 0.577350
vn 0.577350 0.577350 0.577350
vn -0.577350 0.577350 0.577350
vn -0.577350 0.577350 -0.577350
vn -0.577350 -0.577350 0.577350
vn -0.577350 0.577350 -0.577350
vn -0.577350 0.577350 0.577350
vn 0.577350 0.577350 -0.577350
vn -0.577350 0.577350 -0.577350
vn 0.577350 0.577350 -0.577350
vn -0.577350 -0.577350 -0.577350
vn -0.577350 -0.577350 -0.577350
vn -0.577350 -0.577350 0.577350
vn -0.577350 0.577350 -0.577350
vn -0.577350 -0.577350 0.577350
vn -0.577350 -0.577350 -0.577350
vn 0.577350 -0.577350 0.577350
vn 0.577350 -0.577350 -0.577350
vn 0.577350 -0.577350 0.577350
vn -0.577350 -0.577350 -0.577350
vn 0.577350 -0.577350 -0.577350
vn -0.577350 -0.577350 -0.577350
vn 0.577350 0.577350 -0.577350
vn 0.577350 0.577350 0.577350
vn 0.577350 0.577350 -0.577350
vn -0.577350 0.577350 0.577350
vn 0.577350 0.577350 -0.577350
vn 0.577350 0.577350 0.577350
vn 0.577350 -0.577350 -0.577350
vn 0.577350 -0.577350 0.577350
vn 0.577350 -0.577350 -0.577350
vn 0.577350 0.577350 0.577350
vn 0.577350 -0.577350 0.577350
vn 0.577350 0.577350 0.577350
vn -0.577350 -0.577350 0.577350
vn -0.577350 0.577350 0.577350
vn -0.577350 -0.577350 0.577350
vn 0.577350 0.577350 0.577350
vn -0.577350 0.577350 0.577350
vn -0.577350 0.577350 -0.577350
vn -0.577350 -0.577350 0.577350
vn -0.577350 0.577350 -0.577350
vn -0.577350 0.577350 0.577350
vn 0.577350 0.577350 -0.577350
vn -0.577350 0.577350 -0.577350
vn 0.577350 0.577350 -0.577350
vn -0.577350 -0.577350 -0.577350
vn -0.577350 -0.577350 -0.577350
vn -0.577350 -0.577350 0.577350
vn -0.577350 0.577350 -0.577350
vn -0.577350 -0.577350 0.577350
vn -0.577350 -0.577350 -0.577350
vn 0.577350 -0.577350 0.577350
vn 0.577350 -0.577350 -0.577350
vn 0.577350 -0.577350 0.577350
vn -0.577350 -0.577350 -0.577350
vn 0.577350 -0.577350 -0.577350
vn -0.577350 -0.577350 -0.577350
vn 0.577350 0.577350 -0.577350
vn 0.577350 0.577350 0.577350
vn 0.577350 0.577350 -0.577350
vn -0.577350 0.577350 0.577350
vn 0.577350 0.577350 -0.577350
vn 0.577350 0.577350 0.577350
vn 0.577350 -0.577350 -0.577350
vn 0.577350 -0.577350 0.577350
vn 0.577350 -0.577350 -0.577350
vn 0.577350 0.577350 0.577350
vn 0.577350 -0.577350 0.577350
vn 0.577350 0.577350 0.577350
vn -0.577350 -0.577350 0.577350
vn -0.577350 0.577350 0.577350
vn -0.577350 -0.577350 0.577350
vn 0.577350 0.577350 0.577350
vn -0.577350 0.577350 0.577350
vn -0.577350 0.577350 -0.577350
vn -0.577350 -0.577350 0.577350
vn -0.577350 0.577350 -0.577350
vn -0.577350 0.577350 0.577350
vn 0.577350 0.577350 -0.577350
vn -0.577350 0.577350 -0.577350
vn 0.577350 0.577350 -0.577350
vn -0.577350 -0.577350 -0.577350
vn -0.577350 -0.577350 -0.577350
vn -0.577350 -0.577350 0.577350
vn -0.577350 0.577350 -0.577350
vn -0.577350 -0.577350 0.577350
vn -0.577350 -0.577350 -0.577350
vn 0.577350 -0.577350 0.577350
vn 0.577350 -0.577350 -0.577350
vn 0.577350 -0.577350 0.577350
vn -0.577350 -0.577350 -0.577350
vn 0.577350 -0.577350 -0.577350
vn -0.577350 -0.577350 -0.577350
vn 0.577350 0.577350 -0.577350
vn 0.577350 0.577350 0.577350
vn 0.577350 0.577350 -0.577350
vn -0.577350 0.577350 0.577350
vn 0.577350 0.577350 -0.577350
vn 0.577350 0.577350 0.577350
vn 0.577350 -0.577350 -0.577350
vn 0.577350 -0.577350 0.577350
vn 0.577350 -0.577350 -0.577350
vn 0.577350 0.577350 0.577350
vn 0.577350 -0.577350 0.577350
vn 0.577350 0.577350 0.577350
vn -0.577350 -0.577350 0.577350
vn -0.577350 0.577350 0.577350
vn -0.577350 -0.577350 0.577350
vn 0.577350 0.577350 0.577350
vn -0.577350 0.577350 0.577350
vn -0.577350 0.577350 -0.577350
vn -0.577350 -0.577350 0.577350
vn -0.577350 0.577350 -0.577350
vn -0.577350 0.577350 0.577350
vn 0.577350 0.577350 -0.577350
vn -0.577350 0.577350 -0.577350
vn 0.577350 0.577350 -0.577350
vn -0.577350 -0.577350 -0.577350
vn -0.577350 -0.577350 -0.577350
vn -0.577350 -0.577350 0.577350
vn -0.577350 0.577350 -0.577350
vn -0.577350 -0.577350 0.577350
vn -0.577350 -0.577350 -0.577350
vn 0.577350 -0.577350 0.577350
vn 0.577350 -0.577350 -0.577350
vn 0.577350 -0.577350 0.577350
vn -0.577350 -0.577350 -0.577350
vn 0.577350 -0.577350 -0.577350
vn -0.577350 -0.577350 -0.577350
vn 0.577350 0.577350 -0.577350
vn -0.577350 0.577351 0.577350
vn -0.301511 0.301511 0.904534
vn 0.577350 0.577350 0.577350
vn 0.707107 0.000000 0.707107
vn 0.577350 0.577350 0.577350
vn -0.301511 0.301511 0.904534
vn 0.707107 0.000000 0.707107
vn -0.301511 0.301511 0.904534
vn 0.577350 -0.577351 0.577350
vn 0.000000 -0.707107 0.707107
vn 0.577350 -0.577351 0.577350
vn -0.301511 0.301511 0.904534
vn 0.000000 -0.707107 0.707107
vn -0.301511 0.301511 0.904534
vn 0.000000 -0.707107 0.707107
vn 0.301511 0.301511 0.904534
vn 0.000000 -0.707107 0.707107
vn -0.301511 0.301511 0.904534
vn 0.301511 0.301511 0.904534
vn -0.707107 0.000000 0.707107
vn 0.000000 -0.707107 0.707107
vn 0.301511 0.301511 0.904534
vn 0.577350 0.577350 0.577350
vn -0.707107 0.000000 0.707107
vn -0.577350 0.577351 0.577350
vn -0.707107 0.000000 0.707107
vn 0.577350 0.577350 0.577350
vn -0.577350 -0.577350 0.577350
vn 0.000000 -0.707107 0.707107
vn -0.707107 0.000000 0.707107
vn 0.685874 0.724276 0.070719
vn 0.301511 0.301511 0.904534
vn -0.685874 0.724276 0.070719
vn -0.301511 0.301511 0.904534
vn -0.685874 0.724276 0.070719
vn 0.301511 0.301511 0.904534
vn 0.670896 0.692737 0.264603
vn 0.685874 0.724276 0.070719
vn -0.670896 0.692736 0.264603
vn -0.685874 0.724276 0.070719
vn -0.670896 0.692736 0.264603
vn 0.685874 0.724276 0.070719
vn 0.684060 0.584624 0.436208
vn 0.670896 0.692737 0.264603
vn -0.684060 0.584624 0.436208
vn -0.670896 0.692736 0.264603
vn -0.684060 0.584624 0.436208
vn 0.670896 0.692737 0.264603
vn 0.799152 0.559687 0.219331
vn 0.684060 0.584624 0.436208
vn -0.799152 0.559687 0.219331
vn -0.684060 0.584624 0.436208
vn -0.799152 0.559687 0.219331
vn 0.684060 0.584624 0.436208
vn -0.633464 0.720429 0.282322
vn 0.633464 0.720429 0.282322
vn -0.577350 0.577350 -0.577350
vn 0.577350 0.577350 -0.577350
vn -0.577350 0.577350 -0.577350
vn 0.633464 0.720429 0.282322
vn 0.685874 -0.724276 -0.070719
vn 0.577350 -0.577351 0.577350
vn 0.000000 -0.995267 -0.097179
vn 0.000000 -0.707107 0.707107
vn 0.000000 -0.995267 -0.097179
vn 0.577350 -0.577351 0.577350
vn 0.000000 -0.995267 -0.097179
vn 0.000000 -0.707107 0.707107
vn 0.000000 -0.995267 -0.097179
vn 0.000000 -0.707107 0.707107
vn 0.000000 -0.995267 -0.097179
vn 0.000000 -0.707107 0.707107
vn 0.000000 -0.995267 -0.097179
vn 0.000000 -0.707107 0.707107
vn -0.685874 -0.724276 -0.070719
vn -0.577350 -0.577350 0.577350
vn -0.685874 -0.724276 -0.070719
vn 0.000000 -0.707107 0.707107
vn 0.670896 -0.692737 -0.264603
vn 0.685874 -0.724276 -0.070719
vn 0.000000 -0.934172 -0.356824
vn 0.000000 -0.995267 -0.097179
vn 0.000000 -0.934172 -0.356824
vn 0.685874 -0.724276 -0.070719
vn 0.000000 -0.934172 -0.356824
vn 0.000000 -0.995267 -0.097179
vn 0.000000 -0.934172 -0.356824
vn 0.000000 -0.995267 -0.097179
vn 0.000000 -0.934172 -0.356824
vn 0.000000 -0.995267 -0.097179
vn 0.000000 -0.934172 -0.356824
vn 0.000000 -0.995267 -0.097179
vn -0.670896 -0.692736 -0.264603
vn -0.685874 -0.724276 -0.070719
vn -0.670896 -0.692736 -0.264603
vn 0.000000 -0.995267 -0.097179
vn 0.684060 -0.584624 -0.436207
vn 0.670896 -0.692737 -0.264603
vn 0.000000 -0.801485 -0.598015
vn 0.000000 -0.934172 -0.356824
vn 0.000000 -0.801485 -0.598015
vn 0.670896 -0.692737 -0.264603
vn 0.000000 -0.801485 -0.598015
vn 0.000000 -0.934172 -0.356824
vn 0.000000 -0.801485 -0.598015
vn 0.000000 -0.934172 -0.356824
vn 0.000000 -0.801485 -0.598015
vn 0.000000 -0.934172 -0.356824
vn 0.000000 -0.801485 -0.598015
vn 0.000000 -0.934172 -0.356824
vn -0.684059 -0.584625 -0.436208
vn -0.670896 -0.692736 -0.264603
vn -0.684059 -0.584625 -0.436208
vn 0.000000 -0.934172 -0.356824
vn 0.000000 -0.931061 -0.364865
vn 0.000000 -0.801485 -0.598015
vn -0.799152 -0.559687 -0.219331
vn 0.000000 -0.801485 -0.598015
vn 0.000000 -0.931061 -0.364865
vn 0.000000 -0.801485 -0.598015
vn 0.000000 -0.931061 -0.364865
vn 0.000000 -0.801485 -0.598015
vn 0.000000 -0.931061 -0.364865
vn 0.000000 -0.801485 -0.598015
vn 0.000000 -0.931061 -0.364865
vn 0.684060 -0.584624 -0.436207
vn 0.799153 -0.559686 -0.219330
vn 0.684060 -0.584624 -0.436207
vn 0.000000 -0.931061 -0.364865
vn -0.684059 -0.584625 -0.436208
vn -0.799152 -0.559687 -0.219331
vn 0.000000 -0.801485 -0.598015
vn 0.577350 0.577350 -0.577350
vn 0.301511 0.904534 -0.301511
vn -0.577350 0.577350 -0.577350
vn -0.904534 0.301511 -0.301511
vn -0.577350 0.577350 -0.577350
vn 0.301511 0.904534 -0.301511
vn 0.577350 0.577350 -0.577350
vn -0.577350 0.577350 -0.577350
vn 0.633464 0.720429 0.282322
vn -0.633464 0.720429 0.282322
vn 0.633464 0.720429 0.282322
vn -0.577350 0.577350 -0.577350
vn -0.729648 0.680586 0.066453
vn -0.577350 0.577351 0.577350
vn 0.729648 0.680586 0.066453
vn 0.577350 0.577350 0.577350
vn 0.729648 0.680586 0.066453
vn -0.577350 0.577351 0.577350
vn -0.747293 0.620752 0.237108
vn -0.729648 0.680586 0.066453
vn 0.747293 0.620752 0.237108
vn 0.729648 0.680586 0.066453
vn 0.747293 0.620752 0.237108
vn -0.729648 0.680586 0.066453
vn -0.731703 0.546311 0.407621
vn -0.747293 0.620752 0.237108
vn 0.731703 0.546311 0.407621
vn 0.747293 0.620752 0.237108
vn 0.731703 0.546311 0.407621
vn -0.747293 0.620752 0.237108
vn -0.633464 0.720429 0.282322
vn -0.731703 0.546311 0.407621
vn 0.633464 0.720429 0.282322
vn 0.731703 0.546311 0.407621
vn 0.633464 0.720429 0.282322
vn -0.731703 0.546311 0.407621
vn 0.729648 0.680586 0.066453
vn 0.577350 0.577350 0.577350
vn 0.685874 0.724276 0.070719
vn 0.301511 0.301511 0.904534
vn 0.685874 0.724276 0.070719
vn 0.577350 0.577350 0.577350
vn 0.747293 0.620752 0.237108
vn 0.729648 0.680586 0.066453
vn 0.670896 0.692737 0.264603
vn 0.685874 0.724276 0.070719
vn 0.670896 0.692737 0.264603
vn 0.729648 0.680586 0.066453
vn 0.731703 0.546311 0.407621
vn 0.747293 0.620752 0.237108
vn 0.684060 0.584624 0.436208
vn 0.670896 0.692737 0.264603
vn 0.684060 0.584624 0.436208
vn 0.747293 0.620752 0.237108
vn 0.633464 0.720429 0.282322
vn 0.731703 0.546311 0.407621
vn 0.799152 0.559687 0.219331
vn 0.684060 0.584624 0.436208
vn 0.799152 0.559687 0.219331
vn 0.731703 0.546311 0.407621
vn 0.633464 0.720429 0.282322
vn 0.799152 0.559687 0.219331
vn 0.577350 0.577350 -0.577350
vn 0.301511 0.904534 -0.301511
vn 0.577350 0.577350 -0.577350
vn 0.799152 0.559687 0.219331
vn -0.301511 0.904534 -0.301511
vn -0.577350 0.577350 -0.577350
vn 0.904534 0.301511 -0.301511
vn 0.577350 0.577350 -0.577350
vn 0.904534 0.301511 -0.301511
vn -0.577350 0.577350 -0.577350
vn -0.577350 0.577351 0.577350
vn -0.729648 0.680586 0.066453
vn -0.301511 0.301511 0.904534
vn -0.685874 0.724276 0.070719
vn -0.301511 0.301511 0.904534
vn -0.729648 0.680586 0.066453
vn -0.729648 0.680586 0.066453
vn -0.747293 0.620752 0.237108
vn -0.685874 0.724276 0.070719
vn -0.670896 0.692736 0.264603
vn -0.685874 0.724276 0.070719
vn -0.747293 0.620752 0.237108
vn -0.747293 0.620752 0.237108
vn -0.731703 0.546311 0.407621
vn -0.670896 0.692736 0.264603
vn -0.684060 0.584624 0.436208
vn -0.670896 0.692736 0.264603
vn -0.731703 0.546311 0.407621
vn -0.731703 0.546311 0.407621
vn -0.633464 0.720429 0.282322
vn -0.684060 0.584624 0.436208
vn -0.799152 0.559687 0.219331
vn -0.684060 0.584624 0.436208
vn -0.633464 0.720429 0.282322
vn -0.799152 0.559687 0.219331
vn -0.633464 0.720429 0.282322
vn -0.301511 0.904534 -0.301511
vn -0.577350 0.577350 -0.577350
vn -0.301511 0.904534 -0.301511
vn -0.633464 0.720429 0.282322
vn 0.577350 0.577350 0.577350
vn 0.729648 0.680586 0.066453
vn -0.577350 0.577351 0.577350
vn -0.729648 0.680586 0.066453
vn -0.577350 0.577351 0.577350
vn 0.729648 0.680586 0.066453
vn 0.729648 0.680586 0.066453
vn 0.747293 0.620752 0.237108
vn -0.729648 0.680586 0.066453
vn -0.747293 0.620752 0.237108
vn -0.729648 0.680586 0.066453
vn 0.747293 0.620752 0.237108
vn 0.747293 0.620752 0.237108
vn 0.731703 0.546311 0.407621
vn -0.747293 0.620752 0.237108
vn -0.731703 0.546311 0.407621
vn -0.747293 0.620752 0.237108
vn 0.731703 0.546311 0.407621
vn 0.731703 0.546311 0.407621
vn 0.633464 0.720429 0.282322
vn -0.731703 0.546311 0.407621
vn -0.633464 0.720429 0.282322
vn -0.731703 0.546311 0.407621
vn 0.633464 0.720429 0.282322
vn 0.000000 0.707107 -0.707107
vn 0.577350 0.577350 -0.577350
vn 0.000000 -0.707107 -0.707107
vn 0.577350 -0.577350 -0.577350
vn 0.000000 -0.707107 -0.707107
vn 0.577350 0.577350 -0.577350
vn 0.000000 0.707107 -0.707107
vn 0.000000 0.707107 -0.707107
vn 0.000000 -0.707107 -0.707107
vn 0.000000 -0.707107 -0.707107
vn 0.000000 -0.707107 -0.707107
vn 0.000000 0.707107 -0.707107
vn -0.577350 0.577350 -0.577350
vn 0.000000 0.707107 -0.707107
vn -0.577350 -0.577350 -0.577350
vn 0.000000 -0.707107 -0.707107
vn -0.577350 -0.577350 -0.577350
vn 0.000000 0.707107 -0.707107
vn -1.000000 0.000000 0.000000
vn -0.707107 0.000000 0.707107
vn -0.729648 0.680586 0.066453
vn -0.577350 0.577351 0.577350
vn -0.729648 0.680586 0.066453
vn -0.707107 0.000000 0.707107
vn -0.685874 -0.724276 -0.070719
vn -0.577350 -0.577350 0.577350
vn -1.000000 0.000000 0.000000
vn -0.707107 0.000000 0.707107
vn -1.000000 0.000000 0.000000
vn -0.577350 -0.577350 0.577350
vn -1.000000 0.000000 0.000000
vn -1.000000 0.000000 0.000000
vn -0.747293 0.620752 0.237108
vn -0.729648 0.680586 0.066453
vn -0.747293 0.620752 0.237108
vn -1.000000 0.000000 0.000000
vn -0.670896 -0.692736 -0.264603
vn -0.685874 -0.724276 -0.070719
vn -1.000000 0.000000 0.000000
vn -1.000000 0.000000 0.000000
vn -1.000000 0.000000 0.000000
vn -0.685874 -0.724276 -0.070719
vn -1.000000 0.000000 0.000000
vn -1.000000 0.000000 0.000000
vn -0.731703 0.546311 0.407621
vn -0.747293 0.620752 0.237108
vn -0.731703 0.546311 0.407621
vn -1.000000 0.000000 0.000000
vn -0.684059 -0.584625 -0.436208
vn -0.670896 -0.692736 -0.264603
vn -1.000000 0.000000 0.000000
vn -1.000000 0.000000 0.000000
vn -1.000000 0.000000 0.000000
vn -0.670896 -0.692736 -0.264603
vn -0.731703 0.546311 0.407621
vn -0.633464 0.720429 0.282322
vn -1.000000 0.000000 0.000000
vn -1.000000 0.000000 0.000000
vn -1.000000 0.000000 0.000000
vn -0.633464 0.720429 0.282322
vn -1.000000 0.000000 0.000000
vn -1.000000 0.000000 0.000000
vn -0.684059 -0.584625 -0.436208
vn -0.799152 -0.559687 -0.219331
vn -0.684059 -0.584625 -0.436208
vn -1.000000 0.000000 0.000000
vn -1.000000 0.000000 0.000000
vn -0.904534 0.301511 -0.301511
vn -0.799152 -0.559687 -0.219331
vn -1.000000 0.000000 0.000000
vn -0.633464 0.720429 0.282322
vn -0.904534 0.301511 -0.301511
vn -0.577350 0.577350 -0.577350
vn -0.904534 0.301511 -0.301511
vn -0.633464 0.720429 0.282322
vn -0.707107 -0.707107 0.000000
vn -0.799152 -0.559687 -0.219331
vn -0.904534 0.301511 -0.301511
vn -0.904534 0.301511 -0.301511
vn -0.577350 0.577350 -0.577350
vn -0.707107 -0.707107 0.000000
vn -0.577350 -0.577350 -0.577350
vn -0.707107 -0.707107 0.000000
vn -0.577350 0.577350 -0.577350
vn 0.707107 0.000000 0.707107
vn 1.000000 0.000000 0.000000
vn 0.577350 0.577350 0.577350
vn 0.729648 0.680586 0.066453
vn 0.577350 0.577350 0.577350
vn 1.000000 0.000000 0.000000
vn 1.000000 0.000000 0.000000
vn 1.000000 0.000000 0.000000
vn 0.729648 0.680586 0.066453
vn 0.747293 0.620752 0.237108
vn 0.729648 0.680586 0.066453
vn 1.000000 0.000000 0.000000
vn 1.000000 0.000000 0.000000
vn 1.000000 0.000000 0.000000
vn 0.747293 0.620752 0.237108
vn 0.731703 0.546311 0.407621
vn 0.747293 0.620752 0.237108
vn 1.000000 0.000000 0.000000
vn 1.000000 0.000000 0.000000
vn 1.000000 0.000000 0.000000
vn 0.731703 0.546311 0.407621
vn 0.633464 0.720429 0.282322
vn 0.731703 0.546311 0.407621
vn 1.000000 0.000000 0.000000
vn 0.633464 0.720429 0.282322
vn 1.000000 0.000000 0.000000
vn 0.577350 0.577350 -0.577350
vn 0.904534 0.301511 -0.301511
vn 0.577350 0.577350 -0.577350
vn 1.000000 0.000000 0.000000
vn 0.904534 0.301511 -0.301511
vn 1.000000 0.000000 0.000000
vn 0.707107 -0.707107 0.000000
vn 0.799153 -0.559686 -0.219330
vn 0.707107 -0.707107 0.000000
vn 1.000000 0.000000 0.000000
vn 1.000000 0.000000 0.000000
vn 1.000000 0.000000 0.000000
vn 0.799153 -0.559686 -0.219330
vn 0.684060 -0.584624 -0.436207
vn 0.799153 -0.559686 -0.219330
vn 1.000000 0.000000 0.000000
vn 1.000000 0.000000 0.000000
vn 1.000000 0.000000 0.000000
vn 0.684060 -0.584624 -0.436207
vn 0.670896 -0.692737 -0.264603
vn 0.684060 -0.584624 -0.436207
vn 1.000000 0.000000 0.000000
vn 1.000000 0.000000 0.000000
vn 1.000000 0.000000 0.000000
vn 0.670896 -0.692737 -0.264603
vn 0.685874 -0.724276 -0.070719
vn 0.670896 -0.692737 -0.264603
vn 1.000000 0.000000 0.000000
vn 1.000000 0.000000 0.000000
vn 0.707107 0.000000 0.707107
vn 0.685874 -0.724276 -0.070719
vn 0.577350 -0.577351 0.577350
vn 0.685874 -0.724276 -0.070719
vn 0.707107 0.000000 0.707107
vn 0.707107 -0.707107 0.000000
vn 0.577350 -0.577350 -0.577350
vn 0.904534 0.301511 -0.301511
vn 0.577350 0.577350 -0.577350
vn 0.904534 0.301511 -0.301511
vn 0.577350 -0.577350 -0.577350
vn 0.301511 0.904534 -0.301511
vn 0.799152 0.559687 0.219331
vn -0.301511 0.904534 -0.301511
vn -0.799152 0.559687 0.219331
vn -0.301511 0.904534 -0.301511
vn 0.799152 0.559687 0.219331
vn 0.904534 0.301511 -0.301511
vn 0.577350 0.577350 -0.577350
vn -0.301511 0.904534 -0.301511
vn 0.000000 0.707107 -0.707107
vn -0.301511 0.904534 -0.301511
vn 0.577350 0.577350 -0.577350
vn -0.301511 0.904534 -0.301511
vn 0.000000 0.707107 -0.707107
vn 0.301511 0.904534 -0.301511
vn 0.000000 0.707107 -0.707107
vn 0.301511 0.904534 -0.301511
vn 0.000000 0.707107 -0.707107
vn 0.301511 0.904534 -0.301511
vn 0.000000 0.707107 -0.707107
vn -0.904534 0.301511 -0.301511
vn -0.577350 0.577350 -0.577350
vn -0.904534 0.301511 -0.301511
vn 0.000000 0.707107 -0.707107
vn 0.000000 -0.931061 -0.364865
vn -0.799152 -0.559687 -0.219331
vn 0.000000 -1.000000 0.000000
vn -0.707107 -0.707107 0.000000
vn 0.000000 -1.000000 0.000000
vn -0.799152 -0.559687 -0.219331
vn -0.707107 -0.707107 0.000000
vn -0.577350 -0.577350 -0.577350
vn 0.000000 -1.000000 0.000000
vn 0.000000 -0.707107 -0.707107
vn 0.000000 -1.000000 0.000000
vn -0.577350 -0.577350 -0.577350
vn 0.000000 -1.000000 0.000000
vn 0.000000 -0.707107 -0.707107
vn 0.000000 -1.000000 0.000000
vn 0.000000 -1.000000 0.000000
vn 0.000000 -0.931061 -0.364865
vn 0.000000 -1.000000 0.000000
vn 0.000000 -1.000000 0.000000
vn 0.707107 -0.707107 0.000000
vn 0.000000 -0.931061 -0.364865
vn 0.799153 -0.559686 -0.219330
vn 0.000000 -0.931061 -0.364865
vn 0.707107 -0.707107 0.000000
vn 0.000000 -0.931061 -0.364865
vn 0.000000 -1.000000 0.000000
vn 0.000000 -0.931061 -0.364865
vn 0.577350 -0.577350 -0.577350
vn 0.707107 -0.707107 0.000000
vn 0.000000 -0.707107 -0.707107
vn 0.000000 -1.000000 0.000000
vn 0.000000 -0.707107 -0.707107
vn 0.707107 -0.707107 0.000000
vn 0.000000 -0.707107 -0.707107
vn 0.000000 -1.000000 0.000000
vn 0.000000 -0.707107 -0.707107
vn -0.562897 0.488175 0.666957
vn -0.595242 -0.648413 0.474602
vn 0.562897 0.488176 0.666957
vn -0.595242 -0.648413 0.474602
vn -0.562897 0.488175 0.666957
vn -0.562897 -0.488174 -0.666958
vn -0.595242 0.648414 -0.474601
vn -0.562897 -0.488174 -0.666958
vn -0.562897 0.488175 0.666957
vn -0.595242 0.648414 -0.474601
vn -0.562897 0.488175 0.666957
vn 0.595242 0.648414 -0.474601
vn 0.562897 0.488176 0.666957
vn 0.595242 0.648414 -0.474601
vn -0.562897 0.488175 0.666957
vn 0.562897 0.488176 0.666957
vn 0.595242 -0.648413 0.474602
vn 0.595242 0.648414 -0.474601
vn 0.595242 -0.648413 0.474602
vn 0.562897 0.488176 0.666957
vn -0.595242 -0.648413 0.474602
vn 0.595242 -0.648413 0.474602
vn -0.595242 -0.648413 0.474602
vn 0.562897 -0.488174 -0.666958
vn 0.562897 -0.488174 -0.666958
vn 0.595242 0.648414 -0.474601
vn 0.595242 -0.648413 0.474602
vn 0.595242 0.648414 -0.474601
vn 0.562897 -0.488174 -0.666958
vn -0.595242 0.648414 -0.474601
vn -0.562897 -0.488174 -0.666958
vn -0.595242 0.648414 -0.474601
vn 0.562897 -0.488174 -0.666958
vn -0.562897 -0.488174 -0.666958
vn 0.562897 -0.488174 -0.666958
vn -0.595242 -0.648413 0.474602
vn -0.562897 0.488175 0.666957
vn -0.595242 -0.648413 0.474602
vn 0.562897 0.488176 0.666957
vn -0.595242 -0.648413 0.474602
vn -0.562897 0.488175 0.666957
vn -0.562897 -0.488174 -0.666958
vn -0.595242 0.648414 -0.474601
vn -0.562897 -0.488174 -0.666958
vn -0.562897 0.488175 0.666957
vn -0.595242 0.648414 -0.474601
vn -0.562897 0.488175 0.666957
vn 0.595242 0.648414 -0.474601
vn 0.562897 0.488176 0.666957
vn 0.595242 0.648414 -0.474601
vn -0.562897 0.488175 0.666957
vn 0.562897 0.488176 0.666957
vn 0.595242 -0.648413 0.474602
vn 0.595242 0.648414 -0.474601
vn 0.595242 -0.648413 0.474602
vn 0.562897 0.488176 0.666957
vn -0.595242 -0.648413 0.474602
vn 0.595242 -0.648413 0.474602
vn -0.595242 -0.648413 0.474602
vn 0.562897 -0.488174 -0.666958
vn 0.562897 -0.488174 -0.666958
vn 0.595242 0.648414 -0.474601
vn 0.595242 -0.648413 0.474602
vn 0.595242 0.648414 -0.474601
vn 0.562897 -0.488174 -0.666958
vn -0.595242 0.648414 -0.474601
vn -0.562897 -0.488174 -0.666958
vn -0.595242 0.648414 -0.474601
vn 0.562897 -0.488174 -0.666958
vn -0.562897 -0.488174 -0.666958
vn 0.562897 -0.488174 -0.666958
vn -0.595242 -0.648413 0.474602
vn 0.000000 1.000000 0.000000
vn 0.000000 1.000000 0.000000
vn 0.000000 1.000000 0.000000
vn 0.000000 1.000000 0.000000
s off
usemtl child_swing:wood
f 178/1/1 4/2/2 5/3/3 179/4/4
f 179/4/5 5/3/6 6/5/7 180/6/8
f 191/7/9 194/8/10 193/9/11 192/10/12
f 192/10/13 193/9/14 196/11/15 195/12/16
f 194/8/17 198/13/18 197/14/19 193/9/20
f 193/9/21 197/14/22 199/15/23 196/11/24
f 9/16/25 176/17/26 175/18/27 10/19/28
f 10/19/29 175/18/30 182/20/31 11/21/32
f 12/22/33 15/23/34 16/24/35 13/25/36
f 13/25/37 16/24/38 17/26/39 14/27/40
f 15/23/41 1/28/42 2/29/43 16/24/44
f 16/24/45 2/29/46 3/30/47 17/26/48
f 181/31/49 8/32/50 11/33/51 182/34/52
f 180/6/53 6/5/54 8/32/55 181/31/56
f 176/35/57 9/36/58 7/37/59 177/38/60
f 177/38/61 7/37/62 4/2/63 178/1/64
f 40/39/65 33/40/66 32/41/67 41/42/68
f 35/43/69 46/44/70 45/45/71 36/46/72
f 36/46/73 45/45/74 44/47/75 37/48/76
f 37/48/77 44/47/78 43/49/79 38/50/80
f 38/50/81 43/49/82 42/51/83 39/52/84
f 41/42/85 32/41/86 39/53/87 42/54/88
f 26/55/89 229/56/90 238/57/91 25/58/92
f 27/59/93 230/60/94 229/56/95 26/55/96
f 231/61/97 213/62/98 212/63/99 232/64/100
f 232/64/101 212/63/102 215/65/103 233/66/104
f 234/67/105 28/68/106 29/69/107 235/70/108
f 235/70/109 29/69/110 30/71/111 236/72/112
f 236/72/113 30/71/114 31/73/115 237/74/116
f 237/74/117 31/73/118 25/75/119 238/76/120
f 19/77/121 40/39/122 41/42/123 18/78/124
f 18/78/125 41/42/126 42/54/127 24/79/128
f 43/49/129 23/80/130 24/81/131 42/51/132
f 44/47/133 22/82/134 23/80/135 43/49/136
f 45/45/137 21/83/138 22/82/139 44/47/140
f 46/44/141 20/84/142 21/83/143 45/45/144
f 19/85/145 98/86/146 97/87/147 40/88/148
f 88/89/149 100/90/150 99/91/151 87/92/152
f 91/93/153 101/94/154 100/95/155 88/96/156
f 33/97/157 96/98/158 95/99/159 34/100/160
f 35/101/161 94/102/162 93/103/163 46/104/164
f 34/105/165 95/106/166 94/107/167 35/108/168
f 40/109/169 97/110/170 96/111/171 33/112/172
f 46/113/173 93/114/174 102/115/175 20/116/176
f 32/41/177 13/25/178 14/27/179 39/53/180
f 33/40/181 12/22/182 13/25/183 32/41/184
f 34/117/185 15/118/186 12/119/187 33/120/188
f 35/43/189 1/121/190 15/118/191 34/117/192
f 36/46/193 2/122/194 1/121/195 35/43/196
f 37/48/197 3/123/198 2/122/199 36/46/200
f 38/50/201 17/124/202 3/123/203 37/48/204
f 39/52/205 14/125/206 17/124/207 38/50/208
f 47/126/209 55/127/210 56/128/211 48/129/212
f 49/130/213 57/131/214 55/132/215 47/133/216
f 50/134/217 58/135/218 57/136/219 49/137/220
f 51/138/221 59/139/222 60/140/223 52/141/224
f 53/142/225 61/143/226 62/144/227 54/145/228
f 52/146/229 60/147/230 61/148/231 53/149/232
f 48/150/233 56/151/234 59/152/235 51/153/236
f 54/154/237 62/155/238 58/156/239 50/157/240
f 55/158/241 63/159/242 64/160/243 56/161/244
f 57/162/245 65/163/246 63/164/247 55/165/248
f 58/166/249 66/167/250 65/168/251 57/169/252
f 59/170/253 67/171/254 68/172/255 60/173/256
f 61/174/257 69/175/258 70/176/259 62/177/260
f 60/178/261 68/179/262 69/180/263 61/181/264
f 56/182/265 64/183/266 67/184/267 59/185/268
f 62/186/269 70/187/270 66/188/271 58/189/272
f 63/190/273 71/191/274 72/192/275 64/193/276
f 65/194/277 73/195/278 71/196/279 63/197/280
f 66/198/281 74/199/282 73/200/283 65/201/284
f 67/202/285 75/203/286 76/204/287 68/205/288
f 69/206/289 77/207/290 78/208/291 70/209/292
f 68/210/293 76/211/294 77/212/295 69/213/296
f 64/214/297 72/215/298 75/216/299 67/217/300
f 70/218/301 78/219/302 74/220/303 66/221/304
f 71/222/305 79/223/306 80/224/307 72/225/308
f 73/226/309 81/227/310 79/228/311 71/229/312
f 74/230/313 82/231/314 81/232/315 73/233/316
f 75/234/317 83/235/318 84/236/319 76/237/320
f 77/238/321 85/239/322 86/240/323 78/241/324
f 76/242/325 84/243/326 85/244/327 77/245/328
f 72/246/329 80/247/330 83/248/331 75/249/332
f 78/250/333 86/251/334 82/252/335 74/253/336
f 153/254/337 156/255/338 155/256/339 154/257/340
f 47/258/341 89/259/342 90/260/343 49/261/344
f 49/262/345 90/263/346 92/264/347 50/265/348
f 91/93/349 20/266/350 282/267/351 353/268/352
f 101/94/353 91/93/354 353/268/355 363/269/356
f 94/102/357 104/270/358 103/271/359 93/103/360
f 95/106/361 105/272/362 104/273/363 94/107/364
f 96/98/365 106/274/366 105/275/367 95/99/368
f 97/110/369 107/276/370 106/277/371 96/111/372
f 98/86/373 108/278/374 107/279/375 97/87/376
f 93/114/377 103/280/378 112/281/379 102/115/380
f 104/270/381 114/282/382 113/283/383 103/271/384
f 105/272/385 115/284/386 114/285/387 104/273/388
f 106/274/389 116/286/390 115/287/391 105/275/392
f 107/276/393 117/288/394 116/289/395 106/277/396
f 108/278/397 118/290/398 117/291/399 107/279/400
f 158/292/401 160/293/402 159/294/403 157/295/404
f 110/296/405 120/297/406 119/298/407 109/299/408
f 111/300/409 121/301/410 120/302/411 110/303/412
f 121/301/413 111/300/414 373/304/415 383/305/416
f 103/280/417 113/306/418 122/307/419 112/281/420
f 114/282/421 124/308/422 123/309/423 113/283/424
f 115/284/425 125/310/426 124/311/427 114/285/428
f 116/286/429 126/312/430 125/313/431 115/287/432
f 117/288/433 127/314/434 126/315/435 116/289/436
f 118/290/437 128/316/438 127/317/439 117/291/440
f 113/306/441 123/318/442 132/319/443 122/307/444
f 124/308/445 134/320/446 133/321/447 123/309/448
f 125/310/449 135/322/450 134/323/451 124/311/452
f 126/312/453 136/324/454 135/325/455 125/313/456
f 127/314/457 137/326/458 136/327/459 126/315/460
f 128/316/461 138/328/462 137/329/463 127/317/464
f 162/330/465 164/331/466 163/332/467 161/333/468
f 130/334/469 140/335/470 139/336/471 129/337/472
f 131/338/473 141/339/474 140/340/475 130/341/476
f 141/339/477 131/338/478 393/342/479 403/343/480
f 123/318/481 133/344/482 142/345/483 132/319/484
f 134/320/485 144/346/486 143/347/487 133/321/488
f 135/322/489 145/348/490 144/349/491 134/323/492
f 136/324/493 146/350/494 145/351/495 135/325/496
f 137/326/497 147/352/498 146/353/499 136/327/500
f 138/328/501 148/354/502 147/355/503 137/329/504
f 133/344/505 143/356/506 152/357/507 142/345/508
f 144/346/509 53/358/510 54/359/511 143/347/512
f 145/348/513 52/360/514 53/361/515 144/349/516
f 146/350/517 51/362/518 52/363/519 145/351/520
f 147/352/521 48/364/522 51/365/523 146/353/524
f 148/354/525 47/366/526 48/367/527 147/355/528
f 166/368/529 168/369/530 167/370/531 165/371/532
f 150/372/533 90/260/534 89/259/535 149/373/536
f 151/374/537 92/264/538 90/263/539 150/375/540
f 92/264/541 151/374/542 413/376/543 354/377/544
f 143/356/545 54/378/546 50/379/547 152/357/548
f 19/380/549 153/254/550 154/257/551 98/381/552
f 98/381/553 154/257/554 155/256/555 99/91/556
f 99/91/557 155/256/558 156/255/559 87/92/560
f 87/92/561 156/255/562 153/254/563 19/380/564
f 109/299/565 158/292/566 157/295/567 108/382/568
f 108/382/569 157/295/570 159/294/571 118/383/572
f 118/383/573 159/294/574 160/293/575 119/298/576
f 119/298/577 160/293/578 158/292/579 109/299/580
f 129/337/581 162/330/582 161/333/583 128/384/584
f 128/384/585 161/333/586 163/332/587 138/385/588
f 138/385/589 163/332/590 164/331/591 139/336/592
f 139/336/593 164/331/594 162/330/595 129/337/596
f 149/373/597 166/368/598 165/371/599 148/386/600
f 148/386/601 165/371/602 167/370/603 47/258/604
f 47/258/605 167/370/606 168/369/607 89/259/608
f 89/259/609 168/369/610 166/368/611 149/373/612
f 138/387/613 170/388/614 169/389/615 148/390/616
f 170/388/617 142/391/618 152/392/619 169/389/620
f 150/393/621 169/394/622 152/395/623 151/396/624
f 149/397/625 148/398/626 169/399/627 150/400/628
f 138/401/629 139/402/630 140/403/631 170/404/632
f 170/405/633 140/406/634 141/407/635 142/408/636
f 171/409/637 128/410/638 118/411/639 172/412/640
f 132/413/641 171/409/642 172/412/643 122/414/644
f 129/415/645 128/416/646 171/417/647 130/418/648
f 130/419/649 171/420/650 132/421/651 131/422/652
f 120/423/653 172/424/654 118/425/655 119/426/656
f 121/427/657 122/428/658 172/429/659 120/430/660
f 173/431/661 108/432/662 98/433/663 174/434/664
f 112/435/665 173/431/666 174/434/667 102/436/668
f 109/437/669 108/438/670 173/439/671 110/440/672
f 112/441/673 111/442/674 110/443/675 173/444/676
f 100/445/677 174/446/678 98/447/679 99/448/680
f 174/449/681 100/450/682 101/451/683 102/452/684
f 176/17/685 220/453/686 219/454/687 175/18/688
f 221/455/689 217/456/690 216/457/691 222/458/692
f 222/458/693 216/457/694 218/459/695 223/460/696
f 224/461/697 178/1/698 179/4/699 225/462/700
f 225/462/701 179/4/702 180/6/703 226/463/704
f 226/463/705 180/6/706 181/31/707 227/464/708
f 227/464/709 181/31/710 182/34/711 228/465/712
f 175/18/713 219/454/714 228/466/715 182/20/716
f 4/2/717 183/467/718 184/468/719 5/3/720
f 7/469/721 185/470/722 183/467/723 4/2/724
f 5/3/725 184/468/726 186/471/727 6/5/728
f 6/5/729 186/471/730 187/472/731 8/473/732
f 10/19/733 188/474/734 189/475/735 9/16/736
f 9/16/737 189/475/738 185/470/739 7/469/740
f 8/473/741 187/472/742 190/476/743 11/21/744
f 11/21/745 190/476/746 188/474/747 10/19/748
f 183/467/749 191/7/750 192/10/751 184/468/752
f 185/470/753 194/8/754 191/7/755 183/467/756
f 184/468/757 192/10/758 195/12/759 186/471/760
f 186/471/761 195/12/762 196/11/763 187/472/764
f 188/474/765 197/14/766 198/13/767 189/475/768
f 189/475/769 198/13/770 194/8/771 185/470/772
f 187/472/773 196/11/774 199/15/775 190/476/776
f 190/476/777 199/15/778 197/14/779 188/474/780
f 201/477/781 207/478/782 239/479/783 200/480/784
f 240/481/785 210/482/786 211/483/787 241/484/788
f 241/484/789 211/483/790 214/485/791 242/486/792
f 209/487/793 202/488/794 203/489/795 243/490/796
f 243/490/797 203/489/798 204/491/799 244/492/800
f 244/492/801 204/491/802 205/493/803 245/494/804
f 245/494/805 205/493/806 206/495/807 246/496/808
f 200/480/809 239/479/810 246/497/811 206/498/812
f 87/499/813 207/500/814 208/501/815 88/502/816
f 88/502/817 208/501/818 209/487/819 91/503/820
f 247/504/821 250/505/822 249/506/823 248/507/824
f 177/38/825 216/457/826 217/456/827 176/35/828
f 251/508/829 254/509/830 253/510/831 252/511/832
f 178/1/833 218/459/834 216/457/835 177/38/836
f 220/453/837 27/59/838 26/55/839 219/454/840
f 28/68/841 224/461/842 225/462/843 29/69/844
f 29/69/845 225/462/846 226/463/847 30/71/848
f 30/71/849 226/463/850 227/464/851 31/73/852
f 31/73/853 227/464/854 228/465/855 25/75/856
f 219/454/857 26/55/858 25/58/859 228/466/860
f 230/60/861 201/477/862 200/480/863 229/56/864
f 202/488/865 234/67/866 235/70/867 203/489/868
f 203/489/869 235/70/870 236/72/871 204/491/872
f 204/491/873 236/72/874 237/74/875 205/493/876
f 205/493/877 237/74/878 238/76/879 206/495/880
f 229/56/881 200/480/882 206/498/883 238/57/884
f 207/478/885 87/512/886 525/513/887 239/479/888
f 529/514/889 91/503/890 209/487/891 243/490/892
f 528/515/893 529/514/894 243/490/895 244/492/896
f 527/516/897 528/515/898 244/492/899 245/494/900
f 526/517/901 527/516/902 245/494/903 246/496/904
f 525/513/905 526/518/906 246/497/907 239/479/908
f 28/68/909 234/67/910 496/519/911 290/520/912
f 215/65/913 28/68/914 290/520/915 477/521/916
f 234/67/917 233/66/918 495/522/919 496/519/920
f 178/1/921 224/461/922 486/523/923 440/524/924
f 218/459/925 178/1/926 440/524/927 480/525/928
f 224/461/929 223/460/930 485/526/931 486/523/932
f 202/488/933 209/487/934 471/527/935 464/528/936
f 27/529/937 247/504/938 248/507/939 230/530/940
f 230/530/941 248/507/942 249/506/943 231/61/944
f 231/61/945 249/506/946 250/505/947 213/62/948
f 213/62/949 250/505/950 247/504/951 27/529/952
f 176/35/953 251/508/954 252/511/955 220/531/956
f 220/531/957 252/511/958 253/510/959 221/455/960
f 221/455/961 253/510/962 254/509/963 217/456/964
f 217/456/965 254/509/966 251/508/967 176/35/968
f 201/532/969 255/533/970 256/534/971 207/535/972
f 240/481/973 257/536/974 258/537/975 210/482/976
f 257/538/977 256/539/978 255/540/979 258/541/980
f 258/542/981 255/543/982 201/544/983 210/545/984
f 261/546/985 234/547/986 202/548/987 262/549/988
f 259/550/989 224/551/990 28/552/991 260/553/992
f 220/554/993 259/550/994 260/553/995 27/555/996
f 230/556/997 261/546/998 262/549/999 201/557/1000
f 222/558/1001 259/559/1002 220/560/1003 221/561/1004
f 223/562/1005 224/563/1006 259/564/1007 222/565/1008
f 28/566/1009 215/567/1010 212/568/1011 260/569/1012
f 260/570/1013 212/571/1014 213/572/1015 27/573/1016
f 232/574/1017 261/575/1018 230/576/1019 231/577/1020
f 233/578/1021 234/579/1022 261/580/1023 232/581/1024
f 262/582/1025 211/583/1026 210/584/1027 201/585/1028
f 202/586/1029 214/587/1030 211/588/1031 262/589/1032
f 240/590/1033 207/591/1034 256/592/1035 257/593/1036
f 241/594/1037 208/595/1038 207/596/1039 240/597/1040
f 242/598/1041 209/599/1042 208/600/1043 241/601/1044
f 440/524/1045 441/602/1046 267/603/1047 266/604/1048
f 441/602/1049 442/605/1050 268/606/1051 267/603/1052
f 453/607/1053 454/608/1054 455/609/1055 456/610/1056
f 454/608/1057 457/611/1058 458/612/1059 455/609/1060
f 456/610/1061 455/609/1062 459/613/1063 460/614/1064
f 455/609/1065 458/612/1066 461/615/1067 459/613/1068
f 271/616/1069 272/617/1070 437/618/1071 438/619/1072
f 272/617/1073 273/620/1074 444/621/1075 437/618/1076
f 274/622/1077 275/623/1078 278/624/1079 277/625/1080
f 275/623/1081 276/626/1082 279/627/1083 278/624/1084
f 277/625/1085 278/624/1086 264/628/1087 263/629/1088
f 278/624/1089 279/627/1090 265/630/1091 264/628/1092
f 443/631/1093 444/632/1094 273/633/1095 270/634/1096
f 442/605/1097 443/631/1098 270/634/1099 268/606/1100
f 438/635/1101 439/636/1102 269/637/1103 271/638/1104
f 439/636/1105 440/524/1106 266/604/1107 269/637/1108
f 302/639/1109 303/640/1110 294/641/1111 295/642/1112
f 297/643/1113 298/644/1114 307/645/1115 308/646/1116
f 298/644/1117 299/647/1118 306/648/1119 307/645/1120
f 299/647/1121 300/649/1122 305/650/1123 306/648/1124
f 300/649/1125 301/651/1126 304/652/1127 305/650/1128
f 303/640/1129 304/653/1130 301/654/1131 294/641/1132
f 288/655/1133 287/656/1134 500/657/1135 491/658/1136
f 289/659/1137 288/655/1138 491/658/1139 492/660/1140
f 493/661/1141 494/662/1142 474/663/1143 475/664/1144
f 494/662/1145 495/522/1146 477/521/1147 474/663/1148
f 496/519/1149 497/665/1150 291/666/1151 290/520/1152
f 497/665/1153 498/667/1154 292/668/1155 291/666/1156
f 498/667/1157 499/669/1158 293/670/1159 292/668/1160
f 499/669/1161 500/671/1162 287/672/1163 293/670/1164
f 295/642/1165 294/641/1166 275/623/1167 274/622/1168
f 296/673/1169 295/674/1170 274/675/1171 277/676/1172
f 297/643/1173 296/673/1174 277/676/1175 263/677/1176
f 298/644/1177 297/643/1178 263/677/1179 264/678/1180
f 299/647/1181 298/644/1182 264/678/1183 265/679/1184
f 300/649/1185 299/647/1186 265/679/1187 279/680/1188
f 301/651/1189 300/649/1190 279/680/1191 276/681/1192
f 294/641/1193 301/654/1194 276/626/1195 275/623/1196
f 281/682/1197 280/683/1198 303/640/1199 302/639/1200
f 280/683/1201 286/684/1202 304/653/1203 303/640/1204
f 305/650/1205 304/652/1206 286/685/1207 285/686/1208
f 306/648/1209 305/650/1210 285/686/1211 284/687/1212
f 307/645/1213 306/648/1214 284/687/1215 283/688/1216
f 308/646/1217 307/645/1218 283/688/1219 282/689/1220
f 281/690/1221 302/691/1222 359/692/1223 360/693/1224
f 350/694/1225 349/695/1226 361/696/1227 362/697/1228
f 353/268/1229 350/698/1230 362/699/1231 363/269/1232
f 295/700/1233 296/701/1234 357/702/1235 358/703/1236
f 297/704/1237 308/705/1238 355/706/1239 356/707/1240
f 296/708/1241 297/709/1242 356/710/1243 357/711/1244
f 302/712/1245 295/713/1246 358/714/1247 359/715/1248
f 308/716/1249 282/717/1250 364/718/1251 355/719/1252
f 309/720/1253 310/721/1254 318/722/1255 317/723/1256
f 311/724/1257 309/725/1258 317/726/1259 319/727/1260
f 312/728/1261 311/729/1262 319/730/1263 320/731/1264
f 313/732/1265 314/733/1266 322/734/1267 321/735/1268
f 315/736/1269 316/737/1270 324/738/1271 323/739/1272
f 314/740/1273 315/741/1274 323/742/1275 322/743/1276
f 310/744/1277 313/745/1278 321/746/1279 318/747/1280
f 316/748/1281 312/749/1282 320/750/1283 324/751/1284
f 317/752/1285 318/753/1286 326/754/1287 325/755/1288
f 319/756/1289 317/757/1290 325/758/1291 327/759/1292
f 320/760/1293 319/761/1294 327/762/1295 328/763/1296
f 321/764/1297 322/765/1298 330/766/1299 329/767/1300
f 323/768/1301 324/769/1302 332/770/1303 331/771/1304
f 322/772/1305 323/773/1306 331/774/1307 330/775/1308
f 318/776/1309 321/777/1310 329/778/1311 326/779/1312
f 324/780/1313 320/781/1314 328/782/1315 332/783/1316
f 325/784/1317 326/785/1318 334/786/1319 333/787/1320
f 327/788/1321 325/789/1322 333/790/1323 335/791/1324
f 328/792/1325 327/793/1326 335/794/1327 336/795/1328
f 329/796/1329 330/797/1330 338/798/1331 337/799/1332
f 331/800/1333 332/801/1334 340/802/1335 339/803/1336
f 330/804/1337 331/805/1338 339/806/1339 338/807/1340
f 326/808/1341 329/809/1342 337/810/1343 334/811/1344
f 332/812/1345 328/813/1346 336/814/1347 340/815/1348
f 333/816/1349 334/817/1350 342/818/1351 341/819/1352
f 335/820/1353 333/821/1354 341/822/1355 343/823/1356
f 336/824/1357 335/825/1358 343/826/1359 344/827/1360
f 337/828/1361 338/829/1362 346/830/1363 345/831/1364
f 339/832/1365 340/833/1366 348/834/1367 347/835/1368
f 338/836/1369 339/837/1370 347/838/1371 346/839/1372
f 334/840/1373 337/841/1374 345/842/1375 342/843/1376
f 340/844/1377 336/845/1378 344/846/1379 348/847/1380
f 415/848/1381 416/849/1382 417/850/1383 418/851/1384
f 309/852/1385 311/853/1386 352/854/1387 351/855/1388
f 311/856/1389 312/857/1390 354/377/1391 352/858/1392
f 102/859/1393 364/860/1394 282/267/1395 20/266/1396
f 92/264/1397 354/377/1398 312/857/1399 50/265/1400
f 356/707/1401 355/706/1402 365/861/1403 366/862/1404
f 357/711/1405 356/710/1406 366/863/1407 367/864/1408
f 358/703/1409 357/702/1410 367/865/1411 368/866/1412
f 359/715/1413 358/714/1414 368/867/1415 369/868/1416
f 360/693/1417 359/692/1418 369/869/1419 370/870/1420
f 355/719/1421 364/718/1422 374/871/1423 365/872/1424
f 366/862/1425 365/861/1426 375/873/1427 376/874/1428
f 367/864/1429 366/863/1430 376/875/1431 377/876/1432
f 368/866/1433 367/865/1434 377/877/1435 378/878/1436
f 369/868/1437 368/867/1438 378/879/1439 379/880/1440
f 370/870/1441 369/869/1442 379/881/1443 380/882/1444
f 420/883/1445 419/884/1446 421/885/1447 422/886/1448
f 372/887/1449 371/888/1450 381/889/1451 382/890/1452
f 373/304/1453 372/891/1454 382/892/1455 383/305/1456
f 122/893/1457 384/894/1458 374/895/1459 112/896/1460
f 365/872/1461 374/871/1462 384/897/1463 375/898/1464
f 376/874/1465 375/873/1466 385/899/1467 386/900/1468
f 377/876/1469 376/875/1470 386/901/1471 387/902/1472
f 378/878/1473 377/877/1474 387/903/1475 388/904/1476
f 379/880/1477 378/879/1478 388/905/1479 389/906/1480
f 380/882/1481 379/881/1482 389/907/1483 390/908/1484
f 375/898/1485 384/897/1486 394/909/1487 385/910/1488
f 386/900/1489 385/899/1490 395/911/1491 396/912/1492
f 387/902/1493 386/901/1494 396/913/1495 397/914/1496
f 388/904/1497 387/903/1498 397/915/1499 398/916/1500
f 389/906/1501 388/905/1502 398/917/1503 399/918/1504
f 390/908/1505 389/907/1506 399/919/1507 400/920/1508
f 424/921/1509 423/922/1510 425/923/1511 426/924/1512
f 392/925/1513 391/926/1514 401/927/1515 402/928/1516
f 393/342/1517 392/929/1518 402/930/1519 403/343/1520
f 142/931/1521 404/932/1522 394/933/1523 132/934/1524
f 385/910/1525 394/909/1526 404/935/1527 395/936/1528
f 396/912/1529 395/911/1530 405/937/1531 406/938/1532
f 397/914/1533 396/913/1534 406/939/1535 407/940/1536
f 398/916/1537 397/915/1538 407/941/1539 408/942/1540
f 399/918/1541 398/917/1542 408/943/1543 409/944/1544
f 400/920/1545 399/919/1546 409/945/1547 410/946/1548
f 395/936/1549 404/935/1550 414/947/1551 405/948/1552
f 406/938/1553 405/937/1554 316/949/1555 315/950/1556
f 407/940/1557 406/939/1558 315/951/1559 314/952/1560
f 408/942/1561 407/941/1562 314/953/1563 313/954/1564
f 409/944/1565 408/943/1566 313/955/1567 310/956/1568
f 410/946/1569 409/945/1570 310/957/1571 309/958/1572
f 428/959/1573 427/960/1574 429/961/1575 430/962/1576
f 412/963/1577 411/964/1578 351/855/1579 352/854/1580
f 413/376/1581 412/965/1582 352/858/1583 354/377/1584
f 50/265/1585 312/857/1586 414/966/1587 152/967/1588
f 405/948/1589 414/947/1590 312/968/1591 316/969/1592
f 281/970/1593 360/971/1594 416/849/1595 415/848/1596
f 360/971/1597 361/696/1598 417/850/1599 416/849/1600
f 361/696/1601 349/695/1602 418/851/1603 417/850/1604
f 349/695/1605 281/970/1606 415/848/1607 418/851/1608
f 371/888/1609 370/972/1610 419/884/1611 420/883/1612
f 370/972/1613 380/973/1614 421/885/1615 419/884/1616
f 380/973/1617 381/889/1618 422/886/1619 421/885/1620
f 381/889/1621 371/888/1622 420/883/1623 422/886/1624
f 391/926/1625 390/974/1626 423/922/1627 424/921/1628
f 390/974/1629 400/975/1630 425/923/1631 423/922/1632
f 400/975/1633 401/927/1634 426/924/1635 425/923/1636
f 401/927/1637 391/926/1638 424/921/1639 426/924/1640
f 411/964/1641 410/976/1642 427/960/1643 428/959/1644
f 410/976/1645 309/852/1646 429/961/1647 427/960/1648
f 309/852/1649 351/855/1650 430/962/1651 429/961/1652
f 351/855/1653 411/964/1654 428/959/1655 430/962/1656
f 152/977/1657 414/978/1658 413/979/1659 151/980/1660
f 141/981/1661 403/982/1662 404/983/1663 142/984/1664
f 132/985/1665 394/986/1666 393/987/1667 131/988/1668
f 112/989/1669 374/990/1670 373/991/1671 111/992/1672
f 101/993/1673 363/994/1674 364/995/1675 102/996/1676
f 400/997/1677 410/998/1678 431/999/1679 432/1000/1680
f 432/1000/1681 431/999/1682 414/1001/1683 404/1002/1684
f 412/1003/1685 413/1004/1686 414/1005/1687 431/1006/1688
f 411/1007/1689 412/1008/1690 431/1009/1691 410/1010/1692
f 400/1011/1693 432/1012/1694 402/1013/1695 401/1014/1696
f 432/1015/1697 404/1016/1698 403/1017/1699 402/1018/1700
f 433/1019/1701 434/1020/1702 380/1021/1703 390/1022/1704
f 394/1023/1705 384/1024/1706 434/1020/1707 433/1019/1708
f 121/1025/1709 383/1026/1710 384/1027/1711 122/1028/1712
f 391/1029/1713 392/1030/1714 433/1031/1715 390/1032/1716
f 392/1033/1717 393/1034/1718 394/1035/1719 433/1036/1720
f 382/1037/1721 381/1038/1722 380/1039/1723 434/1040/1724
f 383/1041/1725 382/1042/1726 434/1043/1727 384/1044/1728
f 435/1045/1729 436/1046/1730 360/1047/1731 370/1048/1732
f 374/1049/1733 364/1050/1734 436/1046/1735 435/1045/1736
f 371/1051/1737 372/1052/1738 435/1053/1739 370/1054/1740
f 374/1055/1741 435/1056/1742 372/1057/1743 373/1058/1744
f 362/1059/1745 361/1060/1746 360/1061/1747 436/1062/1748
f 436/1063/1749 364/1064/1750 363/1065/1751 362/1066/1752
f 438/619/1753 437/618/1754 481/1067/1755 482/1068/1756
f 483/1069/1757 484/1070/1758 478/1071/1759 479/1072/1760
f 484/1070/1761 485/526/1762 480/525/1763 478/1071/1764
f 486/523/1765 487/1073/1766 441/602/1767 440/524/1768
f 487/1073/1769 488/1074/1770 442/605/1771 441/602/1772
f 488/1074/1773 489/1075/1774 443/631/1775 442/605/1776
f 489/1075/1777 490/1076/1778 444/632/1779 443/631/1780
f 437/618/1781 444/621/1782 490/1077/1783 481/1067/1784
f 266/604/1785 267/603/1786 446/1078/1787 445/1079/1788
f 269/1080/1789 266/604/1790 445/1079/1791 447/1081/1792
f 267/603/1793 268/606/1794 448/1082/1795 446/1078/1796
f 268/606/1797 270/1083/1798 449/1084/1799 448/1082/1800
f 272/617/1801 271/616/1802 451/1085/1803 450/1086/1804
f 271/616/1805 269/1080/1806 447/1081/1807 451/1085/1808
f 270/1083/1809 273/620/1810 452/1087/1811 449/1084/1812
f 273/620/1813 272/617/1814 450/1086/1815 452/1087/1816
f 445/1079/1817 446/1078/1818 454/608/1819 453/607/1820
f 447/1081/1821 445/1079/1822 453/607/1823 456/610/1824
f 446/1078/1825 448/1082/1826 457/611/1827 454/608/1828
f 448/1082/1829 449/1084/1830 458/612/1831 457/611/1832
f 450/1086/1833 451/1085/1834 460/614/1835 459/613/1836
f 451/1085/1837 447/1081/1838 456/610/1839 460/614/1840
f 449/1084/1841 452/1087/1842 461/615/1843 458/612/1844
f 452/1087/1845 450/1086/1846 459/613/1847 461/615/1848
f 463/1088/1849 462/1089/1850 501/1090/1851 469/1091/1852
f 502/1092/1853 503/1093/1854 473/1094/1855 472/1095/1856
f 503/1093/1857 504/1096/1858 476/1097/1859 473/1094/1860
f 471/527/1861 505/1098/1862 465/1099/1863 464/528/1864
f 505/1098/1865 506/1100/1866 466/1101/1867 465/1099/1868
f 506/1100/1869 507/1102/1870 467/1103/1871 466/1101/1872
f 507/1102/1873 508/1104/1874 468/1105/1875 467/1103/1876
f 462/1089/1877 468/1106/1878 508/1107/1879 501/1090/1880
f 349/1108/1881 350/1109/1882 470/1110/1883 469/1111/1884
f 350/1109/1885 353/1112/1886 471/527/1887 470/1110/1888
f 509/1113/1889 510/1114/1890 511/1115/1891 512/1116/1892
f 439/636/1893 438/635/1894 479/1072/1895 478/1071/1896
f 513/1117/1897 514/1118/1898 515/1119/1899 516/1120/1900
f 440/524/1901 439/636/1902 478/1071/1903 480/525/1904
f 482/1068/1905 481/1067/1906 288/655/1907 289/659/1908
f 290/520/1909 291/666/1910 487/1073/1911 486/523/1912
f 291/666/1913 292/668/1914 488/1074/1915 487/1073/1916
f 292/668/1917 293/670/1918 489/1075/1919 488/1074/1920
f 293/670/1921 287/672/1922 490/1076/1923 489/1075/1924
f 481/1067/1925 490/1077/1926 287/656/1927 288/655/1928
f 492/660/1929 491/658/1930 462/1089/1931 463/1088/1932
f 464/528/1933 465/1099/1934 497/665/1935 496/519/1936
f 465/1099/1937 466/1101/1938 498/667/1939 497/665/1940
f 466/1101/1941 467/1103/1942 499/669/1943 498/667/1944
f 467/1103/1945 468/1105/1946 500/671/1947 499/669/1948
f 491/658/1949 500/657/1950 468/1106/1951 462/1089/1952
f 469/1091/1953 501/1090/1954 534/1121/1955 349/1122/1956
f 530/1123/1957 505/1098/1958 471/527/1959 353/1112/1960
f 531/1124/1961 506/1100/1962 505/1098/1963 530/1123/1964
f 532/1125/1965 507/1102/1966 506/1100/1967 531/1124/1968
f 533/1126/1969 508/1104/1970 507/1102/1971 532/1125/1972
f 534/1121/1973 501/1090/1974 508/1107/1975 533/1127/1976
f 215/65/1977 477/521/1978 495/522/1979 233/66/1980
f 218/459/1981 480/525/1982 485/526/1983 223/460/1984
f 214/485/1985 476/1097/1986 504/1096/1987 242/486/1988
f 289/1128/1989 492/1129/1990 510/1114/1991 509/1113/1992
f 492/1129/1993 493/661/1994 511/1115/1995 510/1114/1996
f 493/661/1997 475/664/1998 512/1116/1999 511/1115/2000
f 475/664/2001 289/1128/2002 509/1113/2003 512/1116/2004
f 438/635/2005 482/1130/2006 514/1118/2007 513/1117/2008
f 482/1130/2009 483/1069/2010 515/1119/2011 514/1118/2012
f 483/1069/2013 479/1072/2014 516/1120/2015 515/1119/2016
f 479/1072/2017 438/635/2018 513/1117/2019 516/1120/2020
f 463/1131/2021 469/1132/2022 518/1133/2023 517/1134/2024
f 502/1092/2025 472/1095/2026 520/1135/2027 519/1136/2028
f 519/1137/2029 520/1138/2030 517/1139/2031 518/1140/2032
f 520/1141/2033 472/1142/2034 463/1143/2035 517/1144/2036
f 523/1145/2037 524/1146/2038 464/1147/2039 496/1148/2040
f 521/1149/2041 522/1150/2042 290/1151/2043 486/1152/2044
f 482/1153/2045 289/1154/2046 522/1150/2047 521/1149/2048
f 492/1155/2049 463/1156/2050 524/1146/2051 523/1145/2052
f 484/1157/2053 483/1158/2054 482/1159/2055 521/1160/2056
f 485/1161/2057 484/1162/2058 521/1163/2059 486/1164/2060
f 290/1165/2061 522/1166/2062 474/1167/2063 477/1168/2064
f 522/1169/2065 289/1170/2066 475/1171/2067 474/1172/2068
f 494/1173/2069 493/1174/2070 492/1175/2071 523/1176/2072
f 495/1177/2073 494/1178/2074 523/1179/2075 496/1180/2076
f 524/1181/2077 463/1182/2078 472/1183/2079 473/1184/2080
f 464/1185/2081 524/1186/2082 473/1187/2083 476/1188/2084
f 202/1189/2085 464/1190/2086 476/1191/2087 214/1192/2088
f 242/1193/2089 504/1194/2090 471/1195/2091 209/1196/2092
f 502/1197/2093 519/1198/2094 518/1199/2095 469/1200/2096
f 503/1201/2097 502/1202/2098 469/1203/2099 470/1204/2100
f 504/1205/2101 503/1206/2102 470/1207/2103 471/1208/2104
f 18/78/2105 24/79/2106 526/518/2107 525/513/2108
f 24/81/2109 23/80/2110 527/516/2111 526/517/2112
f 23/80/2113 22/82/2114 528/515/2115 527/516/2116
f 22/82/2117 21/83/2118 529/514/2119 528/515/2120
f 21/83/2121 20/84/2122 91/503/2123 529/514/2124
f 525/513/2125 87/512/2126 19/77/2127 18/78/2128
f 283/688/2129 530/1123/2130 353/1112/2131 282/689/2132
f 284/687/2133 531/1124/2134 530/1123/2135 283/688/2136
f 285/686/2137 532/1125/2138 531/1124/2139 284/687/2140
f 286/685/2141 533/1126/2142 532/1125/2143 285/686/2144
f 280/683/2145 534/1121/2146 533/1127/2147 286/684/2148
f 349/1122/2149 534/1121/2150 280/683/2151 281/682/2152
usemtl slideSG
f 539/1209/2153 540/1210/2154 536/1211/2155 535/1212/2156
f 557/1213/2157 553/1214/2158 554/1215/2159 558/1216/2160
f 545/1217/2161 540/1218/2162 541/1219/2163 538/1220/2164
f 548/1221/2165 539/1222/2166 535/1223/2167 544/1224/2168
f 548/1225/2169 545/1226/2170 538/1227/2171 537/1228/2172
f 540/1229/2173 539/1230/2174 542/1231/2175 541/1232/2176
f 545/1233/2177 543/1234/2178 547/1235/2179 552/1236/2180
f 539/1237/2181 548/1238/2182 537/1239/2183 542/1240/2184
f 537/1241/2185 538/1242/2186 541/1243/2187 542/1244/2188
f 535/1245/2189 536/1246/2190 552/1247/2191 544/1248/2192
f 544/1248/2193 552/1247/2194 547/1249/2195 551/1250/2196
f 540/1251/2197 545/1252/2198 552/1253/2199 536/1254/2200
f 550/1255/2201 543/1256/2202 545/1257/2203 548/1258/2204
f 550/1259/2205 548/1260/2206 544/1261/2207 551/1262/2208
f 564/1263/2209 556/1264/2210 559/1265/2211 558/1266/2212
f 566/1267/2213 563/1268/2214 553/1269/2215 557/1270/2216
f 566/1271/2217 555/1272/2218 556/1273/2219 564/1274/2220
f 558/1275/2221 559/1276/2222 560/1277/2223 557/1278/2224
f 564/1279/2225 570/1280/2226 565/1281/2227 561/1282/2228
f 557/1283/2229 560/1284/2230 555/1285/2231 566/1286/2232
f 555/1287/2233 560/1288/2234 559/1289/2235 556/1290/2236
f 553/1291/2237 563/1292/2238 570/1293/2239 554/1294/2240
f 563/1295/2241 568/1296/2242 565/1297/2243 570/1298/2244
f 558/1299/2245 554/1300/2246 570/1301/2247 564/1302/2248
f 567/1303/2249 566/1304/2250 564/1305/2251 561/1306/2252
f 567/1307/2253 568/1308/2254 563/1309/2255 566/1310/2256
f 543/1311/2257 562/1312/2258 546/1313/2259 547/1314/2260
f 549/1315/2261 550/1316/2262 551/1317/2263 569/1318/2264
f 551/1319/2265 547/1320/2266 546/1321/2267 569/1322/2268
f 549/1323/2269 562/1324/2270 543/1325/2271 550/1326/2272
f 561/1327/2273 565/1328/2274 546/1329/2275 562/1330/2276
f 549/1331/2277 569/1332/2278 568/1333/2279 567/1334/2280
f 568/1335/2281 569/1336/2282 546/1337/2283 565/1338/2284
f 549/1339/2285 567/1340/2286 561/1341/2287 562/1342/2288
usemtl railSG
f 575/1343/2289 576/1344/2290 585/1345/2291 584/1346/2292
f 579/1347/2293 571/1348/2294 580/1349/2295 588/1350/2296
f 574/1351/2297 575/1352/2298 584/1353/2299 583/1354/2300
f 578/1355/2301 579/1356/2302 588/1357/2303 587/1358/2304
f 573/1359/2305 574/1360/2306 583/1361/2307 582/1362/2308
f 577/1363/2309 578/1364/2310 587/1365/2311 586/1366/2312
f 572/1367/2313 573/1368/2314 582/1369/2315 581/1370/2316
f 576/1371/2317 577/1372/2318 586/1373/2319 585/1374/2320
f 571/1375/2321 572/1376/2322 581/1377/2323 580/1378/2324
f 585/1379/2325 586/1380/2326 595/1381/2327 594/1382/2328
f 580/1383/2329 581/1384/2330 590/1385/2331 589/1386/2332
f 584/1387/2333 585/1388/2334 594/1389/2335 593/1390/2336
f 588/1391/2337 580/1392/2338 589/1393/2339 597/1394/2340
f 583/1395/2341 584/1396/2342 593/1397/2343 592/1398/2344
f 587/1399/2345 588/1400/2346 597/1401/2347 596/1402/2348
f 582/1403/2349 583/1404/2350 592/1405/2351 591/1406/2352
f 586/1407/2353 587/1408/2354 596/1409/2355 595/1410/2356
f 581/1411/2357 582/1412/2358 591/1413/2359 590/1414/2360
f 576/1415/2361 575/1416/2362 602/1417/2363 603/1418/2364
f 571/1419/2365 579/1420/2366 606/1421/2367 598/1422/2368
f 575/1423/2369 574/1424/2370 601/1425/2371 602/1426/2372
f 579/1427/2373 578/1428/2374 605/1429/2375 606/1430/2376
f 574/1431/2377 573/1432/2378 600/1433/2379 601/1434/2380
f 578/1435/2381 577/1436/2382 604/1437/2383 605/1438/2384
f 573/1439/2385 572/1440/2386 599/1441/2387 600/1442/2388
f 577/1443/2389 576/1444/2390 603/1445/2391 604/1446/2392
f 572/1447/2393 571/1448/2394 598/1449/2395 599/1450/2396
f 603/1451/2397 602/1452/2398 611/1453/2399 612/1454/2400
f 598/1455/2401 606/1456/2402 615/1457/2403 607/1458/2404
f 602/1459/2405 601/1460/2406 610/1461/2407 611/1462/2408
f 606/1463/2409 605/1464/2410 614/1465/2411 615/1466/2412
f 601/1467/2413 600/1468/2414 609/1469/2415 610/1470/2416
f 605/1471/2417 604/1472/2418 613/1473/2419 614/1474/2420
f 600/1475/2421 599/1476/2422 608/1477/2423 609/1478/2424
f 604/1479/2425 603/1480/2426 612/1481/2427 613/1482/2428
f 599/1483/2429 598/1484/2430 607/1485/2431 608/1486/2432
f 596/1487/2433 597/1488/2434 624/1489/2435 623/1490/2436
f 591/1491/2437 592/1492/2438 619/1493/2439 618/1494/2440
f 595/1495/2441 596/1496/2442 623/1497/2443 622/1498/2444
f 590/1499/2445 591/1500/2446 618/1501/2447 617/1502/2448
f 594/1503/2449 595/1504/2450 622/1505/2451 621/1506/2452
f 589/1507/2453 590/1508/2454 617/1509/2455 616/1510/2456
f 593/1511/2457 594/1512/2458 621/1513/2459 620/1514/2460
f 597/1515/2461 589/1516/2462 616/1517/2463 624/1518/2464
f 592/1519/2465 593/1520/2466 620/1521/2467 619/1522/2468
f 614/1523/2469 613/1524/2470 623/1525/2471 624/1526/2472
f 613/1527/2473 612/1528/2474 622/1529/2475 623/1530/2476
f 612/1528/2477 611/1531/2478 621/1532/2479 622/1529/2480
f 611/1531/2481 610/1533/2482 620/1534/2483 621/1532/2484
f 610/1533/2485 609/1535/2486 619/1536/2487 620/1534/2488
f 609/1537/2489 608/1538/2490 618/1539/2491 619/1540/2492
f 608/1538/2493 607/1541/2494 617/1542/2495 618/1539/2496
f 607/1541/2497 615/1543/2498 616/1544/2499 617/1542/2500
f 615/1543/2501 614/1545/2502 624/1546/2503 616/1544/2504
f 632/1547/2505 633/1548/2506 642/1549/2507 641/1550/2508
f 628/1551/2509 629/1552/2510 638/1553/2511 637/1554/2512
f 633/1555/2513 625/1556/2514 634/1557/2515 642/1558/2516
f 625/1556/2517 626/1559/2518 635/1560/2519 634/1557/2520
f 629/1561/2521 630/1562/2522 639/1563/2523 638/1564/2524
f 630/1562/2525 631/1565/2526 640/1566/2527 639/1563/2528
f 626/1567/2529 627/1568/2530 636/1569/2531 635/1570/2532
f 631/1565/2533 632/1571/2534 641/1572/2535 640/1566/2536
f 627/1573/2537 628/1574/2538 637/1575/2539 636/1576/2540
f 644/1577/2541 645/1578/2542 654/1579/2543 653/1580/2544
f 648/1581/2545 649/1582/2546 658/1583/2547 657/1584/2548
f 649/1582/2549 650/1585/2550 659/1586/2551 658/1583/2552
f 645/1587/2553 646/1588/2554 655/1589/2555 654/1590/2556
f 650/1591/2557 651/1592/2558 660/1593/2559 659/1594/2560
f 646/1595/2561 647/1596/2562 656/1597/2563 655/1598/2564
f 651/1599/2565 643/1600/2566 652/1601/2567 660/1602/2568
f 647/1603/2569 648/1604/2570 657/1605/2571 656/1606/2572
f 643/1607/2573 644/1608/2574 653/1609/2575 652/1610/2576
f 662/1611/2577 663/1612/2578 672/1613/2579 671/1614/2580
f 666/1615/2581 667/1616/2582 676/1617/2583 675/1618/2584
f 667/1616/2585 668/1619/2586 677/1620/2587 676/1617/2588
f 663/1621/2589 664/1622/2590 673/1623/2591 672/1624/2592
f 668/1625/2593 669/1626/2594 678/1627/2595 677/1628/2596
f 664/1622/2597 665/1629/2598 674/1630/2599 673/1623/2600
f 669/1631/2601 661/1632/2602 670/1633/2603 678/1634/2604
f 665/1635/2605 666/1636/2606 675/1637/2607 674/1638/2608
f 661/1639/2609 662/1640/2610 671/1641/2611 670/1642/2612
f 715/1643/2613 716/1644/2614 725/1645/2615 724/1646/2616
f 719/1647/2617 711/1648/2618 720/1649/2619 728/1650/2620
f 714/1651/2621 715/1652/2622 724/1653/2623 723/1654/2624
f 718/1655/2625 719/1656/2626 728/1657/2627 727/1658/2628
f 713/1659/2629 714/1660/2630 723/1661/2631 722/1662/2632
f 717/1663/2633 718/1664/2634 727/1665/2635 726/1666/2636
f 712/1667/2637 713/1668/2638 722/1669/2639 721/1670/2640
f 716/1671/2641 717/1672/2642 726/1673/2643 725/1674/2644
f 711/1675/2645 712/1676/2646 721/1677/2647 720/1678/2648
f 725/1679/2649 726/1680/2650 735/1681/2651 734/1682/2652
f 720/1683/2653 721/1684/2654 730/1685/2655 729/1686/2656
f 724/1687/2657 725/1688/2658 734/1689/2659 733/1690/2660
f 728/1691/2661 720/1692/2662 729/1693/2663 737/1694/2664
f 723/1695/2665 724/1696/2666 733/1697/2667 732/1698/2668
f 727/1699/2669 728/1700/2670 737/1701/2671 736/1702/2672
f 722/1703/2673 723/1704/2674 732/1705/2675 731/1706/2676
f 726/1707/2677 727/1708/2678 736/1709/2679 735/1710/2680
f 721/1711/2681 722/1712/2682 731/1713/2683 730/1714/2684
f 716/1715/2685 715/1716/2686 742/1717/2687 743/1718/2688
f 711/1719/2689 719/1720/2690 746/1721/2691 738/1722/2692
f 715/1723/2693 714/1724/2694 741/1725/2695 742/1726/2696
f 719/1727/2697 718/1728/2698 745/1729/2699 746/1730/2700
f 714/1731/2701 713/1732/2702 740/1733/2703 741/1734/2704
f 718/1735/2705 717/1736/2706 744/1737/2707 745/1738/2708
f 713/1739/2709 712/1740/2710 739/1741/2711 740/1742/2712
f 717/1743/2713 716/1744/2714 743/1745/2715 744/1746/2716
f 712/1747/2717 711/1748/2718 738/1749/2719 739/1750/2720
f 743/1751/2721 742/1752/2722 751/1753/2723 752/1754/2724
f 738/1755/2725 746/1756/2726 755/1757/2727 747/1758/2728
f 742/1759/2729 741/1760/2730 750/1761/2731 751/1762/2732
f 746/1763/2733 745/1764/2734 754/1765/2735 755/1766/2736
f 741/1767/2737 740/1768/2738 749/1769/2739 750/1770/2740
f 745/1771/2741 744/1772/2742 753/1773/2743 754/1774/2744
f 740/1775/2745 739/1776/2746 748/1777/2747 749/1778/2748
f 744/1779/2749 743/1780/2750 752/1781/2751 753/1782/2752
f 739/1783/2753 738/1784/2754 747/1785/2755 748/1786/2756
f 736/1787/2757 737/1788/2758 764/1789/2759 763/1790/2760
f 731/1791/2761 732/1792/2762 759/1793/2763 758/1794/2764
f 735/1795/2765 736/1796/2766 763/1797/2767 762/1798/2768
f 730/1799/2769 731/1800/2770 758/1801/2771 757/1802/2772
f 734/1803/2773 735/1804/2774 762/1805/2775 761/1806/2776
f 729/1807/2777 730/1808/2778 757/1809/2779 756/1810/2780
f 733/1811/2781 734/1812/2782 761/1813/2783 760/1814/2784
f 737/1815/2785 729/1816/2786 756/1817/2787 764/1818/2788
f 732/1819/2789 733/1820/2790 760/1821/2791 759/1822/2792
f 754/1823/2793 753/1824/2794 763/1825/2795 764/1826/2796
f 753/1827/2797 752/1828/2798 762/1829/2799 763/1830/2800
f 752/1831/2801 751/1832/2802 761/1833/2803 762/1834/2804
f 751/1835/2805 750/1836/2806 760/1837/2807 761/1838/2808
f 750/1839/2809 749/1840/2810 759/1841/2811 760/1842/2812
f 749/1843/2813 748/1844/2814 758/1845/2815 759/1846/2816
f 748/1847/2817 747/1848/2818 757/1849/2819 758/1850/2820
f 747/1851/2821 755/1852/2822 756/1853/2823 757/1854/2824
f 755/1855/2825 754/1856/2826 764/1857/2827 756/1858/2828
f 769/1859/2829 778/1860/2830 779/1861/2831 770/1862/2832
f 765/1863/2833 774/1864/2834 775/1865/2835 766/1866/2836
f 773/1867/2837 782/1868/2838 774/1869/2839 765/1870/2840
f 770/1871/2841 779/1872/2842 780/1873/2843 771/1874/2844
f 766/1875/2845 775/1876/2846 776/1877/2847 767/1878/2848
f 771/1879/2849 780/1880/2850 781/1881/2851 772/1882/2852
f 767/1883/2853 776/1884/2854 777/1885/2855 768/1886/2856
f 772/1887/2857 781/1888/2858 782/1889/2859 773/1890/2860
f 768/1891/2861 777/1892/2862 778/1893/2863 769/1894/2864
f 789/1895/2865 798/1896/2866 799/1897/2867 790/1898/2868
f 785/1899/2869 794/1900/2870 795/1901/2871 786/1902/2872
f 790/1903/2873 799/1904/2874 800/1905/2875 791/1906/2876
f 786/1907/2877 795/1908/2878 796/1909/2879 787/1910/2880
f 783/1911/2881 792/1912/2882 793/1913/2883 784/1914/2884
f 791/1915/2885 800/1916/2886 792/1917/2887 783/1918/2888
f 787/1919/2889 796/1920/2890 797/1921/2891 788/1922/2892
f 788/1923/2893 797/1924/2894 798/1925/2895 789/1926/2896
f 784/1927/2897 793/1928/2898 794/1929/2899 785/1930/2900
f 807/1931/2901 808/1932/2902 817/1933/2903 816/1934/2904
f 803/1935/2905 804/1936/2906 813/1937/2907 812/1938/2908
f 808/1939/2909 809/1940/2910 818/1941/2911 817/1942/2912
f 804/1943/2913 805/1944/2914 814/1945/2915 813/1946/2916
f 801/1947/2917 802/1948/2918 811/1949/2919 810/1950/2920
f 809/1951/2921 801/1952/2922 810/1953/2923 818/1954/2924
f 805/1955/2925 806/1956/2926 815/1957/2927 814/1958/2928
f 806/1959/2929 807/1960/2930 816/1961/2931 815/1962/2932
f 802/1963/2933 803/1964/2934 812/1965/2935 811/1966/2936
usemtl slideSG
f 705/1967/2937 706/1968/2938 708/1969/2939 707/1970/2940
f 703/1971/2941 704/1972/2942 706/1973/2943 705/1974/2944
f 701/1975/2945 702/1976/2946 704/1977/2947 703/1978/2948
f 699/1979/2949 700/1980/2950 702/1981/2951 701/1982/2952
f 697/1983/2953 698/1984/2954 700/1985/2955 699/1986/2956
f 695/1987/2957 696/1988/2958 698/1989/2959 697/1990/2960
f 693/1991/2961 694/1992/2962 696/1993/2963 695/1994/2964
f 691/1995/2965 692/1996/2966 694/1997/2967 693/1998/2968
f 689/1999/2969 690/2000/2970 692/2001/2971 691/2002/2972
f 687/2003/2973 688/2004/2974 690/2005/2975 689/2006/2976
f 685/2007/2977 686/2008/2978 688/2009/2979 687/2010/2980
usemtl railSG
f 680/2011/2981 681/2012/2982 683/2013/2983 685/2007/2984 687/2014/2985 689/2015/2986 691/2016/2987 693/2017/2988 695/2018/2989 697/2019/2990 699/2020/2991 701/2021/2992 703/2022/2993 705/2023/2994 707/2024/2995 709/2025/2996
usemtl slideSG
f 683/2026/2997 684/2027/2998 686/2028/2999 685/2029/3000
f 707/2030/3001 708/2031/3002 710/2032/3003 709/2033/3004
f 681/2034/3005 682/2035/3006 684/2036/3007 683/2037/3008
f 709/2038/3009 710/2039/3010 679/2040/3011 680/2041/3012
f 680/2041/3013 679/2040/3014 682/2042/3015 681/2043/3016
usemtl railSG
f 682/2044/3017 679/2045/3018 710/2046/3019 708/2047/3020 706/2048/3021 704/2049/3022 702/2050/3023 700/2051/3024 698/2052/3025 696/2053/3026 694/2054/3027 692/2055/3028 690/2056/3029 688/2057/3030 686/2058/3031 684/2059/3032
usemtl slideSG
f 819/2060/3033 820/2061/3034 822/2062/3035 821/2063/3036
f 821/2063/3037 822/2062/3038 824/2064/3039 823/2065/3040
f 823/2066/3041 824/2067/3042 826/2068/3043 825/2069/3044
f 825/2070/3045 826/2071/3046 828/2072/3047 827/2073/3048
f 827/2074/3049 828/2075/3050 830/2076/3051 829/2077/3052
f 829/2077/3053 830/2076/3054 832/2078/3055 831/2079/3056
f 831/2079/3057 832/2078/3058 834/2080/3059 833/2081/3060
f 833/2081/3061 834/2080/3062 836/2082/3063 835/2083/3064
f 835/2084/3065 836/2085/3066 838/2086/3067 837/2087/3068
f 837/2087/3069 838/2086/3070 840/2088/3071 839/2089/3072
f 839/2089/3073 840/2088/3074 842/2090/3075 841/2091/3076
f 841/2091/3077 842/2090/3078 844/2092/3079 843/2093/3080
f 843/2093/3081 844/2092/3082 846/2094/3083 845/2095/3084
f 845/2095/3085 846/2094/3086 848/2096/3087 847/2097/3088
usemtl railSG
f 822/2098/3089 820/2099/3090 850/2100/3091 848/2101/3092 846/2102/3093 844/2103/3094 842/2104/3095 840/2105/3096 838/2106/3097 836/2107/3098 834/2108/3099 832/2109/3100 830/2110/3101 828/2111/3102 826/2112/3103 824/2113/3104
usemtl slideSG
f 849/2114/3105 850/2115/3106 820/2116/3107 819/2117/3108
f 847/2118/3109 848/2119/3110 850/2120/3111 849/2121/3112
usemtl railSG
f 819/2122/3113 821/2123/3114 823/2124/3115 825/2125/3116 827/2126/3117 829/2127/3118 831/2128/3119 833/2129/3120 835/2130/3121 837/2131/3122 839/2132/3123 841/2133/3124 843/2134/3125 845/2135/3126 847/2136/3127 849/2137/3128
f 851/2138/3129 859/2139/3130 860/2140/3131 852/2141/3132
f 852/2142/3133 860/2143/3134 861/2144/3135 853/2145/3136
f 853/2146/3137 861/2147/3138 862/2148/3139 854/2149/3140
f 854/2150/3141 862/2151/3142 863/2152/3143 855/2153/3144
f 855/2154/3145 863/2155/3146 864/2156/3147 856/2157/3148
f 856/2157/3149 864/2156/3150 865/2158/3151 857/2159/3152
f 857/2159/3153 865/2158/3154 866/2160/3155 858/2161/3156
f 851/2162/3157 858/2163/3158 866/2164/3159 859/2165/3160
f 859/2166/3161 867/2167/3162 868/2168/3163 860/2169/3164
f 860/2169/3165 868/2168/3166 869/2170/3167 861/2171/3168
f 861/2171/3169 869/2170/3170 870/2172/3171 862/2173/3172
f 862/2173/3173 870/2172/3174 871/2174/3175 863/2175/3176
f 863/2175/3177 871/2174/3178 872/2176/3179 864/2177/3180
f 864/2177/3181 872/2176/3182 873/2178/3183 865/2179/3184
f 865/2179/3185 873/2178/3186 874/2180/3187 866/2181/3188
f 866/2181/3189 874/2180/3190 867/2182/3191 859/2183/3192
f 867/2184/3193 875/2185/3194 876/2186/3195 868/2187/3196
f 868/2187/3197 876/2186/3198 877/2188/3199 869/2189/3200
f 869/2190/3201 877/2191/3202 878/2192/3203 870/2193/3204
f 870/2194/3205 878/2195/3206 879/2196/3207 871/2197/3208
f 871/2198/3209 879/2199/3210 880/2200/3211 872/2201/3212
f 872/2201/3213 880/2200/3214 881/2202/3215 873/2203/3216
f 873/2203/3217 881/2202/3218 882/2204/3219 874/2205/3220
f 874/2205/3221 882/2204/3222 875/2206/3223 867/2207/3224
f 875/2208/3225 883/2209/3226 884/2210/3227 876/2211/3228
f 876/2211/3229 884/2210/3230 885/2212/3231 877/2213/3232
f 877/2213/3233 885/2212/3234 886/2214/3235 878/2215/3236
f 878/2215/3237 886/2214/3238 887/2216/3239 879/2217/3240
f 879/2217/3241 887/2216/3242 888/2218/3243 880/2219/3244
f 880/2219/3245 888/2218/3246 889/2220/3247 881/2221/3248
f 881/2221/3249 889/2220/3250 890/2222/3251 882/2223/3252
f 882/2223/3253 890/2222/3254 883/2224/3255 875/2225/3256
f 883/2226/3257 891/2227/3258 892/2228/3259 884/2229/3260
f 884/2229/3261 892/2228/3262 893/2230/3263 885/2231/3264
f 885/2232/3265 893/2233/3266 894/2234/3267 886/2235/3268
f 886/2236/3269 894/2237/3270 895/2238/3271 887/2239/3272
f 887//3273 895//3274 896//3275 888//3276
f 888//3277 896//3278 897//3279 889//3280
f 889//3281 897//3282 898//3283 890//3284
f 890//3285 898//3286 891//3287 883//3288
f 891//3289 899//3290 900//3291 892//3292
f 892//3293 900//3294 901//3295 893//3296
f 893//3297 901//3298 902//3299 894//3300
f 894//3301 902//3302 903//3303 895//3304
f 895//3305 903//3306 904//3307 896//3308
f 896//3309 904//3310 905//3311 897//3312
f 897//3313 905//3314 906//3315 898//3316
f 898//3317 906//3318 899//3319 891//3320
f 899//3321 907//3322 908//3323 900//3324
f 900//3325 908//3326 909//3327 901//3328
f 901//3329 909//3330 910//3331 902//3332
f 902//3333 910//3334 911//3335 903//3336
f 903//3337 911//3338 912//3339 904//3340
f 904//3341 912//3342 913//3343 905//3344
f 905//3345 913//3346 914//3347 906//3348
f 906//3349 914//3350 907//3351 899//3352
f 907//3353 915//3354 916//3355 908//3356
f 908//3357 916//3358 917//3359 909//3360
f 909//3361 917//3362 918//3363 910//3364
f 910//3365 918//3366 919//3367 911//3368
f 911//3369 919//3370 920//3371 912//3372
f 912//3373 920//3374 921//3375 913//3376
f 913//3377 921//3378 922//3379 914//3380
f 914//3381 922//3382 915//3383 907//3384
f 915//3385 923//3386 924//3387 916//3388
f 916//3389 924//3390 925//3391 917//3392
f 917//3393 925//3394 926//3395 918//3396
f 918//3397 926//3398 927//3399 919//3400
f 919//3401 927//3402 928//3403 920//3404
f 920//3405 928//3406 929//3407 921//3408
f 921//3409 929//3410 930//3411 922//3412
f 922//3413 930//3414 923//3415 915//3416
f 923//3417 931//3418 932//3419 924//3420
f 924//3421 932//3422 933//3423 925//3424
f 925//3425 933//3426 934//3427 926//3428
f 926//3429 934//3430 935//3431 927//3432
f 927//3433 935//3434 936//3435 928//3436
f 928//3437 936//3438 937//3439 929//3440
f 929//3441 937//3442 938//3443 930//3444
f 930//3445 938//3446 931//3447 923//3448
f 931//3449 939//3450 940//3451 932//3452
f 932//3453 940//3454 941//3455 933//3456
f 933//3457 941//3458 942//3459 934//3460
f 934//3461 942//3462 943//3463 935//3464
f 935//3465 943//3466 944//3467 936//3468
f 936//3469 944//3470 945//3471 937//3472
f 937//3473 945//3474 946//3475 938//3476
f 938//3477 946//3478 939//3479 931//3480
f 939//3481 947//3482 948//3483 940//3484
f 940//3485 948//3486 949//3487 941//3488
f 941//3489 949//3490 950//3491 942//3492
f 942//3493 950//3494 951//3495 943//3496
f 943//3497 951//3498 952//3499 944//3500
f 944//3501 952//3502 953//3503 945//3504
f 945//3505 953//3506 954//3507 946//3508
f 946//3509 954//3510 947//3511 939//3512
f 947//3513 955//3514 956//3515 948//3516
f 948//3517 956//3518 957//3519 949//3520
f 949//3521 957//3522 958//3523 950//3524
f 950//3525 958//3526 959//3527 951//3528
f 951//3529 959//3530 960//3531 952//3532
f 952//3533 960//3534 961//3535 953//3536
f 953//3537 961//3538 962//3539 954//3540
f 954//3541 962//3542 955//3543 947//3544
f 955//3545 963//3546 964//3547 956//3548
f 956//3549 964//3550 965//3551 957//3552
f 957//3553 965//3554 966//3555 958//3556
f 958//3557 966//3558 967//3559 959//3560
f 959//3561 967//3562 968//3563 960//3564
f 960//3565 968//3566 969//3567 961//3568
f 961//3569 969//3570 970//3571 962//3572
f 962//3573 970//3574 963//3575 955//3576
f 963//3577 971//3578 972//3579 964//3580
f 964//3581 972//3582 973//3583 965//3584
f 965//3585 973//3586 974//3587 966//3588
f 966//3589 974//3590 975//3591 967//3592
f 967//3593 975//3594 976//3595 968//3596
f 968//3597 976//3598 977//3599 969//3600
f 969//3601 977//3602 978//3603 970//3604
f 970//3605 978//3606 971//3607 963//3608
f 971//3609 979//3610 980//3611 972//3612
f 972//3613 980//3614 981//3615 973//3616
f 973//3617 981//3618 982//3619 974//3620
f 974//3621 982//3622 983//3623 975//3624
f 975//3625 983//3626 984//3627 976//3628
f 976//3629 984//3630 985//3631 977//3632
f 977//3633 985//3634 986//3635 978//3636
f 978//3637 986//3638 979//3639 971//3640
f 979//3641 987//3642 988//3643 980//3644
f 980//3645 988//3646 989//3647 981//3648
f 981//3649 989//3650 990//3651 982//3652
f 982//3653 990//3654 991//3655 983//3656
f 983//3657 991//3658 992//3659 984//3660
f 984//3661 992//3662 993//3663 985//3664
f 985//3665 993//3666 994//3667 986//3668
f 986//3669 994//3670 987//3671 979//3672
f 987//3673 995//3674 996//3675 988//3676
f 988//3677 996//3678 997//3679 989//3680
f 989//3681 997//3682 998//3683 990//3684
f 990//3685 998//3686 999//3687 991//3688
f 991//3689 999//3690 1000//3691 992//3692
f 992//3693 1000//3694 1001//3695 993//3696
f 993//3697 1001//3698 1002//3699 994//3700
f 994//3701 1002//3702 995//3703 987//3704
f 995//3705 1003//3706 1004//3707 996//3708
f 996//3709 1004//3710 1005//3711 997//3712
f 997//3713 1005//3714 1006//3715 998//3716
f 998//3717 1006//3718 1007//3719 999//3720
f 999//3721 1007//3722 1008//3723 1000//3724
f 1000//3725 1008//3726 1009//3727 1001//3728
f 1001//3729 1009//3730 1010//3731 1002//3732
f 1002//3733 1010//3734 1003//3735 995//3736
f 1003//3737 1011//3738 1012//3739 1004//3740
f 1004//3741 1012//3742 1013//3743 1005//3744
f 1005//3745 1013//3746 1014//3747 1006//3748
f 1006//3749 1014//3750 1015//3751 1007//3752
f 1007//3753 1015//3754 1016//3755 1008//3756
f 1008//3757 1016//3758 1017//3759 1009//3760
f 1009//3761 1017//3762 1018//3763 1010//3764
f 1010//3765 1018//3766 1011//3767 1003//3768
f 1011//3769 1019//3770 1020//3771 1012//3772
f 1012//3773 1020//3774 1021//3775 1013//3776
f 1013//3777 1021//3778 1022//3779 1014//3780
f 1014//3781 1022//3782 1023//3783 1015//3784
f 1015//3785 1023//3786 1024//3787 1016//3788
f 1016//3789 1024//3790 1025//3791 1017//3792
f 1017//3793 1025//3794 1026//3795 1018//3796
f 1018//3797 1026//3798 1019//3799 1011//3800
f 1019//3801 1027//3802 1028//3803 1020//3804
f 1020//3805 1028//3806 1029//3807 1021//3808
f 1021//3809 1029//3810 1030//3811 1022//3812
f 1022//3813 1030//3814 1031//3815 1023//3816
f 1023//3817 1031//3818 1032//3819 1024//3820
f 1024//3821 1032//3822 1033//3823 1025//3824
f 1025//3825 1033//3826 1034//3827 1026//3828
f 1026//3829 1034//3830 1027//3831 1019//3832
f 1027//3833 1035//3834 1036//3835 1028//3836
f 1028//3837 1036//3838 1037//3839 1029//3840
f 1029//3841 1037//3842 1038//3843 1030//3844
f 1030//3845 1038//3846 1039//3847 1031//3848
f 1031//3849 1039//3850 1040//3851 1032//3852
f 1032//3853 1040//3854 1041//3855 1033//3856
f 1033//3857 1041//3858 1042//3859 1034//3860
f 1034//3861 1042//3862 1035//3863 1027//3864
f 1035//3865 851//3866 852//3867 1036//3868
f 1036//3869 852//3870 853//3871 1037//3872
f 1037//3873 853//3874 854//3875 1038//3876
f 1038//3877 854//3878 855//3879 1039//3880
f 1039//3881 855//3882 856//3883 1040//3884
f 1040//3885 856//3886 857//3887 1041//3888
f 1041//3889 857//3890 858//3891 1042//3892
f 1042//3893 858//3894 851//3895 1035//3896
f 1043//3897 1051//3898 1052//3899 1044//3900
f 1044//3901 1052//3902 1053//3903 1045//3904
f 1045//3905 1053//3906 1054//3907 1046//3908
f 1046//3909 1054//3910 1055//3911 1047//3912
f 1047//3913 1055//3914 1056//3915 1048//3916
f 1048//3917 1056//3918 1057//3919 1049//3920
f 1049//3921 1057//3922 1058//3923 1050//3924
f 1043//3925 1050//3926 1058//3927 1051//3928
f 1051//3929 1059//3930 1060//3931 1052//3932
f 1052//3933 1060//3934 1061//3935 1053//3936
f 1053//3937 1061//3938 1062//3939 1054//3940
f 1054//3941 1062//3942 1063//3943 1055//3944
f 1055//3945 1063//3946 1064//3947 1056//3948
f 1056//3949 1064//3950 1065//3951 1057//3952
f 1057//3953 1065//3954 1066//3955 1058//3956
f 1058//3957 1066//3958 1059//3959 1051//3960
f 1059//3961 1067//3962 1068//3963 1060//3964
f 1060//3965 1068//3966 1069//3967 1061//3968
f 1061//3969 1069//3970 1070//3971 1062//3972
f 1062//3973 1070//3974 1071//3975 1063//3976
f 1063//3977 1071//3978 1072//3979 1064//3980
f 1064//3981 1072//3982 1073//3983 1065//3984
f 1065//3985 1073//3986 1074//3987 1066//3988
f 1066//3989 1074//3990 1067//3991 1059//3992
f 1067//3993 1075//3994 1076//3995 1068//3996
f 1068//3997 1076//3998 1077//3999 1069//4000
f 1069//4001 1077//4002 1078//4003 1070//4004
f 1070//4005 1078//4006 1079//4007 1071//4008
f 1071//4009 1079//4010 1080//4011 1072//4012
f 1072//4013 1080//4014 1081//4015 1073//4016
f 1073//4017 1081//4018 1082//4019 1074//4020
f 1074//4021 1082//4022 1075//4023 1067//4024
f 1075//4025 1083//4026 1084//4027 1076//4028
f 1076//4029 1084//4030 1085//4031 1077//4032
f 1077//4033 1085//4034 1086//4035 1078//4036
f 1078//4037 1086//4038 1087//4039 1079//4040
f 1079//4041 1087//4042 1088//4043 1080//4044
f 1080//4045 1088//4046 1089//4047 1081//4048
f 1081//4049 1089//4050 1090//4051 1082//4052
f 1082//4053 1090//4054 1083//4055 1075//4056
f 1083//4057 1091//4058 1092//4059 1084//4060
f 1084//4061 1092//4062 1093//4063 1085//4064
f 1085//4065 1093//4066 1094//4067 1086//4068
f 1086//4069 1094//4070 1095//4071 1087//4072
f 1087//4073 1095//4074 1096//4075 1088//4076
f 1088//4077 1096//4078 1097//4079 1089//4080
f 1089//4081 1097//4082 1098//4083 1090//4084
f 1090//4085 1098//4086 1091//4087 1083//4088
f 1091//4089 1099//4090 1100//4091 1092//4092
f 1092//4093 1100//4094 1101//4095 1093//4096
f 1093//4097 1101//4098 1102//4099 1094//4100
f 1094//4101 1102//4102 1103//4103 1095//4104
f 1095//4105 1103//4106 1104//4107 1096//4108
f 1096//4109 1104//4110 1105//4111 1097//4112
f 1097//4113 1105//4114 1106//4115 1098//4116
f 1098//4117 1106//4118 1099//4119 1091//4120
f 1099//4121 1107//4122 1108//4123 1100//4124
f 1100//4125 1108//4126 1109//4127 1101//4128
f 1101//4129 1109//4130 1110//4131 1102//4132
f 1102//4133 1110//4134 1111//4135 1103//4136
f 1103//4137 1111//4138 1112//4139 1104//4140
f 1104//4141 1112//4142 1113//4143 1105//4144
f 1105//4145 1113//4146 1114//4147 1106//4148
f 1106//4149 1114//4150 1107//4151 1099//4152
f 1107//4153 1115//4154 1116//4155 1108//4156
f 1108//4157 1116//4158 1117//4159 1109//4160
f 1109//4161 1117//4162 1118//4163 1110//4164
f 1110//4165 1118//4166 1119//4167 1111//4168
f 1111//4169 1119//4170 1120//4171 1112//4172
f 1112//4173 1120//4174 1121//4175 1113//4176
f 1113//4177 1121//4178 1122//4179 1114//4180
f 1114//4181 1122//4182 1115//4183 1107//4184
f 1115//4185 1123//4186 1124//4187 1116//4188
f 1116//4189 1124//4190 1125//4191 1117//4192
f 1117//4193 1125//4194 1126//4195 1118//4196
f 1118//4197 1126//4198 1127//4199 1119//4200
f 1119//4201 1127//4202 1128//4203 1120//4204
f 1120//4205 1128//4206 1129//4207 1121//4208
f 1121//4209 1129//4210 1130//4211 1122//4212
f 1122//4213 1130//4214 1123//4215 1115//4216
f 1123//4217 1131//4218 1132//4219 1124//4220
f 1124//4221 1132//4222 1133//4223 1125//4224
f 1125//4225 1133//4226 1134//4227 1126//4228
f 1126//4229 1134//4230 1135//4231 1127//4232
f 1127//4233 1135//4234 1136//4235 1128//4236
f 1128//4237 1136//4238 1137//4239 1129//4240
f 1129//4241 1137//4242 1138//4243 1130//4244
f 1130//4245 1138//4246 1131//4247 1123//4248
f 1131//4249 1139//4250 1140//4251 1132//4252
f 1132//4253 1140//4254 1141//4255 1133//4256
f 1133//4257 1141//4258 1142//4259 1134//4260
f 1134//4261 1142//4262 1143//4263 1135//4264
f 1135//4265 1143//4266 1144//4267 1136//4268
f 1136//4269 1144//4270 1145//4271 1137//4272
f 1137//4273 1145//4274 1146//4275 1138//4276
f 1138//4277 1146//4278 1139//4279 1131//4280
f 1139//4281 1147//4282 1148//4283 1140//4284
f 1140//4285 1148//4286 1149//4287 1141//4288
f 1141//4289 1149//4290 1150//4291 1142//4292
f 1142//4293 1150//4294 1151//4295 1143//4296
f 1143//4297 1151//4298 1152//4299 1144//4300
f 1144//4301 1152//4302 1153//4303 1145//4304
f 1145//4305 1153//4306 1154//4307 1146//4308
f 1146//4309 1154//4310 1147//4311 1139//4312
f 1147//4313 1155//4314 1156//4315 1148//4316
f 1148//4317 1156//4318 1157//4319 1149//4320
f 1149//4321 1157//4322 1158//4323 1150//4324
f 1150//4325 1158//4326 1159//4327 1151//4328
f 1151//4329 1159//4330 1160//4331 1152//4332
f 1152//4333 1160//4334 1161//4335 1153//4336
f 1153//4337 1161//4338 1162//4339 1154//4340
f 1154//4341 1162//4342 1155//4343 1147//4344
f 1155//4345 1163//4346 1164//4347 1156//4348
f 1156//4349 1164//4350 1165//4351 1157//4352
f 1157//4353 1165//4354 1166//4355 1158//4356
f 1158//4357 1166//4358 1167//4359 1159//4360
f 1159//4361 1167//4362 1168//4363 1160//4364
f 1160//4365 1168//4366 1169//4367 1161//4368
f 1161//4369 1169//4370 1170//4371 1162//4372
f 1162//4373 1170//4374 1163//4375 1155//4376
f 1163//4377 1171//4378 1172//4379 1164//4380
f 1164//4381 1172//4382 1173//4383 1165//4384
f 1165//4385 1173//4386 1174//4387 1166//4388
f 1166//4389 1174//4390 1175//4391 1167//4392
f 1167//4393 1175//4394 1176//4395 1168//4396
f 1168//4397 1176//4398 1177//4399 1169//4400
f 1169//4401 1177//4402 1178//4403 1170//4404
f 1170//4405 1178//4406 1171//4407 1163//4408
f 1171//4409 1179//4410 1180//4411 1172//4412
f 1172//4413 1180//4414 1181//4415 1173//4416
f 1173//4417 1181//4418 1182//4419 1174//4420
f 1174//4421 1182//4422 1183//4423 1175//4424
f 1175//4425 1183//4426 1184//4427 1176//4428
f 1176//4429 1184//4430 1185//4431 1177//4432
f 1177//4433 1185//4434 1186//4435 1178//4436
f 1178//4437 1186//4438 1179//4439 1171//4440
f 1179//4441 1187//4442 1188//4443 1180//4444
f 1180//4445 1188//4446 1189//4447 1181//4448
f 1181//4449 1189//4450 1190//4451 1182//4452
f 1182//4453 1190//4454 1191//4455 1183//4456
f 1183//4457 1191//4458 1192//4459 1184//4460
f 1184//4461 1192//4462 1193//4463 1185//4464
f 1185//4465 1193//4466 1194//4467 1186//4468
f 1186//4469 1194//4470 1187//4471 1179//4472
f 1187//4473 1195//4474 1196//4475 1188//4476
f 1188//4477 1196//4478 1197//4479 1189//4480
f 1189//4481 1197//4482 1198//4483 1190//4484
f 1190//4485 1198//4486 1199//4487 1191//4488
f 1191//4489 1199//4490 1200//4491 1192//4492
f 1192//4493 1200//4494 1201//4495 1193//4496
f 1193//4497 1201//4498 1202//4499 1194//4500
f 1194//4501 1202//4502 1195//4503 1187//4504
f 1195//4505 1203//4506 1204//4507 1196//4508
f 1196//4509 1204//4510 1205//4511 1197//4512
f 1197//4513 1205//4514 1206//4515 1198//4516
f 1198//4517 1206//4518 1207//4519 1199//4520
f 1199//4521 1207//4522 1208//4523 1200//4524
f 1200//4525 1208//4526 1209//4527 1201//4528
f 1201//4529 1209//4530 1210//4531 1202//4532
f 1202//4533 1210//4534 1203//4535 1195//4536
f 1203//4537 1211//4538 1212//4539 1204//4540
f 1204//4541 1212//4542 1213//4543 1205//4544
f 1205//4545 1213//4546 1214//4547 1206//4548
f 1206//4549 1214//4550 1215//4551 1207//4552
f 1207//4553 1215//4554 1216//4555 1208//4556
f 1208//4557 1216//4558 1217//4559 1209//4560
f 1209//4561 1217//4562 1218//4563 1210//4564
f 1210//4565 1218//4566 1211//4567 1203//4568
f 1211//4569 1219//4570 1220//4571 1212//4572
f 1212//4573 1220//4574 1221//4575 1213//4576
f 1213//4577 1221//4578 1222//4579 1214//4580
f 1214//4581 1222//4582 1223//4583 1215//4584
f 1215//4585 1223//4586 1224//4587 1216//4588
f 1216//4589 1224//4590 1225//4591 1217//4592
f 1217//4593 1225//4594 1226//4595 1218//4596
f 1218//4597 1226//4598 1219//4599 1211//4600
f 1219//4601 1227//4602 1228//4603 1220//4604
f 1220//4605 1228//4606 1229//4607 1221//4608
f 1221//4609 1229//4610 1230//4611 1222//4612
f 1222//4613 1230//4614 1231//4615 1223//4616
f 1223//4617 1231//4618 1232//4619 1224//4620
f 1224//4621 1232//4622 1233//4623 1225//4624
f 1225//4625 1233//4626 1234//4627 1226//4628
f 1226//4629 1234//4630 1227//4631 1219//4632
f 1227//4633 1043//4634 1044//4635 1228//4636
f 1228//4637 1044//4638 1045//4639 1229//4640
f 1229//4641 1045//4642 1046//4643 1230//4644
f 1230//4645 1046//4646 1047//4647 1231//4648
f 1231//4649 1047//4650 1048//4651 1232//4652
f 1232//4653 1048//4654 1049//4655 1233//4656
f 1233//4657 1049//4658 1050//4659 1234//4660
f 1234//4661 1050//4662 1043//4663 1227//4664
f 1235//4665 1243//4666 1244//4667 1236//4668
f 1236//4669 1244//4670 1245//4671 1237//4672
f 1237//4673 1245//4674 1246//4675 1238//4676
f 1238//4677 1246//4678 1247//4679 1239//4680
f 1239//4681 1247//4682 1248//4683 1240//4684
f 1240//4685 1248//4686 1249//4687 1241//4688
f 1241//4689 1249//4690 1250//4691 1242//4692
f 1235//4693 1242//4694 1250//4695 1243//4696
f 1243//4697 1251//4698 1252//4699 1244//4700
f 1244//4701 1252//4702 1253//4703 1245//4704
f 1245//4705 1253//4706 1254//4707 1246//4708
f 1246//4709 1254//4710 1255//4711 1247//4712
f 1247//4713 1255//4714 1256//4715 1248//4716
f 1248//4717 1256//4718 1257//4719 1249//4720
f 1249//4721 1257//4722 1258//4723 1250//4724
f 1250//4725 1258//4726 1251//4727 1243//4728
f 1251//4729 1259//4730 1260//4731 1252//4732
f 1252//4733 1260//4734 1261//4735 1253//4736
f 1253//4737 1261//4738 1262//4739 1254//4740
f 1254//4741 1262//4742 1263//4743 1255//4744
f 1255//4745 1263//4746 1264//4747 1256//4748
f 1256//4749 1264//4750 1265//4751 1257//4752
f 1257//4753 1265//4754 1266//4755 1258//4756
f 1258//4757 1266//4758 1259//4759 1251//4760
f 1259//4761 1267//4762 1268//4763 1260//4764
f 1260//4765 1268//4766 1269//4767 1261//4768
f 1261//4769 1269//4770 1270//4771 1262//4772
f 1262//4773 1270//4774 1271//4775 1263//4776
f 1263//4777 1271//4778 1272//4779 1264//4780
f 1264//4781 1272//4782 1273//4783 1265//4784
f 1265//4785 1273//4786 1274//4787 1266//4788
f 1266//4789 1274//4790 1267//4791 1259//4792
f 1267//4793 1275//4794 1276//4795 1268//4796
f 1268//4797 1276//4798 1277//4799 1269//4800
f 1269//4801 1277//4802 1278//4803 1270//4804
f 1270//4805 1278//4806 1279//4807 1271//4808
f 1271//4809 1279//4810 1280//4811 1272//4812
f 1272//4813 1280//4814 1281//4815 1273//4816
f 1273//4817 1281//4818 1282//4819 1274//4820
f 1274//4821 1282//4822 1275//4823 1267//4824
f 1275//4825 1283//4826 1284//4827 1276//4828
f 1276//4829 1284//4830 1285//4831 1277//4832
f 1277//4833 1285//4834 1286//4835 1278//4836
f 1278//4837 1286//4838 1287//4839 1279//4840
f 1279//4841 1287//4842 1288//4843 1280//4844
f 1280//4845 1288//4846 1289//4847 1281//4848
f 1281//4849 1289//4850 1290//4851 1282//4852
f 1282//4853 1290//4854 1283//4855 1275//4856
f 1283//4857 1291//4858 1292//4859 1284//4860
f 1284//4861 1292//4862 1293//4863 1285//4864
f 1285//4865 1293//4866 1294//4867 1286//4868
f 1286//4869 1294//4870 1295//4871 1287//4872
f 1287//4873 1295//4874 1296//4875 1288//4876
f 1288//4877 1296//4878 1297//4879 1289//4880
f 1289//4881 1297//4882 1298//4883 1290//4884
f 1290//4885 1298//4886 1291//4887 1283//4888
f 1291//4889 1299//4890 1300//4891 1292//4892
f 1292//4893 1300//4894 1301//4895 1293//4896
f 1293//4897 1301//4898 1302//4899 1294//4900
f 1294//4901 1302//4902 1303//4903 1295//4904
f 1295//4905 1303//4906 1304//4907 1296//4908
f 1296//4909 1304//4910 1305//4911 1297//4912
f 1297//4913 1305//4914 1306//4915 1298//4916
f 1298//4917 1306//4918 1299//4919 1291//4920
f 1299//4921 1307//4922 1308//4923 1300//4924
f 1300//4925 1308//4926 1309//4927 1301//4928
f 1301//4929 1309//4930 1310//4931 1302//4932
f 1302//4933 1310//4934 1311//4935 1303//4936
f 1303//4937 1311//4938 1312//4939 1304//4940
f 1304//4941 1312//4942 1313//4943 1305//4944
f 1305//4945 1313//4946 1314//4947 1306//4948
f 1306//4949 1314//4950 1307//4951 1299//4952
f 1307//4953 1315//4954 1316//4955 1308//4956
f 1308//4957 1316//4958 1317//4959 1309//4960
f 1309//4961 1317//4962 1318//4963 1310//4964
f 1310//4965 1318//4966 1319//4967 1311//4968
f 1311//4969 1319//4970 1320//4971 1312//4972
f 1312//4973 1320//4974 1321//4975 1313//4976
f 1313//4977 1321//4978 1322//4979 1314//4980
f 1314//4981 1322//4982 1315//4983 1307//4984
f 1315//4985 1323//4986 1324//4987 1316//4988
f 1316//4989 1324//4990 1325//4991 1317//4992
f 1317//4993 1325//4994 1326//4995 1318//4996
f 1318//4997 1326//4998 1327//4999 1319//5000
f 1319//5001 1327//5002 1328//5003 1320//5004
f 1320//5005 1328//5006 1329//5007 1321//5008
f 1321//5009 1329//5010 1330//5011 1322//5012
f 1322//5013 1330//5014 1323//5015 1315//5016
f 1323//5017 1331//5018 1332//5019 1324//5020
f 1324//5021 1332//5022 1333//5023 1325//5024
f 1325//5025 1333//5026 1334//5027 1326//5028
f 1326//5029 1334//5030 1335//5031 1327//5032
f 1327//5033 1335//5034 1336//5035 1328//5036
f 1328//5037 1336//5038 1337//5039 1329//5040
f 1329//5041 1337//5042 1338//5043 1330//5044
f 1330//5045 1338//5046 1331//5047 1323//5048
f 1331//5049 1339//5050 1340//5051 1332//5052
f 1332//5053 1340//5054 1341//5055 1333//5056
f 1333//5057 1341//5058 1342//5059 1334//5060
f 1334//5061 1342//5062 1343//5063 1335//5064
f 1335//5065 1343//5066 1344//5067 1336//5068
f 1336//5069 1344//5070 1345//5071 1337//5072
f 1337//5073 1345//5074 1346//5075 1338//5076
f 1338//5077 1346//5078 1339//5079 1331//5080
f 1339//5081 1347//5082 1348//5083 1340//5084
f 1340//5085 1348//5086 1349//5087 1341//5088
f 1341//5089 1349//5090 1350//5091 1342//5092
f 1342//5093 1350//5094 1351//5095 1343//5096
f 1343//5097 1351//5098 1352//5099 1344//5100
f 1344//5101 1352//5102 1353//5103 1345//5104
f 1345//5105 1353//5106 1354//5107 1346//5108
f 1346//5109 1354//5110 1347//5111 1339//5112
f 1347//5113 1355//5114 1356//5115 1348//5116
f 1348//5117 1356//5118 1357//5119 1349//5120
f 1349//5121 1357//5122 1358//5123 1350//5124
f 1350//5125 1358//5126 1359//5127 1351//5128
f 1351//5129 1359//5130 1360//5131 1352//5132
f 1352//5133 1360//5134 1361//5135 1353//5136
f 1353//5137 1361//5138 1362//5139 1354//5140
f 1354//5141 1362//5142 1355//5143 1347//5144
f 1355//5145 1363//5146 1364//5147 1356//5148
f 1356//5149 1364//5150 1365//5151 1357//5152
f 1357//5153 1365//5154 1366//5155 1358//5156
f 1358//5157 1366//5158 1367//5159 1359//5160
f 1359//5161 1367//5162 1368//5163 1360//5164
f 1360//5165 1368//5166 1369//5167 1361//5168
f 1361//5169 1369//5170 1370//5171 1362//5172
f 1362//5173 1370//5174 1363//5175 1355//5176
f 1363//5177 1371//5178 1372//5179 1364//5180
f 1364//5181 1372//5182 1373//5183 1365//5184
f 1365//5185 1373//5186 1374//5187 1366//5188
f 1366//5189 1374//5190 1375//5191 1367//5192
f 1367//5193 1375//5194 1376//5195 1368//5196
f 1368//5197 1376//5198 1377//5199 1369//5200
f 1369//5201 1377//5202 1378//5203 1370//5204
f 1370//5205 1378//5206 1371//5207 1363//5208
f 1371//5209 1379//5210 1380//5211 1372//5212
f 1372//5213 1380//5214 1381//5215 1373//5216
f 1373//5217 1381//5218 1382//5219 1374//5220
f 1374//5221 1382//5222 1383//5223 1375//5224
f 1375//5225 1383//5226 1384//5227 1376//5228
f 1376//5229 1384//5230 1385//5231 1377//5232
f 1377//5233 1385//5234 1386//5235 1378//5236
f 1378//5237 1386//5238 1379//5239 1371//5240
f 1379//5241 1387//5242 1388//5243 1380//5244
f 1380//5245 1388//5246 1389//5247 1381//5248
f 1381//5249 1389//5250 1390//5251 1382//5252
f 1382//5253 1390//5254 1391//5255 1383//5256
f 1383//5257 1391//5258 1392//5259 1384//5260
f 1384//5261 1392//5262 1393//5263 1385//5264
f 1385//5265 1393//5266 1394//5267 1386//5268
f 1386//5269 1394//5270 1387//5271 1379//5272
f 1387//5273 1395//5274 1396//5275 1388//5276
f 1388//5277 1396//5278 1397//5279 1389//5280
f 1389//5281 1397//5282 1398//5283 1390//5284
f 1390//5285 1398//5286 1399//5287 1391//5288
f 1391//5289 1399//5290 1400//5291 1392//5292
f 1392//5293 1400//5294 1401//5295 1393//5296
f 1393//5297 1401//5298 1402//5299 1394//5300
f 1394//5301 1402//5302 1395//5303 1387//5304
f 1395//5305 1403//5306 1404//5307 1396//5308
f 1396//5309 1404//5310 1405//5311 1397//5312
f 1397//5313 1405//5314 1406//5315 1398//5316
f 1398//5317 1406//5318 1407//5319 1399//5320
f 1399//5321 1407//5322 1408//5323 1400//5324
f 1400//5325 1408//5326 1409//5327 1401//5328
f 1401//5329 1409//5330 1410//5331 1402//5332
f 1402//5333 1410//5334 1403//5335 1395//5336
f 1403//5337 1411//5338 1412//5339 1404//5340
f 1404//5341 1412//5342 1413//5343 1405//5344
f 1405//5345 1413//5346 1414//5347 1406//5348
f 1406//5349 1414//5350 1415//5351 1407//5352
f 1407//5353 1415//5354 1416//5355 1408//5356
f 1408//5357 1416//5358 1417//5359 1409//5360
f 1409//5361 1417//5362 1418//5363 1410//5364
f 1410//5365 1418//5366 1411//5367 1403//5368
f 1411//5369 1419//5370 1420//5371 1412//5372
f 1412//5373 1420//5374 1421//5375 1413//5376
f 1413//5377 1421//5378 1422//5379 1414//5380
f 1414//5381 1422//5382 1423//5383 1415//5384
f 1415//5385 1423//5386 1424//5387 1416//5388
f 1416//5389 1424//5390 1425//5391 1417//5392
f 1417//5393 1425//5394 1426//5395 1418//5396
f 1418//5397 1426//5398 1419//5399 1411//5400
f 1419//5401 1235//5402 1236//5403 1420//5404
f 1420//5405 1236//5406 1237//5407 1421//5408
f 1421//5409 1237//5410 1238//5411 1422//5412
f 1422//5413 1238//5414 1239//5415 1423//5416
f 1423//5417 1239//5418 1240//5419 1424//5420
f 1424//5421 1240//5422 1241//5423 1425//5424
f 1425//5425 1241//5426 1242//5427 1426//5428
f 1426//5429 1242//5430 1235//5431 1419//5432
f 1427//5433 1435//5434 1436//5435 1428//5436
f 1428//5437 1436//5438 1437//5439 1429//5440
f 1429//5441 1437//5442 1438//5443 1430//5444
f 1430//5445 1438//5446 1439//5447 1431//5448
f 1431//5449 1439//5450 1440//5451 1432//5452
f 1432//5453 1440//5454 1441//5455 1433//5456
f 1433//5457 1441//5458 1442//5459 1434//5460
f 1427//5461 1434//5462 1442//5463 1435//5464
f 1435//5465 1443//5466 1444//5467 1436//5468
f 1436//5469 1444//5470 1445//5471 1437//5472
f 1437//5473 1445//5474 1446//5475 1438//5476
f 1438//5477 1446//5478 1447//5479 1439//5480
f 1439//5481 1447//5482 1448//5483 1440//5484
f 1440//5485 1448//5486 1449//5487 1441//5488
f 1441//5489 1449//5490 1450//5491 1442//5492
f 1442//5493 1450//5494 1443//5495 1435//5496
f 1443//5497 1451//5498 1452//5499 1444//5500
f 1444//5501 1452//5502 1453//5503 1445//5504
f 1445//5505 1453//5506 1454//5507 1446//5508
f 1446//5509 1454//5510 1455//5511 1447//5512
f 1447//5513 1455//5514 1456//5515 1448//5516
f 1448//5517 1456//5518 1457//5519 1449//5520
f 1449//5521 1457//5522 1458//5523 1450//5524
f 1450//5525 1458//5526 1451//5527 1443//5528
f 1451//5529 1459//5530 1460//5531 1452//5532
f 1452//5533 1460//5534 1461//5535 1453//5536
f 1453//5537 1461//5538 1462//5539 1454//5540
f 1454//5541 1462//5542 1463//5543 1455//5544
f 1455//5545 1463//5546 1464//5547 1456//5548
f 1456//5549 1464//5550 1465//5551 1457//5552
f 1457//5553 1465//5554 1466//5555 1458//5556
f 1458//5557 1466//5558 1459//5559 1451//5560
f 1459//5561 1467//5562 1468//5563 1460//5564
f 1460//5565 1468//5566 1469//5567 1461//5568
f 1461//5569 1469//5570 1470//5571 1462//5572
f 1462//5573 1470//5574 1471//5575 1463//5576
f 1463//5577 1471//5578 1472//5579 1464//5580
f 1464//5581 1472//5582 1473//5583 1465//5584
f 1465//5585 1473//5586 1474//5587 1466//5588
f 1466//5589 1474//5590 1467//5591 1459//5592
f 1467//5593 1475//5594 1476//5595 1468//5596
f 1468//5597 1476//5598 1477//5599 1469//5600
f 1469//5601 1477//5602 1478//5603 1470//5604
f 1470//5605 1478//5606 1479//5607 1471//5608
f 1471//5609 1479//5610 1480//5611 1472//5612
f 1472//5613 1480//5614 1481//5615 1473//5616
f 1473//5617 1481//5618 1482//5619 1474//5620
f 1474//5621 1482//5622 1475//5623 1467//5624
f 1475//5625 1483//5626 1484//5627 1476//5628
f 1476//5629 1484//5630 1485//5631 1477//5632
f 1477//5633 1485//5634 1486//5635 1478//5636
f 1478//5637 1486//5638 1487//5639 1479//5640
f 1479//5641 1487//5642 1488//5643 1480//5644
f 1480//5645 1488//5646 1489//5647 1481//5648
f 1481//5649 1489//5650 1490//5651 1482//5652
f 1482//5653 1490//5654 1483//5655 1475//5656
f 1483//5657 1491//5658 1492//5659 1484//5660
f 1484//5661 1492//5662 1493//5663 1485//5664
f 1485//5665 1493//5666 1494//5667 1486//5668
f 1486//5669 1494//5670 1495//5671 1487//5672
f 1487//5673 1495//5674 1496//5675 1488//5676
f 1488//5677 1496//5678 1497//5679 1489//5680
f 1489//5681 1497//5682 1498//5683 1490//5684
f 1490//5685 1498//5686 1491//5687 1483//5688
f 1491//5689 1499//5690 1500//5691 1492//5692
f 1492//5693 1500//5694 1501//5695 1493//5696
f 1493//5697 1501//5698 1502//5699 1494//5700
f 1494//5701 1502//5702 1503//5703 1495//5704
f 1495//5705 1503//5706 1504//5707 1496//5708
f 1496//5709 1504//5710 1505//5711 1497//5712
f 1497//5713 1505//5714 1506//5715 1498//5716
f 1498//5717 1506//5718 1499//5719 1491//5720
f 1499//5721 1507//5722 1508//5723 1500//5724
f 1500//5725 1508//5726 1509//5727 1501//5728
f 1501//5729 1509//5730 1510//5731 1502//5732
f 1502//5733 1510//5734 1511//5735 1503//5736
f 1503//5737 1511//5738 1512//5739 1504//5740
f 1504//5741 1512//5742 1513//5743 1505//5744
f 1505//5745 1513//5746 1514//5747 1506//5748
f 1506//5749 1514//5750 1507//5751 1499//5752
f 1507//5753 1515//5754 1516//5755 1508//5756
f 1508//5757 1516//5758 1517//5759 1509//5760
f 1509//5761 1517//5762 1518//5763 1510//5764
f 1510//5765 1518//5766 1519//5767 1511//5768
f 1511//5769 1519//5770 1520//5771 1512//5772
f 1512//5773 1520//5774 1521//5775 1513//5776
f 1513//5777 1521//5778 1522//5779 1514//5780
f 1514//5781 1522//5782 1515//5783 1507//5784
f 1515//5785 1523//5786 1524//5787 1516//5788
f 1516//5789 1524//5790 1525//5791 1517//5792
f 1517//5793 1525//5794 1526//5795 1518//5796
f 1518//5797 1526//5798 1527//5799 1519//5800
f 1519//5801 1527//5802 1528//5803 1520//5804
f 1520//5805 1528//5806 1529//5807 1521//5808
f 1521//5809 1529//5810 1530//5811 1522//5812
f 1522//5813 1530//5814 1523//5815 1515//5816
f 1523//5817 1531//5818 1532//5819 1524//5820
f 1524//5821 1532//5822 1533//5823 1525//5824
f 1525//5825 1533//5826 1534//5827 1526//5828
f 1526//5829 1534//5830 1535//5831 1527//5832
f 1527//5833 1535//5834 1536//5835 1528//5836
f 1528//5837 1536//5838 1537//5839 1529//5840
f 1529//5841 1537//5842 1538//5843 1530//5844
f 1530//5845 1538//5846 1531//5847 1523//5848
f 1531//5849 1539//5850 1540//5851 1532//5852
f 1532//5853 1540//5854 1541//5855 1533//5856
f 1533//5857 1541//5858 1542//5859 1534//5860
f 1534//5861 1542//5862 1543//5863 1535//5864
f 1535//5865 1543//5866 1544//5867 1536//5868
f 1536//5869 1544//5870 1545//5871 1537//5872
f 1537//5873 1545//5874 1546//5875 1538//5876
f 1538//5877 1546//5878 1539//5879 1531//5880
f 1539//5881 1547//5882 1548//5883 1540//5884
f 1540//5885 1548//5886 1549//5887 1541//5888
f 1541//5889 1549//5890 1550//5891 1542//5892
f 1542//5893 1550//5894 1551//5895 1543//5896
f 1543//5897 1551//5898 1552//5899 1544//5900
f 1544//5901 1552//5902 1553//5903 1545//5904
f 1545//5905 1553//5906 1554//5907 1546//5908
f 1546//5909 1554//5910 1547//5911 1539//5912
f 1547//5913 1555//5914 1556//5915 1548//5916
f 1548//5917 1556//5918 1557//5919 1549//5920
f 1549//5921 1557//5922 1558//5923 1550//5924
f 1550//5925 1558//5926 1559//5927 1551//5928
f 1551//5929 1559//5930 1560//5931 1552//5932
f 1552//5933 1560//5934 1561//5935 1553//5936
f 1553//5937 1561//5938 1562//5939 1554//5940
f 1554//5941 1562//5942 1555//5943 1547//5944
f 1555//5945 1563//5946 1564//5947 1556//5948
f 1556//5949 1564//5950 1565//5951 1557//5952
f 1557//5953 1565//5954 1566//5955 1558//5956
f 1558//5957 1566//5958 1567//5959 1559//5960
f 1559//5961 1567//5962 1568//5963 1560//5964
f 1560//5965 1568//5966 1569//5967 1561//5968
f 1561//5969 1569//5970 1570//5971 1562//5972
f 1562//5973 1570//5974 1563//5975 1555//5976
f 1563//5977 1571//5978 1572//5979 1564//5980
f 1564//5981 1572//5982 1573//5983 1565//5984
f 1565//5985 1573//5986 1574//5987 1566//5988
f 1566//5989 1574//5990 1575//5991 1567//5992
f 1567//5993 1575//5994 1576//5995 1568//5996
f 1568//5997 1576//5998 1577//5999 1569//6000
f 1569//6001 1577//6002 1578//6003 1570//6004
f 1570//6005 1578//6006 1571//6007 1563//6008
f 1571//6009 1579//6010 1580//6011 1572//6012
f 1572//6013 1580//6014 1581//6015 1573//6016
f 1573//6017 1581//6018 1582//6019 1574//6020
f 1574//6021 1582//6022 1583//6023 1575//6024
f 1575//6025 1583//6026 1584//6027 1576//6028
f 1576//6029 1584//6030 1585//6031 1577//6032
f 1577//6033 1585//6034 1586//6035 1578//6036
f 1578//6037 1586//6038 1579//6039 1571//6040
f 1579//6041 1587//6042 1588//6043 1580//6044
f 1580//6045 1588//6046 1589//6047 1581//6048
f 1581//6049 1589//6050 1590//6051 1582//6052
f 1582//6053 1590//6054 1591//6055 1583//6056
f 1583//6057 1591//6058 1592//6059 1584//6060
f 1584//6061 1592//6062 1593//6063 1585//6064
f 1585//6065 1593//6066 1594//6067 1586//6068
f 1586//6069 1594//6070 1587//6071 1579//6072
f 1587//6073 1595//6074 1596//6075 1588//6076
f 1588//6077 1596//6078 1597//6079 1589//6080
f 1589//6081 1597//6082 1598//6083 1590//6084
f 1590//6085 1598//6086 1599//6087 1591//6088
f 1591//6089 1599//6090 1600//6091 1592//6092
f 1592//6093 1600//6094 1601//6095 1593//6096
f 1593//6097 1601//6098 1602//6099 1594//6100
f 1594//6101 1602//6102 1595//6103 1587//6104
f 1595//6105 1603//6106 1604//6107 1596//6108
f 1596//6109 1604//6110 1605//6111 1597//6112
f 1597//6113 1605//6114 1606//6115 1598//6116
f 1598//6117 1606//6118 1607//6119 1599//6120
f 1599//6121 1607//6122 1608//6123 1600//6124
f 1600//6125 1608//6126 1609//6127 1601//6128
f 1601//6129 1609//6130 1610//6131 1602//6132
f 1602//6133 1610//6134 1603//6135 1595//6136
f 1603//6137 1611//6138 1612//6139 1604//6140
f 1604//6141 1612//6142 1613//6143 1605//6144
f 1605//6145 1613//6146 1614//6147 1606//6148
f 1606//6149 1614//6150 1615//6151 1607//6152
f 1607//6153 1615//6154 1616//6155 1608//6156
f 1608//6157 1616//6158 1617//6159 1609//6160
f 1609//6161 1617//6162 1618//6163 1610//6164
f 1610//6165 1618//6166 1611//6167 1603//6168
f 1611//6169 1427//6170 1428//6171 1612//6172
f 1612//6173 1428//6174 1429//6175 1613//6176
f 1613//6177 1429//6178 1430//6179 1614//6180
f 1614//6181 1430//6182 1431//6183 1615//6184
f 1615//6185 1431//6186 1432//6187 1616//6188
f 1616//6189 1432//6190 1433//6191 1617//6192
f 1617//6193 1433//6194 1434//6195 1618//6196
f 1618//6197 1434//6198 1427//6199 1611//6200
f 1623//6201 1624//6202 1633//6203 1632//6204
f 1627//6205 1619//6206 1628//6207 1636//6208
f 1622//6209 1623//6210 1632//6211 1631//6212
f 1626//6213 1627//6214 1636//6215 1635//6216
f 1621//6217 1622//6218 1631//6219 1630//6220
f 1625//6221 1626//6222 1635//6223 1634//6224
f 1620//6225 1621//6226 1630//6227 1629//6228
f 1624//6229 1625//6230 1634//6231 1633//6232
f 1619//6233 1620//6234 1629//6235 1628//6236
f 1633//6237 1634//6238 1643//6239 1642//6240
f 1628//6241 1629//6242 1638//6243 1637//6244
f 1632//6245 1633//6246 1642//6247 1641//6248
f 1636//6249 1628//6250 1637//6251 1645//6252
f 1631//6253 1632//6254 1641//6255 1640//6256
f 1635//6257 1636//6258 1645//6259 1644//6260
f 1630//6261 1631//6262 1640//6263 1639//6264
f 1634//6265 1635//6266 1644//6267 1643//6268
f 1629//6269 1630//6270 1639//6271 1638//6272
f 1624//6273 1623//6274 1650//6275 1651//6276
f 1619//6277 1627//6278 1654//6279 1646//6280
f 1623//6281 1622//6282 1649//6283 1650//6284
f 1627//6285 1626//6286 1653//6287 1654//6288
f 1622//6289 1621//6290 1648//6291 1649//6292
f 1626//6293 1625//6294 1652//6295 1653//6296
f 1621//6297 1620//6298 1647//6299 1648//6300
f 1625//6301 1624//6302 1651//6303 1652//6304
f 1620//6305 1619//6306 1646//6307 1647//6308
f 1651//6309 1650//6310 1659//6311 1660//6312
f 1646//6313 1654//6314 1663//6315 1655//6316
f 1650//6317 1649//6318 1658//6319 1659//6320
f 1654//6321 1653//6322 1662//6323 1663//6324
f 1649//6325 1648//6326 1657//6327 1658//6328
f 1653//6329 1652//6330 1661//6331 1662//6332
f 1648//6333 1647//6334 1656//6335 1657//6336
f 1652//6337 1651//6338 1660//6339 1661//6340
f 1647//6341 1646//6342 1655//6343 1656//6344
f 1644//6345 1645//6346 1672//6347 1671//6348
f 1639//6349 1640//6350 1667//6351 1666//6352
f 1643//6353 1644//6354 1671//6355 1670//6356
f 1638//6357 1639//6358 1666//6359 1665//6360
f 1642//6361 1643//6362 1670//6363 1669//6364
f 1637//6365 1638//6366 1665//6367 1664//6368
f 1641//6369 1642//6370 1669//6371 1668//6372
f 1645//6373 1637//6374 1664//6375 1672//6376
f 1640//6377 1641//6378 1668//6379 1667//6380
f 1662//6381 1661//6382 1671//6383 1672//6384
f 1661//6385 1660//6386 1670//6387 1671//6388
f 1660//6389 1659//6390 1669//6391 1670//6392
f 1659//6393 1658//6394 1668//6395 1669//6396
f 1658//6397 1657//6398 1667//6399 1668//6400
f 1657//6401 1656//6402 1666//6403 1667//6404
f 1656//6405 1655//6406 1665//6407 1666//6408
f 1655//6409 1663//6410 1664//6411 1665//6412
f 1663//6413 1662//6414 1672//6415 1664//6416
f 1680//6417 1681//6418 1690//6419 1689//6420
f 1676//6421 1677//6422 1686//6423 1685//6424
f 1681//6425 1673//6426 1682//6427 1690//6428
f 1673//6429 1674//6430 1683//6431 1682//6432
f 1677//6433 1678//6434 1687//6435 1686//6436
f 1678//6437 1679//6438 1688//6439 1687//6440
f 1674//6441 1675//6442 1684//6443 1683//6444
f 1679//6445 1680//6446 1689//6447 1688//6448
f 1675//6449 1676//6450 1685//6451 1684//6452
f 1692//6453 1693//6454 1702//6455 1701//6456
f 1696//6457 1697//6458 1706//6459 1705//6460
f 1697//6461 1698//6462 1707//6463 1706//6464
f 1693//6465 1694//6466 1703//6467 1702//6468
f 1698//6469 1699//6470 1708//6471 1707//6472
f 1694//6473 1695//6474 1704//6475 1703//6476
f 1699//6477 1691//6478 1700//6479 1708//6480
f 1695//6481 1696//6482 1705//6483 1704//6484
f 1691//6485 1692//6486 1701//6487 1700//6488
f 1710//6489 1711//6490 1720//6491 1719//6492
f 1714//6493 1715//6494 1724//6495 1723//6496
f 1715//6497 1716//6498 1725//6499 1724//6500
f 1711//6501 1712//6502 1721//6503 1720//6504
f 1716//6505 1717//6506 1726//6507 1725//6508
f 1712//6509 1713//6510 1722//6511 1721//6512
f 1717//6513 1709//6514 1718//6515 1726//6516
f 1713//6517 1714//6518 1723//6519 1722//6520
f 1709//6521 1710//6522 1719//6523 1718//6524
f 1763//6525 1764//6526 1773//6527 1772//6528
f 1767//6529 1759//6530 1768//6531 1776//6532
f 1762//6533 1763//6534 1772//6535 1771//6536
f 1766//6537 1767//6538 1776//6539 1775//6540
f 1761//6541 1762//6542 1771//6543 1770//6544
f 1765//6545 1766//6546 1775//6547 1774//6548
f 1760//6549 1761//6550 1770//6551 1769//6552
f 1764//6553 1765//6554 1774//6555 1773//6556
f 1759//6557 1760//6558 1769//6559 1768//6560
f 1773//6561 1774//6562 1783//6563 1782//6564
f 1768//6565 1769//6566 1778//6567 1777//6568
f 1772//6569 1773//6570 1782//6571 1781//6572
f 1776//6573 1768//6574 1777//6575 1785//6576
f 1771//6577 1772//6578 1781//6579 1780//6580
f 1775//6581 1776//6582 1785//6583 1784//6584
f 1770//6585 1771//6586 1780//6587 1779//6588
f 1774//6589 1775//6590 1784//6591 1783//6592
f 1769//6593 1770//6594 1779//6595 1778//6596
f 1764//6597 1763//6598 1790//6599 1791//6600
f 1759//6601 1767//6602 1794//6603 1786//6604
f 1763//6605 1762//6606 1789//6607 1790//6608
f 1767//6609 1766//6610 1793//6611 1794//6612
f 1762//6613 1761//6614 1788//6615 1789//6616
f 1766//6617 1765//6618 1792//6619 1793//6620
f 1761//6621 1760//6622 1787//6623 1788//6624
f 1765//6625 1764//6626 1791//6627 1792//6628
f 1760//6629 1759//6630 1786//6631 1787//6632
f 1791//6633 1790//6634 1799//6635 1800//6636
f 1786//6637 1794//6638 1803//6639 1795//6640
f 1790//6641 1789//6642 1798//6643 1799//6644
f 1794//6645 1793//6646 1802//6647 1803//6648
f 1789//6649 1788//6650 1797//6651 1798//6652
f 1793//6653 1792//6654 1801//6655 1802//6656
f 1788//6657 1787//6658 1796//6659 1797//6660
f 1792//6661 1791//6662 1800//6663 1801//6664
f 1787//6665 1786//6666 1795//6667 1796//6668
f 1784//6669 1785//6670 1812//6671 1811//6672
f 1779//6673 1780//6674 1807//6675 1806//6676
f 1783//6677 1784//6678 1811//6679 1810//6680
f 1778//6681 1779//6682 1806//6683 1805//6684
f 1782//6685 1783//6686 1810//6687 1809//6688
f 1777//6689 1778//6690 1805//6691 1804//6692
f 1781//6693 1782//6694 1809//6695 1808//6696
f 1785//6697 1777//6698 1804//6699 1812//6700
f 1780//6701 1781//6702 1808//6703 1807//6704
f 1802//6705 1801//6706 1811//6707 1812//6708
f 1801//6709 1800//6710 1810//6711 1811//6712
f 1800//6713 1799//6714 1809//6715 1810//6716
f 1799//6717 1798//6718 1808//6719 1809//6720
f 1798//6721 1797//6722 1807//6723 1808//6724
f 1797//6725 1796//6726 1806//6727 1807//6728
f 1796//6729 1795//6730 1805//6731 1806//6732
f 1795//6733 1803//6734 1804//6735 1805//6736
f 1803//6737 1802//6738 1812//6739 1804//6740
f 1817//6741 1826//6742 1827//6743 1818//6744
f 1813//6745 1822//6746 1823//6747 1814//6748
f 1821//6749 1830//6750 1822//6751 1813//6752
f 1818//6753 1827//6754 1828//6755 1819//6756
f 1814//6757 1823//6758 1824//6759 1815//6760
f 1819//6761 1828//6762 1829//6763 1820//6764
f 1815//6765 1824//6766 1825//6767 1816//6768
f 1820//6769 1829//6770 1830//6771 1821//6772
f 1816//6773 1825//6774 1826//6775 1817//6776
f 1837//6777 1846//6778 1847//6779 1838//6780
f 1833//6781 1842//6782 1843//6783 1834//6784
f 1838//6785 1847//6786 1848//6787 1839//6788
f 1834//6789 1843//6790 1844//6791 1835//6792
f 1831//6793 1840//6794 1841//6795 1832//6796
f 1839//6797 1848//6798 1840//6799 1831//6800
f 1835//6801 1844//6802 1845//6803 1836//6804
f 1836//6805 1845//6806 1846//6807 1837//6808
f 1832//6809 1841//6810 1842//6811 1833//6812
f 1855//6813 1856//6814 1865//6815 1864//6816
f 1851//6817 1852//6818 1861//6819 1860//6820
f 1856//6821 1857//6822 1866//6823 1865//6824
f 1852//6825 1853//6826 1862//6827 1861//6828
f 1849//6829 1850//6830 1859//6831 1858//6832
f 1857//6833 1849//6834 1858//6835 1866//6836
f 1853//6837 1854//6838 1863//6839 1862//6840
f 1854//6841 1855//6842 1864//6843 1863//6844
f 1850//6845 1851//6846 1860//6847 1859//6848
usemtl slideSG
f 1753//6849 1754//6850 1756//6851 1755//6852
f 1751//6853 1752//6854 1754//6855 1753//6856
f 1749//6857 1750//6858 1752//6859 1751//6860
f 1747//6861 1748//6862 1750//6863 1749//6864
f 1745//6865 1746//6866 1748//6867 1747//6868
f 1743//6869 1744//6870 1746//6871 1745//6872
f 1741//6873 1742//6874 1744//6875 1743//6876
f 1739//6877 1740//6878 1742//6879 1741//6880
f 1737//6881 1738//6882 1740//6883 1739//6884
f 1735//6885 1736//6886 1738//6887 1737//6888
f 1733//6889 1734//6890 1736//6891 1735//6892
usemtl railSG
f 1728//6893 1729//6894 1731//6895 1733//6896 1735//6897 1737//6898 1739//6899 1741//6900 1743//6901 1745//6902 1747//6903 1749//6904 1751//6905 1753//6906 1755//6907 1757//6908
usemtl slideSG
f 1731//6909 1732//6910 1734//6911 1733//6912
f 1755//6913 1756//6914 1758//6915 1757//6916
f 1729//6917 1730//6918 1732//6919 1731//6920
f 1757//6921 1758//6922 1727//6923 1728//6924
f 1728//6925 1727//6926 1730//6927 1729//6928
usemtl railSG
f 1730//6929 1727//6930 1758//6931 1756//6932 1754//6933 1752//6934 1750//6935 1748//6936 1746//6937 1744//6938 1742//6939 1740//6940 1738//6941 1736//6942 1734//6943 1732//6944
usemtl slideSG
f 1867//6945 1868//6946 1870//6947 1869//6948
f 1869//6949 1870//6950 1872//6951 1871//6952
f 1871//6953 1872//6954 1874//6955 1873//6956
f 1873//6957 1874//6958 1876//6959 1875//6960
f 1875//6961 1876//6962 1878//6963 1877//6964
f 1877//6965 1878//6966 1880//6967 1879//6968
f 1879//6969 1880//6970 1882//6971 1881//6972
f 1881//6973 1882//6974 1884//6975 1883//6976
f 1883//6977 1884//6978 1886//6979 1885//6980
f 1885//6981 1886//6982 1888//6983 1887//6984
f 1887//6985 1888//6986 1890//6987 1889//6988
f 1889//6989 1890//6990 1892//6991 1891//6992
f 1891//6993 1892//6994 1894//6995 1893//6996
f 1893//6997 1894//6998 1896//6999 1895//7000
usemtl railSG
f 1870//7001 1868//7002 1898//7003 1896//7004 1894//7005 1892//7006 1890//7007 1888//7008 1886//7009 1884//7010 1882//7011 1880//7012 1878//7013 1876//7014 1874//7015 1872//7016
usemtl slideSG
f 1897//7017 1898//7018 1868//7019 1867//7020
f 1895//7021 1896//7022 1898//7023 1897//7024
usemtl railSG
f 1867//7025 1869//7026 1871//7027 1873//7028 1875//7029 1877//7030 1879//7031 1881//7032 1883//7033 1885//7034 1887//7035 1889//7036 1891//7037 1893//7038 1895//7039 1897//7040
f 1899//7041 1907//7042 1908//7043 1900//7044
f 1900//7045 1908//7046 1909//7047 1901//7048
f 1901//7049 1909//7050 1910//7051 1902//7052
f 1902//7053 1910//7054 1911//7055 1903//7056
f 1903//7057 1911//7058 1912//7059 1904//7060
f 1904//7061 1912//7062 1913//7063 1905//7064
f 1905//7065 1913//7066 1914//7067 1906//7068
f 1899//7069 1906//7070 1914//7071 1907//7072
f 1907//7073 1915//7074 1916//7075 1908//7076
f 1908//7077 1916//7078 1917//7079 1909//7080
f 1909//7081 1917//7082 1918//7083 1910//7084
f 1910//7085 1918//7086 1919//7087 1911//7088
f 1911//7089 1919//7090 1920//7091 1912//7092
f 1912//7093 1920//7094 1921//7095 1913//7096
f 1913//7097 1921//7098 1922//7099 1914//7100
f 1914//7101 1922//7102 1915//7103 1907//7104
f 1915//7105 1923//7106 1924//7107 1916//7108
f 1916//7109 1924//7110 1925//7111 1917//7112
f 1917//7113 1925//7114 1926//7115 1918//7116
f 1918//7117 1926//7118 1927//7119 1919//7120
f 1919//7121 1927//7122 1928//7123 1920//7124
f 1920//7125 1928//7126 1929//7127 1921//7128
f 1921//7129 1929//7130 1930//7131 1922//7132
f 1922//7133 1930//7134 1923//7135 1915//7136
f 1923//7137 1931//7138 1932//7139 1924//7140
f 1924//7141 1932//7142 1933//7143 1925//7144
f 1925//7145 1933//7146 1934//7147 1926//7148
f 1926//7149 1934//7150 1935//7151 1927//7152
f 1927//7153 1935//7154 1936//7155 1928//7156
f 1928//7157 1936//7158 1937//7159 1929//7160
f 1929//7161 1937//7162 1938//7163 1930//7164
f 1930//7165 1938//7166 1931//7167 1923//7168
f 1931//7169 1939//7170 1940//7171 1932//7172
f 1932//7173 1940//7174 1941//7175 1933//7176
f 1933//7177 1941//7178 1942//7179 1934//7180
f 1934//7181 1942//7182 1943//7183 1935//7184
f 1935//7185 1943//7186 1944//7187 1936//7188
f 1936//7189 1944//7190 1945//7191 1937//7192
f 1937//7193 1945//7194 1946//7195 1938//7196
f 1938//7197 1946//7198 1939//7199 1931//7200
f 1939//7201 1947//7202 1948//7203 1940//7204
f 1940//7205 1948//7206 1949//7207 1941//7208
f 1941//7209 1949//7210 1950//7211 1942//7212
f 1942//7213 1950//7214 1951//7215 1943//7216
f 1943//7217 1951//7218 1952//7219 1944//7220
f 1944//7221 1952//7222 1953//7223 1945//7224
f 1945//7225 1953//7226 1954//7227 1946//7228
f 1946//7229 1954//7230 1947//7231 1939//7232
f 1947//7233 1955//7234 1956//7235 1948//7236
f 1948//7237 1956//7238 1957//7239 1949//7240
f 1949//7241 1957//7242 1958//7243 1950//7244
f 1950//7245 1958//7246 1959//7247 1951//7248
f 1951//7249 1959//7250 1960//7251 1952//7252
f 1952//7253 1960//7254 1961//7255 1953//7256
f 1953//7257 1961//7258 1962//7259 1954//7260
f 1954//7261 1962//7262 1955//7263 1947//7264
f 1955//7265 1963//7266 1964//7267 1956//7268
f 1956//7269 1964//7270 1965//7271 1957//7272
f 1957//7273 1965//7274 1966//7275 1958//7276
f 1958//7277 1966//7278 1967//7279 1959//7280
f 1959//7281 1967//7282 1968//7283 1960//7284
f 1960//7285 1968//7286 1969//7287 1961//7288
f 1961//7289 1969//7290 1970//7291 1962//7292
f 1962//7293 1970//7294 1963//7295 1955//7296
f 1963//7297 1971//7298 1972//7299 1964//7300
f 1964//7301 1972//7302 1973//7303 1965//7304
f 1965//7305 1973//7306 1974//7307 1966//7308
f 1966//7309 1974//7310 1975//7311 1967//7312
f 1967//7313 1975//7314 1976//7315 1968//7316
f 1968//7317 1976//7318 1977//7319 1969//7320
f 1969//7321 1977//7322 1978//7323 1970//7324
f 1970//7325 1978//7326 1971//7327 1963//7328
f 1971//7329 1979//7330 1980//7331 1972//7332
f 1972//7333 1980//7334 1981//7335 1973//7336
f 1973//7337 1981//7338 1982//7339 1974//7340
f 1974//7341 1982//7342 1983//7343 1975//7344
f 1975//7345 1983//7346 1984//7347 1976//7348
f 1976//7349 1984//7350 1985//7351 1977//7352
f 1977//7353 1985//7354 1986//7355 1978//7356
f 1978//7357 1986//7358 1979//7359 1971//7360
f 1979//7361 1987//7362 1988//7363 1980//7364
f 1980//7365 1988//7366 1989//7367 1981//7368
f 1981//7369 1989//7370 1990//7371 1982//7372
f 1982//7373 1990//7374 1991//7375 1983//7376
f 1983//7377 1991//7378 1992//7379 1984//7380
f 1984//7381 1992//7382 1993//7383 1985//7384
f 1985//7385 1993//7386 1994//7387 1986//7388
f 1986//7389 1994//7390 1987//7391 1979//7392
f 1987//7393 1995//7394 1996//7395 1988//7396
f 1988//7397 1996//7398 1997//7399 1989//7400
f 1989//7401 1997//7402 1998//7403 1990//7404
f 1990//7405 1998//7406 1999//7407 1991//7408
f 1991//7409 1999//7410 2000//7411 1992//7412
f 1992//7413 2000//7414 2001//7415 1993//7416
f 1993//7417 2001//7418 2002//7419 1994//7420
f 1994//7421 2002//7422 1995//7423 1987//7424
f 1995//7425 2003//7426 2004//7427 1996//7428
f 1996//7429 2004//7430 2005//7431 1997//7432
f 1997//7433 2005//7434 2006//7435 1998//7436
f 1998//7437 2006//7438 2007//7439 1999//7440
f 1999//7441 2007//7442 2008//7443 2000//7444
f 2000//7445 2008//7446 2009//7447 2001//7448
f 2001//7449 2009//7450 2010//7451 2002//7452
f 2002//7453 2010//7454 2003//7455 1995//7456
f 2003//7457 2011//7458 2012//7459 2004//7460
f 2004//7461 2012//7462 2013//7463 2005//7464
f 2005//7465 2013//7466 2014//7467 2006//7468
f 2006//7469 2014//7470 2015//7471 2007//7472
f 2007//7473 2015//7474 2016//7475 2008//7476
f 2008//7477 2016//7478 2017//7479 2009//7480
f 2009//7481 2017//7482 2018//7483 2010//7484
f 2010//7485 2018//7486 2011//7487 2003//7488
f 2011//7489 2019//7490 2020//7491 2012//7492
f 2012//7493 2020//7494 2021//7495 2013//7496
f 2013//7497 2021//7498 2022//7499 2014//7500
f 2014//7501 2022//7502 2023//7503 2015//7504
f 2015//7505 2023//7506 2024//7507 2016//7508
f 2016//7509 2024//7510 2025//7511 2017//7512
f 2017//7513 2025//7514 2026//7515 2018//7516
f 2018//7517 2026//7518 2019//7519 2011//7520
f 2019//7521 2027//7522 2028//7523 2020//7524
f 2020//7525 2028//7526 2029//7527 2021//7528
f 2021//7529 2029//7530 2030//7531 2022//7532
f 2022//7533 2030//7534 2031//7535 2023//7536
f 2023//7537 2031//7538 2032//7539 2024//7540
f 2024//7541 2032//7542 2033//7543 2025//7544
f 2025//7545 2033//7546 2034//7547 2026//7548
f 2026//7549 2034//7550 2027//7551 2019//7552
f 2027//7553 2035//7554 2036//7555 2028//7556
f 2028//7557 2036//7558 2037//7559 2029//7560
f 2029//7561 2037//7562 2038//7563 2030//7564
f 2030//7565 2038//7566 2039//7567 2031//7568
f 2031//7569 2039//7570 2040//7571 2032//7572
f 2032//7573 2040//7574 2041//7575 2033//7576
f 2033//7577 2041//7578 2042//7579 2034//7580
f 2034//7581 2042//7582 2035//7583 2027//7584
f 2035//7585 2043//7586 2044//7587 2036//7588
f 2036//7589 2044//7590 2045//7591 2037//7592
f 2037//7593 2045//7594 2046//7595 2038//7596
f 2038//7597 2046//7598 2047//7599 2039//7600
f 2039//7601 2047//7602 2048//7603 2040//7604
f 2040//7605 2048//7606 2049//7607 2041//7608
f 2041//7609 2049//7610 2050//7611 2042//7612
f 2042//7613 2050//7614 2043//7615 2035//7616
f 2043//7617 2051//7618 2052//7619 2044//7620
f 2044//7621 2052//7622 2053//7623 2045//7624
f 2045//7625 2053//7626 2054//7627 2046//7628
f 2046//7629 2054//7630 2055//7631 2047//7632
f 2047//7633 2055//7634 2056//7635 2048//7636
f 2048//7637 2056//7638 2057//7639 2049//7640
f 2049//7641 2057//7642 2058//7643 2050//7644
f 2050//7645 2058//7646 2051//7647 2043//7648
f 2051//7649 2059//7650 2060//7651 2052//7652
f 2052//7653 2060//7654 2061//7655 2053//7656
f 2053//7657 2061//7658 2062//7659 2054//7660
f 2054//7661 2062//7662 2063//7663 2055//7664
f 2055//7665 2063//7666 2064//7667 2056//7668
f 2056//7669 2064//7670 2065//7671 2057//7672
f 2057//7673 2065//7674 2066//7675 2058//7676
f 2058//7677 2066//7678 2059//7679 2051//7680
f 2059//7681 2067//7682 2068//7683 2060//7684
f 2060//7685 2068//7686 2069//7687 2061//7688
f 2061//7689 2069//7690 2070//7691 2062//7692
f 2062//7693 2070//7694 2071//7695 2063//7696
f 2063//7697 2071//7698 2072//7699 2064//7700
f 2064//7701 2072//7702 2073//7703 2065//7704
f 2065//7705 2073//7706 2074//7707 2066//7708
f 2066//7709 2074//7710 2067//7711 2059//7712
f 2067//7713 2075//7714 2076//7715 2068//7716
f 2068//7717 2076//7718 2077//7719 2069//7720
f 2069//7721 2077//7722 2078//7723 2070//7724
f 2070//7725 2078//7726 2079//7727 2071//7728
f 2071//7729 2079//7730 2080//7731 2072//7732
f 2072//7733 2080//7734 2081//7735 2073//7736
f 2073//7737 2081//7738 2082//7739 2074//7740
f 2074//7741 2082//7742 2075//7743 2067//7744
f 2075//7745 2083//7746 2084//7747 2076//7748
f 2076//7749 2084//7750 2085//7751 2077//7752
f 2077//7753 2085//7754 2086//7755 2078//7756
f 2078//7757 2086//7758 2087//7759 2079//7760
f 2079//7761 2087//7762 2088//7763 2080//7764
f 2080//7765 2088//7766 2089//7767 2081//7768
f 2081//7769 2089//7770 2090//7771 2082//7772
f 2082//7773 2090//7774 2083//7775 2075//7776
f 2083//7777 1899//7778 1900//7779 2084//7780
f 2084//7781 1900//7782 1901//7783 2085//7784
f 2085//7785 1901//7786 1902//7787 2086//7788
f 2086//7789 1902//7790 1903//7791 2087//7792
f 2087//7793 1903//7794 1904//7795 2088//7796
f 2088//7797 1904//7798 1905//7799 2089//7800
f 2089//7801 1905//7802 1906//7803 2090//7804
f 2090//7805 1906//7806 1899//7807 2083//7808
f 2091//7809 2099//7810 2100//7811 2092//7812
f 2092//7813 2100//7814 2101//7815 2093//7816
f 2093//7817 2101//7818 2102//7819 2094//7820
f 2094//7821 2102//7822 2103//7823 2095//7824
f 2095//7825 2103//7826 2104//7827 2096//7828
f 2096//7829 2104//7830 2105//7831 2097//7832
f 2097//7833 2105//7834 2106//7835 2098//7836
f 2091//7837 2098//7838 2106//7839 2099//7840
f 2099//7841 2107//7842 2108//7843 2100//7844
f 2100//7845 2108//7846 2109//7847 2101//7848
f 2101//7849 2109//7850 2110//7851 2102//7852
f 2102//7853 2110//7854 2111//7855 2103//7856
f 2103//7857 2111//7858 2112//7859 2104//7860
f 2104//7861 2112//7862 2113//7863 2105//7864
f 2105//7865 2113//7866 2114//7867 2106//7868
f 2106//7869 2114//7870 2107//7871 2099//7872
f 2107//7873 2115//7874 2116//7875 2108//7876
f 2108//7877 2116//7878 2117//7879 2109//7880
f 2109//7881 2117//7882 2118//7883 2110//7884
f 2110//7885 2118//7886 2119//7887 2111//7888
f 2111//7889 2119//7890 2120//7891 2112//7892
f 2112//7893 2120//7894 2121//7895 2113//7896
f 2113//7897 2121//7898 2122//7899 2114//7900
f 2114//7901 2122//7902 2115//7903 2107//7904
f 2115//7905 2123//7906 2124//7907 2116//7908
f 2116//7909 2124//7910 2125//7911 2117//7912
f 2117//7913 2125//7914 2126//7915 2118//7916
f 2118//7917 2126//7918 2127//7919 2119//7920
f 2119//7921 2127//7922 2128//7923 2120//7924
f 2120//7925 2128//7926 2129//7927 2121//7928
f 2121//7929 2129//7930 2130//7931 2122//7932
f 2122//7933 2130//7934 2123//7935 2115//7936
f 2123//7937 2131//7938 2132//7939 2124//7940
f 2124//7941 2132//7942 2133//7943 2125//7944
f 2125//7945 2133//7946 2134//7947 2126//7948
f 2126//7949 2134//7950 2135//7951 2127//7952
f 2127//7953 2135//7954 2136//7955 2128//7956
f 2128//7957 2136//7958 2137//7959 2129//7960
f 2129//7961 2137//7962 2138//7963 2130//7964
f 2130//7965 2138//7966 2131//7967 2123//7968
f 2131//7969 2139//7970 2140//7971 2132//7972
f 2132//7973 2140//7974 2141//7975 2133//7976
f 2133//7977 2141//7978 2142//7979 2134//7980
f 2134//7981 2142//7982 2143//7983 2135//7984
f 2135//7985 2143//7986 2144//7987 2136//7988
f 2136//7989 2144//7990 2145//7991 2137//7992
f 2137//7993 2145//7994 2146//7995 2138//7996
f 2138//7997 2146//7998 2139//7999 2131//8000
f 2139//8001 2147//8002 2148//8003 2140//8004
f 2140//8005 2148//8006 2149//8007 2141//8008
f 2141//8009 2149//8010 2150//8011 2142//8012
f 2142//8013 2150//8014 2151//8015 2143//8016
f 2143//8017 2151//8018 2152//8019 2144//8020
f 2144//8021 2152//8022 2153//8023 2145//8024
f 2145//8025 2153//8026 2154//8027 2146//8028
f 2146//8029 2154//8030 2147//8031 2139//8032
f 2147//8033 2155//8034 2156//8035 2148//8036
f 2148//8037 2156//8038 2157//8039 2149//8040
f 2149//8041 2157//8042 2158//8043 2150//8044
f 2150//8045 2158//8046 2159//8047 2151//8048
f 2151//8049 2159//8050 2160//8051 2152//8052
f 2152//8053 2160//8054 2161//8055 2153//8056
f 2153//8057 2161//8058 2162//8059 2154//8060
f 2154//8061 2162//8062 2155//8063 2147//8064
f 2155//8065 2163//8066 2164//8067 2156//8068
f 2156//8069 2164//8070 2165//8071 2157//8072
f 2157//8073 2165//8074 2166//8075 2158//8076
f 2158//8077 2166//8078 2167//8079 2159//8080
f 2159//8081 2167//8082 2168//8083 2160//8084
f 2160//8085 2168//8086 2169//8087 2161//8088
f 2161//8089 2169//8090 2170//8091 2162//8092
f 2162//8093 2170//8094 2163//8095 2155//8096
f 2163//8097 2171//8098 2172//8099 2164//8100
f 2164//8101 2172//8102 2173//8103 2165//8104
f 2165//8105 2173//8106 2174//8107 2166//8108
f 2166//8109 2174//8110 2175//8111 2167//8112
f 2167//8113 2175//8114 2176//8115 2168//8116
f 2168//8117 2176//8118 2177//8119 2169//8120
f 2169//8121 2177//8122 2178//8123 2170//8124
f 2170//8125 2178//8126 2171//8127 2163//8128
f 2171//8129 2179//8130 2180//8131 2172//8132
f 2172//8133 2180//8134 2181//8135 2173//8136
f 2173//8137 2181//8138 2182//8139 2174//8140
f 2174//8141 2182//8142 2183//8143 2175//8144
f 2175//8145 2183//8146 2184//8147 2176//8148
f 2176//8149 2184//8150 2185//8151 2177//8152
f 2177//8153 2185//8154 2186//8155 2178//8156
f 2178//8157 2186//8158 2179//8159 2171//8160
f 2179//8161 2187//8162 2188//8163 2180//8164
f 2180//8165 2188//8166 2189//8167 2181//8168
f 2181//8169 2189//8170 2190//8171 2182//8172
f 2182//8173 2190//8174 2191//8175 2183//8176
f 2183//8177 2191//8178 2192//8179 2184//8180
f 2184//8181 2192//8182 2193//8183 2185//8184
f 2185//8185 2193//8186 2194//8187 2186//8188
f 2186//8189 2194//8190 2187//8191 2179//8192
f 2187//8193 2195//8194 2196//8195 2188//8196
f 2188//8197 2196//8198 2197//8199 2189//8200
f 2189//8201 2197//8202 2198//8203 2190//8204
f 2190//8205 2198//8206 2199//8207 2191//8208
f 2191//8209 2199//8210 2200//8211 2192//8212
f 2192//8213 2200//8214 2201//8215 2193//8216
f 2193//8217 2201//8218 2202//8219 2194//8220
f 2194//8221 2202//8222 2195//8223 2187//8224
f 2195//8225 2203//8226 2204//8227 2196//8228
f 2196//8229 2204//8230 2205//8231 2197//8232
f 2197//8233 2205//8234 2206//8235 2198//8236
f 2198//8237 2206//8238 2207//8239 2199//8240
f 2199//8241 2207//8242 2208//8243 2200//8244
f 2200//8245 2208//8246 2209//8247 2201//8248
f 2201//8249 2209//8250 2210//8251 2202//8252
f 2202//8253 2210//8254 2203//8255 2195//8256
f 2203//8257 2211//8258 2212//8259 2204//8260
f 2204//8261 2212//8262 2213//8263 2205//8264
f 2205//8265 2213//8266 2214//8267 2206//8268
f 2206//8269 2214//8270 2215//8271 2207//8272
f 2207//8273 2215//8274 2216//8275 2208//8276
f 2208//8277 2216//8278 2217//8279 2209//8280
f 2209//8281 2217//8282 2218//8283 2210//8284
f 2210//8285 2218//8286 2211//8287 2203//8288
f 2211//8289 2219//8290 2220//8291 2212//8292
f 2212//8293 2220//8294 2221//8295 2213//8296
f 2213//8297 2221//8298 2222//8299 2214//8300
f 2214//8301 2222//8302 2223//8303 2215//8304
f 2215//8305 2223//8306 2224//8307 2216//8308
f 2216//8309 2224//8310 2225//8311 2217//8312
f 2217//8313 2225//8314 2226//8315 2218//8316
f 2218//8317 2226//8318 2219//8319 2211//8320
f 2219//8321 2227//8322 2228//8323 2220//8324
f 2220//8325 2228//8326 2229//8327 2221//8328
f 2221//8329 2229//8330 2230//8331 2222//8332
f 2222//8333 2230//8334 2231//8335 2223//8336
f 2223//8337 2231//8338 2232//8339 2224//8340
f 2224//8341 2232//8342 2233//8343 2225//8344
f 2225//8345 2233//8346 2234//8347 2226//8348
f 2226//8349 2234//8350 2227//8351 2219//8352
f 2227//8353 2235//8354 2236//8355 2228//8356
f 2228//8357 2236//8358 2237//8359 2229//8360
f 2229//8361 2237//8362 2238//8363 2230//8364
f 2230//8365 2238//8366 2239//8367 2231//8368
f 2231//8369 2239//8370 2240//8371 2232//8372
f 2232//8373 2240//8374 2241//8375 2233//8376
f 2233//8377 2241//8378 2242//8379 2234//8380
f 2234//8381 2242//8382 2235//8383 2227//8384
f 2235//8385 2243//8386 2244//8387 2236//8388
f 2236//8389 2244//8390 2245//8391 2237//8392
f 2237//8393 2245//8394 2246//8395 2238//8396
f 2238//8397 2246//8398 2247//8399 2239//8400
f 2239//8401 2247//8402 2248//8403 2240//8404
f 2240//8405 2248//8406 2249//8407 2241//8408
f 2241//8409 2249//8410 2250//8411 2242//8412
f 2242//8413 2250//8414 2243//8415 2235//8416
f 2243//8417 2251//8418 2252//8419 2244//8420
f 2244//8421 2252//8422 2253//8423 2245//8424
f 2245//8425 2253//8426 2254//8427 2246//8428
f 2246//8429 2254//8430 2255//8431 2247//8432
f 2247//8433 2255//8434 2256//8435 2248//8436
f 2248//8437 2256//8438 2257//8439 2249//8440
f 2249//8441 2257//8442 2258//8443 2250//8444
f 2250//8445 2258//8446 2251//8447 2243//8448
f 2251//8449 2259//8450 2260//8451 2252//8452
f 2252//8453 2260//8454 2261//8455 2253//8456
f 2253//8457 2261//8458 2262//8459 2254//8460
f 2254//8461 2262//8462 2263//8463 2255//8464
f 2255//8465 2263//8466 2264//8467 2256//8468
f 2256//8469 2264//8470 2265//8471 2257//8472
f 2257//8473 2265//8474 2266//8475 2258//8476
f 2258//8477 2266//8478 2259//8479 2251//8480
f 2259//8481 2267//8482 2268//8483 2260//8484
f 2260//8485 2268//8486 2269//8487 2261//8488
f 2261//8489 2269//8490 2270//8491 2262//8492
f 2262//8493 2270//8494 2271//8495 2263//8496
f 2263//8497 2271//8498 2272//8499 2264//8500
f 2264//8501 2272//8502 2273//8503 2265//8504
f 2265//8505 2273//8506 2274//8507 2266//8508
f 2266//8509 2274//8510 2267//8511 2259//8512
f 2267//8513 2275//8514 2276//8515 2268//8516
f 2268//8517 2276//8518 2277//8519 2269//8520
f 2269//8521 2277//8522 2278//8523 2270//8524
f 2270//8525 2278//8526 2279//8527 2271//8528
f 2271//8529 2279//8530 2280//8531 2272//8532
f 2272//8533 2280//8534 2281//8535 2273//8536
f 2273//8537 2281//8538 2282//8539 2274//8540
f 2274//8541 2282//8542 2275//8543 2267//8544
f 2275//8545 2091//8546 2092//8547 2276//8548
f 2276//8549 2092//8550 2093//8551 2277//8552
f 2277//8553 2093//8554 2094//8555 2278//8556
f 2278//8557 2094//8558 2095//8559 2279//8560
f 2279//8561 2095//8562 2096//8563 2280//8564
f 2280//8565 2096//8566 2097//8567 2281//8568
f 2281//8569 2097//8570 2098//8571 2282//8572
f 2282//8573 2098//8574 2091//8575 2275//8576
f 2283//8577 2291//8578 2292//8579 2284//8580
f 2284//8581 2292//8582 2293//8583 2285//8584
f 2285//8585 2293//8586 2294//8587 2286//8588
f 2286//8589 2294//8590 2295//8591 2287//8592
f 2287//8593 2295//8594 2296//8595 2288//8596
f 2288//8597 2296//8598 2297//8599 2289//8600
f 2289//8601 2297//8602 2298//8603 2290//8604
f 2283//8605 2290//8606 2298//8607 2291//8608
f 2291//8609 2299//8610 2300//8611 2292//8612
f 2292//8613 2300//8614 2301//8615 2293//8616
f 2293//8617 2301//8618 2302//8619 2294//8620
f 2294//8621 2302//8622 2303//8623 2295//8624
f 2295//8625 2303//8626 2304//8627 2296//8628
f 2296//8629 2304//8630 2305//8631 2297//8632
f 2297//8633 2305//8634 2306//8635 2298//8636
f 2298//8637 2306//8638 2299//8639 2291//8640
f 2299//8641 2307//8642 2308//8643 2300//8644
f 2300//8645 2308//8646 2309//8647 2301//8648
f 2301//8649 2309//8650 2310//8651 2302//8652
f 2302//8653 2310//8654 2311//8655 2303//8656
f 2303//8657 2311//8658 2312//8659 2304//8660
f 2304//8661 2312//8662 2313//8663 2305//8664
f 2305//8665 2313//8666 2314//8667 2306//8668
f 2306//8669 2314//8670 2307//8671 2299//8672
f 2307//8673 2315//8674 2316//8675 2308//8676
f 2308//8677 2316//8678 2317//8679 2309//8680
f 2309//8681 2317//8682 2318//8683 2310//8684
f 2310//8685 2318//8686 2319//8687 2311//8688
f 2311//8689 2319//8690 2320//8691 2312//8692
f 2312//8693 2320//8694 2321//8695 2313//8696
f 2313//8697 2321//8698 2322//8699 2314//8700
f 2314//8701 2322//8702 2315//8703 2307//8704
f 2315//8705 2323//8706 2324//8707 2316//8708
f 2316//8709 2324//8710 2325//8711 2317//8712
f 2317//8713 2325//8714 2326//8715 2318//8716
f 2318//8717 2326//8718 2327//8719 2319//8720
f 2319//8721 2327//8722 2328//8723 2320//8724
f 2320//8725 2328//8726 2329//8727 2321//8728
f 2321//8729 2329//8730 2330//8731 2322//8732
f 2322//8733 2330//8734 2323//8735 2315//8736
f 2323//8737 2331//8738 2332//8739 2324//8740
f 2324//8741 2332//8742 2333//8743 2325//8744
f 2325//8745 2333//8746 2334//8747 2326//8748
f 2326//8749 2334//8750 2335//8751 2327//8752
f 2327//8753 2335//8754 2336//8755 2328//8756
f 2328//8757 2336//8758 2337//8759 2329//8760
f 2329//8761 2337//8762 2338//8763 2330//8764
f 2330//8765 2338//8766 2331//8767 2323//8768
f 2331//8769 2339//8770 2340//8771 2332//8772
f 2332//8773 2340//8774 2341//8775 2333//8776
f 2333//8777 2341//8778 2342//8779 2334//8780
f 2334//8781 2342//8782 2343//8783 2335//8784
f 2335//8785 2343//8786 2344//8787 2336//8788
f 2336//8789 2344//8790 2345//8791 2337//8792
f 2337//8793 2345//8794 2346//8795 2338//8796
f 2338//8797 2346//8798 2339//8799 2331//8800
f 2339//8801 2347//8802 2348//8803 2340//8804
f 2340//8805 2348//8806 2349//8807 2341//8808
f 2341//8809 2349//8810 2350//8811 2342//8812
f 2342//8813 2350//8814 2351//8815 2343//8816
f 2343//8817 2351//8818 2352//8819 2344//8820
f 2344//8821 2352//8822 2353//8823 2345//8824
f 2345//8825 2353//8826 2354//8827 2346//8828
f 2346//8829 2354//8830 2347//8831 2339//8832
f 2347//8833 2355//8834 2356//8835 2348//8836
f 2348//8837 2356//8838 2357//8839 2349//8840
f 2349//8841 2357//8842 2358//8843 2350//8844
f 2350//8845 2358//8846 2359//8847 2351//8848
f 2351//8849 2359//8850 2360//8851 2352//8852
f 2352//8853 2360//8854 2361//8855 2353//8856
f 2353//8857 2361//8858 2362//8859 2354//8860
f 2354//8861 2362//8862 2355//8863 2347//8864
f 2355//8865 2363//8866 2364//8867 2356//8868
f 2356//8869 2364//8870 2365//8871 2357//8872
f 2357//8873 2365//8874 2366//8875 2358//8876
f 2358//8877 2366//8878 2367//8879 2359//8880
f 2359//8881 2367//8882 2368//8883 2360//8884
f 2360//8885 2368//8886 2369//8887 2361//8888
f 2361//8889 2369//8890 2370//8891 2362//8892
f 2362//8893 2370//8894 2363//8895 2355//8896
f 2363//8897 2371//8898 2372//8899 2364//8900
f 2364//8901 2372//8902 2373//8903 2365//8904
f 2365//8905 2373//8906 2374//8907 2366//8908
f 2366//8909 2374//8910 2375//8911 2367//8912
f 2367//8913 2375//8914 2376//8915 2368//8916
f 2368//8917 2376//8918 2377//8919 2369//8920
f 2369//8921 2377//8922 2378//8923 2370//8924
f 2370//8925 2378//8926 2371//8927 2363//8928
f 2371//8929 2379//8930 2380//8931 2372//8932
f 2372//8933 2380//8934 2381//8935 2373//8936
f 2373//8937 2381//8938 2382//8939 2374//8940
f 2374//8941 2382//8942 2383//8943 2375//8944
f 2375//8945 2383//8946 2384//8947 2376//8948
f 2376//8949 2384//8950 2385//8951 2377//8952
f 2377//8953 2385//8954 2386//8955 2378//8956
f 2378//8957 2386//8958 2379//8959 2371//8960
f 2379//8961 2387//8962 2388//8963 2380//8964
f 2380//8965 2388//8966 2389//8967 2381//8968
f 2381//8969 2389//8970 2390//8971 2382//8972
f 2382//8973 2390//8974 2391//8975 2383//8976
f 2383//8977 2391//8978 2392//8979 2384//8980
f 2384//8981 2392//8982 2393//8983 2385//8984
f 2385//8985 2393//8986 2394//8987 2386//8988
f 2386//8989 2394//8990 2387//8991 2379//8992
f 2387//8993 2395//8994 2396//8995 2388//8996
f 2388//8997 2396//8998 2397//8999 2389//9000
f 2389//9001 2397//9002 2398//9003 2390//9004
f 2390//9005 2398//9006 2399//9007 2391//9008
f 2391//9009 2399//9010 2400//9011 2392//9012
f 2392//9013 2400//9014 2401//9015 2393//9016
f 2393//9017 2401//9018 2402//9019 2394//9020
f 2394//9021 2402//9022 2395//9023 2387//9024
f 2395//9025 2403//9026 2404//9027 2396//9028
f 2396//9029 2404//9030 2405//9031 2397//9032
f 2397//9033 2405//9034 2406//9035 2398//9036
f 2398//9037 2406//9038 2407//9039 2399//9040
f 2399//9041 2407//9042 2408//9043 2400//9044
f 2400//9045 2408//9046 2409//9047 2401//9048
f 2401//9049 2409//9050 2410//9051 2402//9052
f 2402//9053 2410//9054 2403//9055 2395//9056
f 2403//9057 2411//9058 2412//9059 2404//9060
f 2404//9061 2412//9062 2413//9063 2405//9064
f 2405//9065 2413//9066 2414//9067 2406//9068
f 2406//9069 2414//9070 2415//9071 2407//9072
f 2407//9073 2415//9074 2416//9075 2408//9076
f 2408//9077 2416//9078 2417//9079 2409//9080
f 2409//9081 2417//9082 2418//9083 2410//9084
f 2410//9085 2418//9086 2411//9087 2403//9088
f 2411//9089 2419//9090 2420//9091 2412//9092
f 2412//9093 2420//9094 2421//9095 2413//9096
f 2413//9097 2421//9098 2422//9099 2414//9100
f 2414//9101 2422//9102 2423//9103 2415//9104
f 2415//9105 2423//9106 2424//9107 2416//9108
f 2416//9109 2424//9110 2425//9111 2417//9112
f 2417//9113 2425//9114 2426//9115 2418//9116
f 2418//9117 2426//9118 2419//9119 2411//9120
f 2419//9121 2427//9122 2428//9123 2420//9124
f 2420//9125 2428//9126 2429//9127 2421//9128
f 2421//9129 2429//9130 2430//9131 2422//9132
f 2422//9133 2430//9134 2431//9135 2423//9136
f 2423//9137 2431//9138 2432//9139 2424//9140
f 2424//9141 2432//9142 2433//9143 2425//9144
f 2425//9145 2433//9146 2434//9147 2426//9148
f 2426//9149 2434//9150 2427//9151 2419//9152
f 2427//9153 2435//9154 2436//9155 2428//9156
f 2428//9157 2436//9158 2437//9159 2429//9160
f 2429//9161 2437//9162 2438//9163 2430//9164
f 2430//9165 2438//9166 2439//9167 2431//9168
f 2431//9169 2439//9170 2440//9171 2432//9172
f 2432//9173 2440//9174 2441//9175 2433//9176
f 2433//9177 2441//9178 2442//9179 2434//9180
f 2434//9181 2442//9182 2435//9183 2427//9184
f 2435//9185 2443//9186 2444//9187 2436//9188
f 2436//9189 2444//9190 2445//9191 2437//9192
f 2437//9193 2445//9194 2446//9195 2438//9196
f 2438//9197 2446//9198 2447//9199 2439//9200
f 2439//9201 2447//9202 2448//9203 2440//9204
f 2440//9205 2448//9206 2449//9207 2441//9208
f 2441//9209 2449//9210 2450//9211 2442//9212
f 2442//9213 2450//9214 2443//9215 2435//9216
f 2443//9217 2451//9218 2452//9219 2444//9220
f 2444//9221 2452//9222 2453//9223 2445//9224
f 2445//9225 2453//9226 2454//9227 2446//9228
f 2446//9229 2454//9230 2455//9231 2447//9232
f 2447//9233 2455//9234 2456//9235 2448//9236
f 2448//9237 2456//9238 2457//9239 2449//9240
f 2449//9241 2457//9242 2458//9243 2450//9244
f 2450//9245 2458//9246 2451//9247 2443//9248
f 2451//9249 2459//9250 2460//9251 2452//9252
f 2452//9253 2460//9254 2461//9255 2453//9256
f 2453//9257 2461//9258 2462//9259 2454//9260
f 2454//9261 2462//9262 2463//9263 2455//9264
f 2455//9265 2463//9266 2464//9267 2456//9268
f 2456//9269 2464//9270 2465//9271 2457//9272
f 2457//9273 2465//9274 2466//9275 2458//9276
f 2458//9277 2466//9278 2459//9279 2451//9280
f 2459//9281 2467//9282 2468//9283 2460//9284
f 2460//9285 2468//9286 2469//9287 2461//9288
f 2461//9289 2469//9290 2470//9291 2462//9292
f 2462//9293 2470//9294 2471//9295 2463//9296
f 2463//9297 2471//9298 2472//9299 2464//9300
f 2464//9301 2472//9302 2473//9303 2465//9304
f 2465//9305 2473//9306 2474//9307 2466//9308
f 2466//9309 2474//9310 2467//9311 2459//9312
f 2467//9313 2283//9314 2284//9315 2468//9316
f 2468//9317 2284//9318 2285//9319 2469//9320
f 2469//9321 2285//9322 2286//9323 2470//9324
f 2470//9325 2286//9326 2287//9327 2471//9328
f 2471//9329 2287//9330 2288//9331 2472//9332
f 2472//9333 2288//9334 2289//9335 2473//9336
f 2473//9337 2289//9338 2290//9339 2474//9340
f 2474//9341 2290//9342 2283//9343 2467//9344
usemtl slideSG
f 2479//9345 2480//9346 2476//9347 2475//9348
f 2497//9349 2493//9350 2494//9351 2498//9352
f 2485//9353 2480//9354 2481//9355 2478//9356
f 2488//9357 2479//9358 2475//9359 2484//9360
f 2488//9361 2485//9362 2478//9363 2477//9364
f 2480//9365 2479//9366 2482//9367 2481//9368
f 2485//9369 2483//9370 2487//9371 2492//9372
f 2479//9373 2488//9374 2477//9375 2482//9376
f 2477//9377 2478//9378 2481//9379 2482//9380
f 2475//9381 2476//9382 2492//9383 2484//9384
f 2484//9385 2492//9386 2487//9387 2491//9388
f 2480//9389 2485//9390 2492//9391 2476//9392
f 2490//9393 2483//9394 2485//9395 2488//9396
f 2490//9397 2488//9398 2484//9399 2491//9400
f 2504//9401 2496//9402 2499//9403 2498//9404
f 2506//9405 2503//9406 2493//9407 2497//9408
f 2506//9409 2495//9410 2496//9411 2504//9412
f 2498//9413 2499//9414 2500//9415 2497//9416
f 2504//9417 2510//9418 2505//9419 2501//9420
f 2497//9421 2500//9422 2495//9423 2506//9424
f 2495//9425 2500//9426 2499//9427 2496//9428
f 2493//9429 2503//9430 2510//9431 2494//9432
f 2503//9433 2508//9434 2505//9435 2510//9436
f 2498//9437 2494//9438 2510//9439 2504//9440
f 2507//9441 2506//9442 2504//9443 2501//9444
f 2507//9445 2508//9446 2503//9447 2506//9448
f 2483//9449 2502//9450 2486//9451 2487//9452
f 2489//9453 2490//9454 2491//9455 2509//9456
f 2491//9457 2487//9458 2486//9459 2509//9460
f 2489//9461 2502//9462 2483//9463 2490//9464
f 2501//9465 2505//9466 2486//9467 2502//9468
f 2489//9469 2509//9470 2508//9471 2507//9472
f 2508//9473 2509//9474 2486//9475 2505//9476
f 2489//9477 2507//9478 2501//9479 2502//9480
usemtl railSG
f 2511//9481 2519//9482 2520//9483 2512//9484
f 2512//9485 2520//9486 2521//9487 2513//9488
f 2513//9489 2521//9490 2522//9491 2514//9492
f 2514//9493 2522//9494 2523//9495 2515//9496
f 2515//9497 2523//9498 2524//9499 2516//9500
f 2516//9501 2524//9502 2525//9503 2517//9504
f 2517//9505 2525//9506 2526//9507 2518//9508
f 2511//9509 2518//9510 2526//9511 2519//9512
f 2519//9513 2527//9514 2528//9515 2520//9516
f 2520//9517 2528//9518 2529//9519 2521//9520
f 2521//9521 2529//9522 2530//9523 2522//9524
f 2522//9525 2530//9526 2531//9527 2523//9528
f 2523//9529 2531//9530 2532//9531 2524//9532
f 2524//9533 2532//9534 2533//9535 2525//9536
f 2525//9537 2533//9538 2534//9539 2526//9540
f 2526//9541 2534//9542 2527//9543 2519//9544
f 2527//9545 2535//9546 2536//9547 2528//9548
f 2528//9549 2536//9550 2537//9551 2529//9552
f 2529//9553 2537//9554 2538//9555 2530//9556
f 2530//9557 2538//9558 2539//9559 2531//9560
f 2531//9561 2539//9562 2540//9563 2532//9564
f 2532//9565 2540//9566 2541//9567 2533//9568
f 2533//9569 2541//9570 2542//9571 2534//9572
f 2534//9573 2542//9574 2535//9575 2527//9576
f 2535//9577 2543//9578 2544//9579 2536//9580
f 2536//9581 2544//9582 2545//9583 2537//9584
f 2537//9585 2545//9586 2546//9587 2538//9588
f 2538//9589 2546//9590 2547//9591 2539//9592
f 2539//9593 2547//9594 2548//9595 2540//9596
f 2540//9597 2548//9598 2549//9599 2541//9600
f 2541//9601 2549//9602 2550//9603 2542//9604
f 2542//9605 2550//9606 2543//9607 2535//9608
f 2543//9609 2551//9610 2552//9611 2544//9612
f 2544//9613 2552//9614 2553//9615 2545//9616
f 2545//9617 2553//9618 2554//9619 2546//9620
f 2546//9621 2554//9622 2555//9623 2547//9624
f 2547//9625 2555//9626 2556//9627 2548//9628
f 2548//9629 2556//9630 2557//9631 2549//9632
f 2549//9633 2557//9634 2558//9635 2550//9636
f 2550//9637 2558//9638 2551//9639 2543//9640
f 2551//9641 2559//9642 2560//9643 2552//9644
f 2552//9645 2560//9646 2561//9647 2553//9648
f 2553//9649 2561//9650 2562//9651 2554//9652
f 2554//9653 2562//9654 2563//9655 2555//9656
f 2555//9657 2563//9658 2564//9659 2556//9660
f 2556//9661 2564//9662 2565//9663 2557//9664
f 2557//9665 2565//9666 2566//9667 2558//9668
f 2558//9669 2566//9670 2559//9671 2551//9672
f 2559//9673 2567//9674 2568//9675 2560//9676
f 2560//9677 2568//9678 2569//9679 2561//9680
f 2561//9681 2569//9682 2570//9683 2562//9684
f 2562//9685 2570//9686 2571//9687 2563//9688
f 2563//9689 2571//9690 2572//9691 2564//9692
f 2564//9693 2572//9694 2573//9695 2565//9696
f 2565//9697 2573//9698 2574//9699 2566//9700
f 2566//9701 2574//9702 2567//9703 2559//9704
f 2567//9705 2575//9706 2576//9707 2568//9708
f 2568//9709 2576//9710 2577//9711 2569//9712
f 2569//9713 2577//9714 2578//9715 2570//9716
f 2570//9717 2578//9718 2579//9719 2571//9720
f 2571//9721 2579//9722 2580//9723 2572//9724
f 2572//9725 2580//9726 2581//9727 2573//9728
f 2573//9729 2581//9730 2582//9731 2574//9732
f 2574//9733 2582//9734 2575//9735 2567//9736
f 2575//9737 2583//9738 2584//9739 2576//9740
f 2576//9741 2584//9742 2585//9743 2577//9744
f 2577//9745 2585//9746 2586//9747 2578//9748
f 2578//9749 2586//9750 2587//9751 2579//9752
f 2579//9753 2587//9754 2588//9755 2580//9756
f 2580//9757 2588//9758 2589//9759 2581//9760
f 2581//9761 2589//9762 2590//9763 2582//9764
f 2582//9765 2590//9766 2583//9767 2575//9768
f 2583//9769 2591//9770 2592//9771 2584//9772
f 2584//9773 2592//9774 2593//9775 2585//9776
f 2585//9777 2593//9778 2594//9779 2586//9780
f 2586//9781 2594//9782 2595//9783 2587//9784
f 2587//9785 2595//9786 2596//9787 2588//9788
f 2588//9789 2596//9790 2597//9791 2589//9792
f 2589//9793 2597//9794 2598//9795 2590//9796
f 2590//9797 2598//9798 2591//9799 2583//9800
f 2591//9801 2599//9802 2600//9803 2592//9804
f 2592//9805 2600//9806 2601//9807 2593//9808
f 2593//9809 2601//9810 2602//9811 2594//9812
f 2594//9813 2602//9814 2603//9815 2595//9816
f 2595//9817 2603//9818 2604//9819 2596//9820
f 2596//9821 2604//9822 2605//9823 2597//9824
f 2597//9825 2605//9826 2606//9827 2598//9828
f 2598//9829 2606//9830 2599//9831 2591//9832
f 2599//9833 2607//9834 2608//9835 2600//9836
f 2600//9837 2608//9838 2609//9839 2601//9840
f 2601//9841 2609//9842 2610//9843 2602//9844
f 2602//9845 2610//9846 2611//9847 2603//9848
f 2603//9849 2611//9850 2612//9851 2604//9852
f 2604//9853 2612//9854 2613//9855 2605//9856
f 2605//9857 2613//9858 2614//9859 2606//9860
f 2606//9861 2614//9862 2607//9863 2599//9864
f 2607//9865 2615//9866 2616//9867 2608//9868
f 2608//9869 2616//9870 2617//9871 2609//9872
f 2609//9873 2617//9874 2618//9875 2610//9876
f 2610//9877 2618//9878 2619//9879 2611//9880
f 2611//9881 2619//9882 2620//9883 2612//9884
f 2612//9885 2620//9886 2621//9887 2613//9888
f 2613//9889 2621//9890 2622//9891 2614//9892
f 2614//9893 2622//9894 2615//9895 2607//9896
f 2615//9897 2623//9898 2624//9899 2616//9900
f 2616//9901 2624//9902 2625//9903 2617//9904
f 2617//9905 2625//9906 2626//9907 2618//9908
f 2618//9909 2626//9910 2627//9911 2619//9912
f 2619//9913 2627//9914 2628//9915 2620//9916
f 2620//9917 2628//9918 2629//9919 2621//9920
f 2621//9921 2629//9922 2630//9923 2622//9924
f 2622//9925 2630//9926 2623//9927 2615//9928
f 2623//9929 2631//9930 2632//9931 2624//9932
f 2624//9933 2632//9934 2633//9935 2625//9936
f 2625//9937 2633//9938 2634//9939 2626//9940
f 2626//9941 2634//9942 2635//9943 2627//9944
f 2627//9945 2635//9946 2636//9947 2628//9948
f 2628//9949 2636//9950 2637//9951 2629//9952
f 2629//9953 2637//9954 2638//9955 2630//9956
f 2630//9957 2638//9958 2631//9959 2623//9960
f 2631//9961 2639//9962 2640//9963 2632//9964
f 2632//9965 2640//9966 2641//9967 2633//9968
f 2633//9969 2641//9970 2642//9971 2634//9972
f 2634//9973 2642//9974 2643//9975 2635//9976
f 2635//9977 2643//9978 2644//9979 2636//9980
f 2636//9981 2644//9982 2645//9983 2637//9984
f 2637//9985 2645//9986 2646//9987 2638//9988
f 2638//9989 2646//9990 2639//9991 2631//9992
f 2639//9993 2647//9994 2648//9995 2640//9996
f 2640//9997 2648//9998 2649//9999 2641//10000
f 2641//10001 2649//10002 2650//10003 2642//10004
f 2642//10005 2650//10006 2651//10007 2643//10008
f 2643//10009 2651//10010 2652//10011 2644//10012
f 2644//10013 2652//10014 2653//10015 2645//10016
f 2645//10017 2653//10018 2654//10019 2646//10020
f 2646//10021 2654//10022 2647//10023 2639//10024
f 2647//10025 2655//10026 2656//10027 2648//10028
f 2648//10029 2656//10030 2657//10031 2649//10032
f 2649//10033 2657//10034 2658//10035 2650//10036
f 2650//10037 2658//10038 2659//10039 2651//10040
f 2651//10041 2659//10042 2660//10043 2652//10044
f 2652//10045 2660//10046 2661//10047 2653//10048
f 2653//10049 2661//10050 2662//10051 2654//10052
f 2654//10053 2662//10054 2655//10055 2647//10056
f 2655//10057 2663//10058 2664//10059 2656//10060
f 2656//10061 2664//10062 2665//10063 2657//10064
f 2657//10065 2665//10066 2666//10067 2658//10068
f 2658//10069 2666//10070 2667//10071 2659//10072
f 2659//10073 2667//10074 2668//10075 2660//10076
f 2660//10077 2668//10078 2669//10079 2661//10080
f 2661//10081 2669//10082 2670//10083 2662//10084
f 2662//10085 2670//10086 2663//10087 2655//10088
f 2663//10089 2671//10090 2672//10091 2664//10092
f 2664//10093 2672//10094 2673//10095 2665//10096
f 2665//10097 2673//10098 2674//10099 2666//10100
f 2666//10101 2674//10102 2675//10103 2667//10104
f 2667//10105 2675//10106 2676//10107 2668//10108
f 2668//10109 2676//10110 2677//10111 2669//10112
f 2669//10113 2677//10114 2678//10115 2670//10116
f 2670//10117 2678//10118 2671//10119 2663//10120
f 2671//10121 2679//10122 2680//10123 2672//10124
f 2672//10125 2680//10126 2681//10127 2673//10128
f 2673//10129 2681//10130 2682//10131 2674//10132
f 2674//10133 2682//10134 2683//10135 2675//10136
f 2675//10137 2683//10138 2684//10139 2676//10140
f 2676//10141 2684//10142 2685//10143 2677//10144
f 2677//10145 2685//10146 2686//10147 2678//10148
f 2678//10149 2686//10150 2679//10151 2671//10152
f 2679//10153 2687//10154 2688//10155 2680//10156
f 2680//10157 2688//10158 2689//10159 2681//10160
f 2681//10161 2689//10162 2690//10163 2682//10164
f 2682//10165 2690//10166 2691//10167 2683//10168
f 2683//10169 2691//10170 2692//10171 2684//10172
f 2684//10173 2692//10174 2693//10175 2685//10176
f 2685//10177 2693//10178 2694//10179 2686//10180
f 2686//10181 2694//10182 2687//10183 2679//10184
f 2687//10185 2695//10186 2696//10187 2688//10188
f 2688//10189 2696//10190 2697//10191 2689//10192
f 2689//10193 2697//10194 2698//10195 2690//10196
f 2690//10197 2698//10198 2699//10199 2691//10200
f 2691//10201 2699//10202 2700//10203 2692//10204
f 2692//10205 2700//10206 2701//10207 2693//10208
f 2693//10209 2701//10210 2702//10211 2694//10212
f 2694//10213 2702//10214 2695//10215 2687//10216
f 2695//10217 2511//10218 2512//10219 2696//10220
f 2696//10221 2512//10222 2513//10223 2697//10224
f 2697//10225 2513//10226 2514//10227 2698//10228
f 2698//10229 2514//10230 2515//10231 2699//10232
f 2699//10233 2515//10234 2516//10235 2700//10236
f 2700//10237 2516//10238 2517//10239 2701//10240
f 2701//10241 2517//10242 2518//10243 2702//10244
f 2702//10245 2518//10246 2511//10247 2695//10248
f 2783//10249 2784//10250 2786//10251 2785//10252
f 2708//10253 2709//10254 2780//10255 2781//10256
f 2709//10257 2710//10258 2779//10259 2780//10260
f 2710//10261 2711//10262 2778//10263 2779//10264
f 2711//10265 2712//10266 2777//10267 2778//10268
f 2712//10269 2713//10270 2774//10271 2777//10272
f 2704//10273 2791//10274 2845//10275 2846//10276
f 2736//10277 2750//10278 2749//10279 2734//10280
f 2713//10281 2714//10282 2773//10283 2774//10284
f 2720//10285 2718//10286 2781//10287 2780//10288
f 2728//10289 2746//10290 2745//10291 2726//10292
f 2753//10293 2742//10294 2777//10295 2774//10296
f 2727//10297 2762//10298 2763//10299 2729//10300
f 2738//10301 2720//10302 2780//10303 2779//10304
f 2707//10305 2708//10306 2781//10307 2782//10308
f 2737//10309 2739//10310 2711//10311 2710//10312
f 2734//10313 2749//10314 2748//10315 2732//10316
f 2733//10317 2765//10318 2766//10319 2735//10320
f 2726//10321 2745//10322 2744//10323 2724//10324
f 2752//10325 2754//10326 2714//10327 2713//10328
f 2725//10329 2761//10330 2762//10331 2727//10332
f 2758//10333 2707//10334 2782//10335 2703//10336
f 2811//10337 2824//10338 2823//10339 2809//10340
f 2719//10341 2737//10342 2710//10343 2709//10344
f 2716//10345 2757//10346 2703//10347 2782//10348
f 2724//10349 2768//10350 2770//10351 2726//10352
f 2741//10353 2739//10354 2788//10355 2786//10356
f 2705//10357 2704//10358 2846//10359 2849//10360
f 2726//10361 2770//10362 2772//10363 2728//10364
f 2706//10365 2705//10366 2849//10367 2850//10368
f 2732//10369 2748//10370 2747//10371 2730//10372
f 2787//10373 2788//10374 2790//10375 2789//10376
f 2721//10377 2706//10378 2850//10379 2851//10380
f 2722//10381 2721//10382 2851//10383 2852//10384
f 2730//10385 2747//10386 2746//10387 2728//10388
f 2750//10389 2766//10390 2765//10391 2749//10392
f 2756//10393 2715//10394 2707//10395 2758//10396
f 2743//10397 2722//10398 2852//10399 2853//10400
f 2729//10401 2763//10402 2764//10403 2731//10404
f 2752//10405 2741//10406 2786//10407 2784//10408
f 2755//10409 2754//10410 2752//10411 2753//10412
f 2723//10413 2760//10414 2761//10415 2725//10416
f 2731//10417 2764//10418 2765//10419 2733//10420
f 2742//10421 2740//10422 2778//10423 2777//10424
f 2741//10425 2752//10426 2713//10427 2712//10428
f 2718//10429 2716//10430 2782//10431 2781//10432
f 2717//10433 2719//10434 2709//10435 2708//10436
f 2740//10437 2738//10438 2779//10439 2778//10440
f 2739//10441 2741//10442 2712//10443 2711//10444
f 2715//10445 2717//10446 2708//10447 2707//10448
f 2755//10449 2753//10450 2774//10451 2773//10452
f 2855//10453 2856//10454 2858//10455 2857//10456
f 2745//10457 2761//10458 2760//10459 2744//10460
f 2746//10461 2762//10462 2761//10463 2745//10464
f 2747//10465 2763//10466 2762//10467 2746//10468
f 2748//10469 2764//10470 2763//10471 2747//10472
f 2749//10473 2765//10474 2764//10475 2748//10476
f 2767//10477 2769//10478 2770//10479 2768//10480
f 2769//10481 2771//10482 2772//10483 2770//10484
f 2727//10485 2771//10486 2769//10487 2725//10488
f 2725//10489 2769//10490 2767//10491 2723//10492
f 2785//10493 2786//10494 2788//10495 2787//10496
f 2723//10497 2767//10498 2768//10499 2724//10500
f 2771//10501 2775//10502 2776//10503 2772//10504
f 2753//10505 2752//10506 2784//10507 2783//10508
f 2730//10509 2776//10510 2775//10511 2729//10512
f 2729//10513 2775//10514 2771//10515 2727//10516
f 2728//10517 2772//10518 2776//10519 2730//10520
f 2742//10521 2753//10522 2783//10523 2785//10524
f 2740//10525 2742//10526 2785//10527 2787//10528
f 2737//10529 2738//10530 2789//10531 2790//10532
f 2738//10533 2740//10534 2787//10535 2789//10536
f 2739//10537 2737//10538 2790//10539 2788//10540
f 2755//10541 2773//10542 2760//10543 2723//10544
f 2755//10545 2723//10546 2724//10547 2754//10548
f 2756//10549 2758//10550 2750//10551 2736//10552
f 2735//10553 2766//10554 2703//10555 2757//10556
f 2758//10557 2703//10558 2766//10559 2750//10560
f 2724//10561 2744//10562 2714//10563 2754//10564
f 2744//10565 2760//10566 2773//10567 2714//10568
f 2797//10569 2795//10570 2853//10571 2852//10572
f 2803//10573 2820//10574 2819//10575 2801//10576
f 2826//10577 2817//10578 2849//10579 2846//10580
f 2802//10581 2834//10582 2835//10583 2804//10584
f 2813//10585 2797//10586 2852//10587 2851//10588
f 2751//10589 2743//10590 2853//10591 2854//10592
f 2812//10593 2814//10594 2706//10595 2721//10596
f 2809//10597 2823//10598 2822//10599 2807//10600
f 2808//10601 2837//10602 2838//10603 2810//10604
f 2801//10605 2819//10606 2818//10607 2799//10608
f 2825//10609 2827//10610 2791//10611 2704//10612
f 2800//10613 2833//10614 2834//10615 2802//10616
f 2831//10617 2751//10618 2854//10619 2759//10620
f 2796//10621 2812//10622 2721//10623 2722//10624
f 2793//10625 2830//10626 2759//10627 2854//10628
f 2799//10629 2840//10630 2842//10631 2801//10632
f 2816//10633 2814//10634 2860//10635 2858//10636
f 2801//10637 2842//10638 2844//10639 2803//10640
f 2807//10641 2822//10642 2821//10643 2805//10644
f 2859//10645 2860//10646 2862//10647 2861//10648
f 2805//10649 2821//10650 2820//10651 2803//10652
f 2824//10653 2838//10654 2837//10655 2823//10656
f 2829//10657 2792//10658 2751//10659 2831//10660
f 2804//10661 2835//10662 2836//10663 2806//10664
f 2825//10665 2816//10666 2858//10667 2856//10668
f 2828//10669 2827//10670 2825//10671 2826//10672
f 2798//10673 2832//10674 2833//10675 2800//10676
f 2806//10677 2836//10678 2837//10679 2808//10680
f 2817//10681 2815//10682 2850//10683 2849//10684
f 2816//10685 2825//10686 2704//10687 2705//10688
f 2795//10689 2793//10690 2854//10691 2853//10692
f 2794//10693 2796//10694 2722//10695 2743//10696
f 2815//10697 2813//10698 2851//10699 2850//10700
f 2814//10701 2816//10702 2705//10703 2706//10704
f 2792//10705 2794//10706 2743//10707 2751//10708
f 2828//10709 2826//10710 2846//10711 2845//10712
f 2819//10713 2833//10714 2832//10715 2818//10716
f 2820//10717 2834//10718 2833//10719 2819//10720
f 2821//10721 2835//10722 2834//10723 2820//10724
f 2822//10725 2836//10726 2835//10727 2821//10728
f 2823//10729 2837//10730 2836//10731 2822//10732
f 2839//10733 2841//10734 2842//10735 2840//10736
f 2841//10737 2843//10738 2844//10739 2842//10740
f 2802//10741 2843//10742 2841//10743 2800//10744
f 2800//10745 2841//10746 2839//10747 2798//10748
f 2857//10749 2858//10750 2860//10751 2859//10752
f 2798//10753 2839//10754 2840//10755 2799//10756
f 2843//10757 2847//10758 2848//10759 2844//10760
f 2826//10761 2825//10762 2856//10763 2855//10764
f 2805//10765 2848//10766 2847//10767 2804//10768
f 2804//10769 2847//10770 2843//10771 2802//10772
f 2803//10773 2844//10774 2848//10775 2805//10776
f 2817//10777 2826//10778 2855//10779 2857//10780
f 2815//10781 2817//10782 2857//10783 2859//10784
f 2812//10785 2813//10786 2861//10787 2862//10788
f 2813//10789 2815//10790 2859//10791 2861//10792
f 2814//10793 2812//10794 2862//10795 2860//10796
f 2828//10797 2845//10798 2832//10799 2798//10800
f 2828//10801 2798//10802 2799//10803 2827//10804
f 2829//10805 2831//10806 2824//10807 2811//10808
f 2810//10809 2838//10810 2759//10811 2830//10812
f 2831//10813 2759//10814 2838//10815 2824//10816
f 2799//10817 2818//10818 2791//10819 2827//10820
f 2818//10821 2832//10822 2845//10823 2791//10824
f 2962//10825 2959//10826 2971//10827 2972//10828
f 2958//10829 2945//10830 2936//10831 2948//10832
f 2952//10833 2939//10834 2941//10835 2953//10836
f 2957//10837 2949//10838 2951//10839 2954//10840
f 2955//10841 2942//10842 2944//10843 2956//10844
f 2935//10845 2946//10846 2943//10847 2940//10848
f 2935//10849 2937//10850 2936//10851
f 2938//10852 2940//10853 2939//10854
f 2941//10855 2943//10856 2942//10857
f 2944//10858 2946//10859 2945//10860
f 2947//10861 2949//10862 2948//10863
f 2950//10864 2952//10865 2951//10866
f 2953//10867 2955//10868 2954//10869
f 2956//10870 2958//10871 2957//10872
f 2936//10873 2937//10874 2947//10875 2948//10876
f 2949//10877 2947//10878 2950//10879 2951//10880
f 2952//10881 2950//10882 2938//10883 2939//10884
f 2940//10885 2938//10886 2937//10887 2935//10888
f 2951//10889 2952//10890 2953//10891 2954//10892
f 2955//10893 2953//10894 2941//10895 2942//10896
f 2943//10897 2941//10898 2939//10899 2940//10900
f 2954//10901 2955//10902 2956//10903 2957//10904
f 2958//10905 2956//10906 2944//10907 2945//10908
f 2946//10909 2944//10910 2942//10911 2943//10912
f 2957//10913 2958//10914 2948//10915 2949//10916
f 2935//10917 2936//10918 2945//10919 2946//10920
f 2947//10921 2937//10922 2938//10923 2950//10924
f 2974//10925 2963//10926 2964//10927 2973//10928
f 2928//10929 2960//10930 2961//10931 2927//10932
f 2963//10933 2966//10934 2967//10935 2965//10936
f 2927//10937 2964//10938 2965//10939 2929//10940
f 2931//10941 2928//10942 2929//10943 2930//10944
f 2966//10945 2969//10946 2970//10947 2968//10948
f 2930//10949 2967//10950 2968//10951 2932//10952
f 2934//10953 2931//10954 2932//10955 2933//10956
f 2969//10957 2974//10958 2972//10959 2971//10960
f 2933//10961 2970//10962 2971//10963 2959//10964
f 2960//10965 2934//10966 2959//10967 2962//10968
f 2973//10969 2961//10970 2962//10971 2972//10972
f 2929//10973 2928//10974 2927//10975
f 2932//10976 2931//10977 2930//10978
f 2959//10979 2934//10980 2933//10981
f 2962//10982 2961//10983 2960//10984
f 2965//10985 2964//10986 2963//10987
f 2968//10988 2967//10989 2966//10990
f 2971//10991 2970//10992 2969//10993
f 2974//10994 2973//10995 2972//10996
f 2974//10997 2969//10998 2966//10999 2963//11000
f 2930//11001 2929//11002 2965//11003 2967//11004
f 2928//11005 2931//11006 2934//11007 2960//11008
f 2933//11009 2932//11010 2968//11011 2970//11012
f 2927//11013 2961//11014 2973//11015 2964//11016
f 3119//11017 3121//11018 3122//11019 3120//11020
f 3044//11021 3117//11022 3116//11023 3045//11024
f 3045//11025 3116//11026 3115//11027 3046//11028
f 3046//11029 3115//11030 3114//11031 3047//11032
f 3047//11033 3114//11034 3113//11035 3048//11036
f 3048//11037 3113//11038 3110//11039 3049//11040
f 3040//11041 3182//11042 3181//11043 3127//11044
f 3072//11045 3070//11046 3085//11047 3086//11048
f 3049//11049 3110//11050 3109//11051 3050//11052
f 3056//11053 3116//11054 3117//11055 3054//11056
f 3064//11057 3062//11058 3081//11059 3082//11060
f 3089//11061 3110//11062 3113//11063 3078//11064
f 3063//11065 3065//11066 3099//11067 3098//11068
f 3074//11069 3115//11070 3116//11071 3056//11072
f 3043//11073 3118//11074 3117//11075 3044//11076
f 3073//11077 3046//11078 3047//11079 3075//11080
f 3070//11081 3068//11082 3084//11083 3085//11084
f 3069//11085 3071//11086 3102//11087 3101//11088
f 3062//11089 3060//11090 3080//11091 3081//11092
f 3088//11093 3049//11094 3050//11095 3090//11096
f 3061//11097 3063//11098 3098//11099 3097//11100
f 3094//11101 3039//11102 3118//11103 3043//11104
f 3147//11105 3145//11106 3159//11107 3160//11108
f 3055//11109 3045//11110 3046//11111 3073//11112
f 3052//11113 3118//11114 3039//11115 3093//11116
f 3060//11117 3062//11118 3106//11119 3104//11120
f 3077//11121 3122//11122 3124//11123 3075//11124
f 3041//11125 3185//11126 3182//11127 3040//11128
f 3062//11129 3064//11130 3108//11131 3106//11132
f 3042//11133 3186//11134 3185//11135 3041//11136
f 3068//11137 3066//11138 3083//11139 3084//11140
f 3123//11141 3125//11142 3126//11143 3124//11144
f 3057//11145 3187//11146 3186//11147 3042//11148
f 3058//11149 3188//11150 3187//11151 3057//11152
f 3066//11153 3064//11154 3082//11155 3083//11156
f 3086//11157 3085//11158 3101//11159 3102//11160
f 3092//11161 3094//11162 3043//11163 3051//11164
f 3079//11165 3189//11166 3188//11167 3058//11168
f 3065//11169 3067//11170 3100//11171 3099//11172
f 3088//11173 3120//11174 3122//11175 3077//11176
f 3091//11177 3089//11178 3088//11179 3090//11180
f 3059//11181 3061//11182 3097//11183 3096//11184
f 3067//11185 3069//11186 3101//11187 3100//11188
f 3078//11189 3113//11190 3114//11191 3076//11192
f 3077//11193 3048//11194 3049//11195 3088//11196
f 3054//11197 3117//11198 3118//11199 3052//11200
f 3053//11201 3044//11202 3045//11203 3055//11204
f 3076//11205 3114//11206 3115//11207 3074//11208
f 3075//11209 3047//11210 3048//11211 3077//11212
f 3051//11213 3043//11214 3044//11215 3053//11216
f 3091//11217 3109//11218 3110//11219 3089//11220
f 3191//11221 3193//11222 3194//11223 3192//11224
f 3081//11225 3080//11226 3096//11227 3097//11228
f 3082//11229 3081//11230 3097//11231 3098//11232
f 3083//11233 3082//11234 3098//11235 3099//11236
f 3084//11237 3083//11238 3099//11239 3100//11240
f 3085//11241 3084//11242 3100//11243 3101//11244
f 3103//11245 3104//11246 3106//11247 3105//11248
f 3105//11249 3106//11250 3108//11251 3107//11252
f 3063//11253 3061//11254 3105//11255 3107//11256
f 3061//11257 3059//11258 3103//11259 3105//11260
f 3121//11261 3123//11262 3124//11263 3122//11264
f 3059//11265 3060//11266 3104//11267 3103//11268
f 3107//11269 3108//11270 3112//11271 3111//11272
f 3089//11273 3119//11274 3120//11275 3088//11276
f 3066//11277 3065//11278 3111//11279 3112//11280
f 3065//11281 3063//11282 3107//11283 3111//11284
f 3064//11285 3066//11286 3112//11287 3108//11288
f 3078//11289 3121//11290 3119//11291 3089//11292
f 3076//11293 3123//11294 3121//11295 3078//11296
f 3073//11297 3126//11298 3125//11299 3074//11300
f 3074//11301 3125//11302 3123//11303 3076//11304
f 3075//11305 3124//11306 3126//11307 3073//11308
f 3091//11309 3059//11310 3096//11311 3109//11312
f 3091//11313 3090//11314 3060//11315 3059//11316
f 3092//11317 3072//11318 3086//11319 3094//11320
f 3071//11321 3093//11322 3039//11323 3102//11324
f 3094//11325 3086//11326 3102//11327 3039//11328
f 3060//11329 3090//11330 3050//11331 3080//11332
f 3080//11333 3050//11334 3109//11335 3096//11336
f 3133//11337 3188//11338 3189//11339 3131//11340
f 3139//11341 3137//11342 3155//11343 3156//11344
f 3162//11345 3182//11346 3185//11347 3153//11348
f 3138//11349 3140//11350 3171//11351 3170//11352
f 3149//11353 3187//11354 3188//11355 3133//11356
f 3087//11357 3190//11358 3189//11359 3079//11360
f 3148//11361 3057//11362 3042//11363 3150//11364
f 3145//11365 3143//11366 3158//11367 3159//11368
f 3144//11369 3146//11370 3174//11371 3173//11372
f 3137//11373 3135//11374 3154//11375 3155//11376
f 3161//11377 3040//11378 3127//11379 3163//11380
f 3136//11381 3138//11382 3170//11383 3169//11384
f 3167//11385 3095//11386 3190//11387 3087//11388
f 3132//11389 3058//11390 3057//11391 3148//11392
f 3129//11393 3190//11394 3095//11395 3166//11396
f 3135//11397 3137//11398 3178//11399 3176//11400
f 3152//11401 3194//11402 3196//11403 3150//11404
f 3137//11405 3139//11406 3180//11407 3178//11408
f 3143//11409 3141//11410 3157//11411 3158//11412
f 3195//11413 3197//11414 3198//11415 3196//11416
f 3141//11417 3139//11418 3156//11419 3157//11420
f 3160//11421 3159//11422 3173//11423 3174//11424
f 3165//11425 3167//11426 3087//11427 3128//11428
f 3140//11429 3142//11430 3172//11431 3171//11432
f 3161//11433 3192//11434 3194//11435 3152//11436
f 3164//11437 3162//11438 3161//11439 3163//11440
f 3134//11441 3136//11442 3169//11443 3168//11444
f 3142//11445 3144//11446 3173//11447 3172//11448
f 3153//11449 3185//11450 3186//11451 3151//11452
f 3152//11453 3041//11454 3040//11455 3161//11456
f 3131//11457 3189//11458 3190//11459 3129//11460
f 3130//11461 3079//11462 3058//11463 3132//11464
f 3151//11465 3186//11466 3187//11467 3149//11468
f 3150//11469 3042//11470 3041//11471 3152//11472
f 3128//11473 3087//11474 3079//11475 3130//11476
f 3164//11477 3181//11478 3182//11479 3162//11480
f 3155//11481 3154//11482 3168//11483 3169//11484
f 3156//11485 3155//11486 3169//11487 3170//11488
f 3157//11489 3156//11490 3170//11491 3171//11492
f 3158//11493 3157//11494 3171//11495 3172//11496
f 3159//11497 3158//11498 3172//11499 3173//11500
f 3175//11501 3176//11502 3178//11503 3177//11504
f 3177//11505 3178//11506 3180//11507 3179//11508
f 3138//11509 3136//11510 3177//11511 3179//11512
f 3136//11513 3134//11514 3175//11515 3177//11516
f 3193//11517 3195//11518 3196//11519 3194//11520
f 3134//11521 3135//11522 3176//11523 3175//11524
f 3179//11525 3180//11526 3184//11527 3183//11528
f 3162//11529 3191//11530 3192//11531 3161//11532
f 3141//11533 3140//11534 3183//11535 3184//11536
f 3140//11537 3138//11538 3179//11539 3183//11540
f 3139//11541 3141//11542 3184//11543 3180//11544
f 3153//11545 3193//11546 3191//11547 3162//11548
f 3151//11549 3195//11550 3193//11551 3153//11552
f 3148//11553 3198//11554 3197//11555 3149//11556
f 3149//11557 3197//11558 3195//11559 3151//11560
f 3150//11561 3196//11562 3198//11563 3148//11564
f 3164//11565 3134//11566 3168//11567 3181//11568
f 3164//11569 3163//11570 3135//11571 3134//11572
f 3165//11573 3147//11574 3160//11575 3167//11576
f 3146//11577 3166//11578 3095//11579 3174//11580
f 3167//11581 3160//11582 3174//11583 3095//11584
f 3135//11585 3163//11586 3127//11587 3154//11588
f 3154//11589 3127//11590 3181//11591 3168//11592
f 3298//11593 3308//11594 3307//11595 3295//11596
f 3294//11597 3284//11598 3272//11599 3281//11600
f 3288//11601 3289//11602 3277//11603 3275//11604
f 3293//11605 3290//11606 3287//11607 3285//11608
f 3291//11609 3292//11610 3280//11611 3278//11612
f 3271//11613 3276//11614 3279//11615 3282//11616
f 3271//11617 3272//11618 3273//11619
f 3274//11620 3275//11621 3276//11622
f 3277//11623 3278//11624 3279//11625
f 3280//11626 3281//11627 3282//11628
f 3283//11629 3284//11630 3285//11631
f 3286//11632 3287//11633 3288//11634
f 3289//11635 3290//11636 3291//11637
f 3292//11638 3293//11639 3294//11640
f 3272//11641 3284//11642 3283//11643 3273//11644
f 3285//11645 3287//11646 3286//11647 3283//11648
f 3288//11649 3275//11650 3274//11651 3286//11652
f 3276//11653 3271//11654 3273//11655 3274//11656
f 3287//11657 3290//11658 3289//11659 3288//11660
f 3291//11661 3278//11662 3277//11663 3289//11664
f 3279//11665 3276//11666 3275//11667 3277//11668
f 3290//11669 3293//11670 3292//11671 3291//11672
f 3294//11673 3281//11674 3280//11675 3292//11676
f 3282//11677 3279//11678 3278//11679 3280//11680
f 3293//11681 3285//11682 3284//11683 3294//11684
f 3271//11685 3282//11686 3281//11687 3272//11688
f 3283//11689 3286//11690 3274//11691 3273//11692
f 3310//11693 3309//11694 3300//11695 3299//11696
f 3264//11697 3263//11698 3297//11699 3296//11700
f 3299//11701 3301//11702 3303//11703 3302//11704
f 3263//11705 3265//11706 3301//11707 3300//11708
f 3267//11709 3266//11710 3265//11711 3264//11712
f 3302//11713 3304//11714 3306//11715 3305//11716
f 3266//11717 3268//11718 3304//11719 3303//11720
f 3270//11721 3269//11722 3268//11723 3267//11724
f 3305//11725 3307//11726 3308//11727 3310//11728
f 3269//11729 3295//11730 3307//11731 3306//11732
f 3296//11733 3298//11734 3295//11735 3270//11736
f 3309//11737 3308//11738 3298//11739 3297//11740
f 3265//11741 3263//11742 3264//11743
f 3268//11744 3266//11745 3267//11746
f 3295//11747 3269//11748 3270//11749
f 3298//11750 3296//11751 3297//11752
f 3301//11753 3299//11754 3300//11755
f 3304//11756 3302//11757 3303//11758
f 3307//11759 3305//11760 3306//11761
f 3310//11762 3308//11763 3309//11764
f 3310//11765 3299//11766 3302//11767 3305//11768
f 3266//11769 3303//11770 3301//11771 3265//11772
f 3264//11773 3296//11774 3270//11775 3267//11776
f 3269//11777 3306//11778 3304//11779 3268//11780
f 3263//11781 3300//11782 3309//11783 3297//11784
f 2718//11785 2717//11786 2715//11787 2716//11788
f 2716//11789 2715//11790 2756//11791 2757//11792
f 2720//11793 2719//11794 2717//11795 2718//11796
f 2738//11797 2737//11798 2719//11799 2720//11800
f 2729//11801 2731//11802 2732//11803 2730//11804
f 2731//11805 2733//11806 2734//11807 2732//11808
f 2733//11809 2735//11810 2736//11811 2734//11812
f 2735//11813 2757//11814 2756//11815 2736//11816
f 2795//11817 2794//11818 2792//11819 2793//11820
f 2793//11821 2792//11822 2829//11823 2830//11824
f 2797//11825 2796//11826 2794//11827 2795//11828
f 2813//11829 2812//11830 2796//11831 2797//11832
f 2804//11833 2806//11834 2807//11835 2805//11836
f 2806//11837 2808//11838 2809//11839 2807//11840
f 2808//11841 2810//11842 2811//11843 2809//11844
f 2810//11845 2830//11846 2829//11847 2811//11848
f 3020//11849 2922//11850 2924//11851 3021//11852
f 2975//11853 2976//11854 2868//11855 2866//11856
f 3019//11857 2920//11858 2922//11859 3020//11860
f 2976//11861 2977//11862 2870//11863 2868//11864
f 3018//11865 2918//11866 2920//11867 3019//11868
f 2977//11869 2978//11870 2872//11871 2870//11872
f 3007//11873 2916//11874 2918//11875 3018//11876
f 2978//11877 2979//11878 2874//11879 2872//11880
f 3010//11881 2914//11882 2916//11883 3007//11884
f 2979//11885 2980//11886 2876//11887 2874//11888
f 3012//11889 2912//11890 2914//11891 3010//11892
f 2980//11893 2981//11894 2878//11895 2876//11896
f 3014//11897 2910//11898 2912//11899 3012//11900
f 2981//11901 2982//11902 2880//11903 2878//11904
f 3016//11905 2908//11906 2910//11907 3014//11908
f 2982//11909 2983//11910 2882//11911 2880//11912
f 3008//11913 2906//11914 2908//11915 3016//11916
f 2983//11917 2984//11918 2884//11919 2882//11920
f 3009//11921 2904//11922 2906//11923 3008//11924
f 2984//11925 2985//11926 2886//11927 2884//11928
f 3011//11929 2902//11930 2904//11931 3009//11932
f 2985//11933 2986//11934 2888//11935 2886//11936
f 3013//11937 2900//11938 2902//11939 3011//11940
f 2986//11941 2987//11942 2890//11943 2888//11944
f 3021//11945 2924//11946 2926//11947 3022//11948
f 3015//11949 2898//11950 2900//11951 3013//11952
f 2987//11953 2988//11954 2892//11955 2890//11956
f 3022//11957 2926//11958 2863//11959 3017//11960
f 3017//11961 2863//11962 2898//11963 3015//11964
f 2988//11965 2989//11966 2894//11967 2892//11968
f 2868//11969 2870//11970 2872//11971 2874//11972 2876//11973 2878//11974 2880//11975 2882//11976 2884//11977 2886//11978 2888//11979 2890//11980 2892//11981 2894//11982 2896//11983 2866//11984
f 2990//11985 2975//11986 2866//11987 2896//11988
f 2989//11989 2990//11990 2896//11991 2894//11992
f 2898//11993 2863//11994 2926//11995 2924//11996 2922//11997 2920//11998 2918//11999 2916//12000 2914//12001 2912//12002 2910//12003 2908//12004 2906//12005 2904//12006 2902//12007 2900//12008
f 3006//12009 2991//12010 2976//12011 2975//12012
f 2991//12013 2992//12014 2977//12015 2976//12016
f 2992//12017 2993//12018 2978//12019 2977//12020
f 2993//12021 2994//12022 2979//12023 2978//12024
f 2994//12025 2995//12026 2980//12027 2979//12028
f 2995//12029 2996//12030 2981//12031 2980//12032
f 2996//12033 2997//12034 2982//12035 2981//12036
f 2997//12037 2998//12038 2983//12039 2982//12040
f 2998//12041 2999//12042 2984//12043 2983//12044
f 2999//12045 3000//12046 2985//12047 2984//12048
f 3000//12049 3001//12050 2986//12051 2985//12052
f 3001//12053 3002//12054 2987//12055 2986//12056
f 3002//12057 3003//12058 2988//12059 2987//12060
f 3003//12061 3004//12062 2989//12063 2988//12064
f 3005//12065 3006//12066 2975//12067 2990//12068
f 3004//12069 3005//12070 2990//12071 2989//12072
f 2865//12073 2867//12074 2991//12075 3006//12076
f 2867//12077 2869//12078 2992//12079 2991//12080
f 2869//12081 2871//12082 2993//12083 2992//12084
f 2871//12085 2873//12086 2994//12087 2993//12088
f 2873//12089 2875//12090 2995//12091 2994//12092
f 2875//12093 2877//12094 2996//12095 2995//12096
f 2877//12097 2879//12098 2997//12099 2996//12100
f 2879//12101 2881//12102 2998//12103 2997//12104
f 2881//12105 2883//12106 2999//12107 2998//12108
f 2883//12109 2885//12110 3000//12111 2999//12112
f 2885//12113 2887//12114 3001//12115 3000//12116
f 2887//12117 2889//12118 3002//12119 3001//12120
f 2889//12121 2891//12122 3003//12123 3002//12124
f 2891//12125 2893//12126 3004//12127 3003//12128
f 2895//12129 2865//12130 3006//12131 3005//12132
f 2893//12133 2895//12134 3005//12135 3004//12136
f 3035//12137 3020//12138 3021//12139 3036//12140
f 3034//12141 3019//12142 3020//12143 3035//12144
f 3033//12145 3018//12146 3019//12147 3034//12148
f 3023//12149 3007//12150 3018//12151 3033//12152
f 3026//12153 3010//12154 3007//12155 3023//12156
f 3028//12157 3012//12158 3010//12159 3026//12160
f 3030//12161 3014//12162 3012//12163 3028//12164
f 3032//12165 3016//12166 3014//12167 3030//12168
f 3024//12169 3008//12170 3016//12171 3032//12172
f 3025//12173 3009//12174 3008//12175 3024//12176
f 3027//12177 3011//12178 3009//12179 3025//12180
f 3029//12181 3013//12182 3011//12183 3027//12184
f 3036//12185 3021//12186 3022//12187 3037//12188
f 3031//12189 3015//12190 3013//12191 3029//12192
f 3037//12193 3022//12194 3017//12195 3038//12196
f 3038//12197 3017//12198 3015//12199 3031//12200
f 2921//12201 3035//12202 3036//12203 2923//12204
f 2919//12205 3034//12206 3035//12207 2921//12208
f 2917//12209 3033//12210 3034//12211 2919//12212
f 2915//12213 3023//12214 3033//12215 2917//12216
f 2913//12217 3026//12218 3023//12219 2915//12220
f 2911//12221 3028//12222 3026//12223 2913//12224
f 2909//12225 3030//12226 3028//12227 2911//12228
f 2907//12229 3032//12230 3030//12231 2909//12232
f 2905//12233 3024//12234 3032//12235 2907//12236
f 2903//12237 3025//12238 3024//12239 2905//12240
f 2901//12241 3027//12242 3025//12243 2903//12244
f 2899//12245 3029//12246 3027//12247 2901//12248
f 2923//12249 3036//12250 3037//12251 2925//12252
f 2897//12253 3031//12254 3029//12255 2899//12256
f 2925//12257 3037//12258 3038//12259 2864//12260
f 2864//12261 3038//12262 3031//12263 2897//12264
f 3054//12265 3052//12266 3051//12267 3053//12268
f 3052//12269 3093//12270 3092//12271 3051//12272
f 3056//12273 3054//12274 3053//12275 3055//12276
f 3074//12277 3056//12278 3055//12279 3073//12280
f 3065//12281 3066//12282 3068//12283 3067//12284
f 3067//12285 3068//12286 3070//12287 3069//12288
f 3069//12289 3070//12290 3072//12291 3071//12292
f 3071//12293 3072//12294 3092//12295 3093//12296
f 3131//12297 3129//12298 3128//12299 3130//12300
f 3129//12301 3166//12302 3165//12303 3128//12304
f 3133//12305 3131//12306 3130//12307 3132//12308
f 3149//12309 3133//12310 3132//12311 3148//12312
f 3140//12313 3141//12314 3143//12315 3142//12316
f 3142//12317 3143//12318 3145//12319 3144//12320
f 3144//12321 3145//12322 3147//12323 3146//12324
f 3146//12325 3147//12326 3165//12327 3166//12328
f 3356//12329 3357//12330 3260//12331 3258//12332
f 3311//12333 3202//12334 3204//12335 3312//12336
f 3355//12337 3356//12338 3258//12339 3256//12340
f 3312//12341 3204//12342 3206//12343 3313//12344
f 3354//12345 3355//12346 3256//12347 3254//12348
f 3313//12349 3206//12350 3208//12351 3314//12352
f 3343//12353 3354//12354 3254//12355 3252//12356
f 3314//12357 3208//12358 3210//12359 3315//12360
f 3346//12361 3343//12362 3252//12363 3250//12364
f 3315//12365 3210//12366 3212//12367 3316//12368
f 3348//12369 3346//12370 3250//12371 3248//12372
f 3316//12373 3212//12374 3214//12375 3317//12376
f 3350//12377 3348//12378 3248//12379 3246//12380
f 3317//12381 3214//12382 3216//12383 3318//12384
f 3352//12385 3350//12386 3246//12387 3244//12388
f 3318//12389 3216//12390 3218//12391 3319//12392
f 3344//12393 3352//12394 3244//12395 3242//12396
f 3319//12397 3218//12398 3220//12399 3320//12400
f 3345//12401 3344//12402 3242//12403 3240//12404
f 3320//12405 3220//12406 3222//12407 3321//12408
f 3347//12409 3345//12410 3240//12411 3238//12412
f 3321//12413 3222//12414 3224//12415 3322//12416
f 3349//12417 3347//12418 3238//12419 3236//12420
f 3322//12421 3224//12422 3226//12423 3323//12424
f 3357//12425 3358//12426 3262//12427 3260//12428
f 3351//12429 3349//12430 3236//12431 3234//12432
f 3323//12433 3226//12434 3228//12435 3324//12436
f 3358//12437 3353//12438 3199//12439 3262//12440
f 3353//12441 3351//12442 3234//12443 3199//12444
f 3324//12445 3228//12446 3230//12447 3325//12448
f 3204//12449 3202//12450 3232//12451 3230//12452 3228//12453 3226//12454 3224//12455 3222//12456 3220//12457 3218//12458 3216//12459 3214//12460 3212//12461 3210//12462 3208//12463 3206//12464
f 3326//12465 3232//12466 3202//12467 3311//12468
f 3325//12469 3230//12470 3232//12471 3326//12472
f 3234//12473 3236//12474 3238//12475 3240//12476 3242//12477 3244//12478 3246//12479 3248//12480 3250//12481 3252//12482 3254//12483 3256//12484 3258//12485 3260//12486 3262//12487 3199//12488
f 3342//12489 3311//12490 3312//12491 3327//12492
f 3327//12493 3312//12494 3313//12495 3328//12496
f 3328//12497 3313//12498 3314//12499 3329//12500
f 3329//12501 3314//12502 3315//12503 3330//12504
f 3330//12505 3315//12506 3316//12507 3331//12508
f 3331//12509 3316//12510 3317//12511 3332//12512
f 3332//12513 3317//12514 3318//12515 3333//12516
f 3333//12517 3318//12518 3319//12519 3334//12520
f 3334//12521 3319//12522 3320//12523 3335//12524
f 3335//12525 3320//12526 3321//12527 3336//12528
f 3336//12529 3321//12530 3322//12531 3337//12532
f 3337//12533 3322//12534 3323//12535 3338//12536
f 3338//12537 3323//12538 3324//12539 3339//12540
f 3339//12541 3324//12542 3325//12543 3340//12544
f 3341//12545 3326//12546 3311//12547 3342//12548
f 3340//12549 3325//12550 3326//12551 3341//12552
f 3201//12553 3342//12554 3327//12555 3203//12556
f 3203//12557 3327//12558 3328//12559 3205//12560
f 3205//12561 3328//12562 3329//12563 3207//12564
f 3207//12565 3329//12566 3330//12567 3209//12568
f 3209//12569 3330//12570 3331//12571 3211//12572
f 3211//12573 3331//12574 3332//12575 3213//12576
f 3213//12577 3332//12578 3333//12579 3215//12580
f 3215//12581 3333//12582 3334//12583 3217//12584
f 3217//12585 3334//12586 3335//12587 3219//12588
f 3219//12589 3335//12590 3336//12591 3221//12592
f 3221//12593 3336//12594 3337//12595 3223//12596
f 3223//12597 3337//12598 3338//12599 3225//12600
f 3225//12601 3338//12602 3339//12603 3227//12604
f 3227//12605 3339//12606 3340//12607 3229//12608
f 3231//12609 3341//12610 3342//12611 3201//12612
f 3229//12613 3340//12614 3341//12615 3231//12616
f 3371//12617 3372//12618 3357//12619 3356//12620
f 3370//12621 3371//12622 3356//12623 3355//12624
f 3369//12625 3370//12626 3355//12627 3354//12628
f 3359//12629 3369//12630 3354//12631 3343//12632
f 3362//12633 3359//12634 3343//12635 3346//12636
f 3364//12637 3362//12638 3346//12639 3348//12640
f 3366//12641 3364//12642 3348//12643 3350//12644
f 3368//12645 3366//12646 3350//12647 3352//12648
f 3360//12649 3368//12650 3352//12651 3344//12652
f 3361//12653 3360//12654 3344//12655 3345//12656
f 3363//12657 3361//12658 3345//12659 3347//12660
f 3365//12661 3363//12662 3347//12663 3349//12664
f 3372//12665 3373//12666 3358//12667 3357//12668
f 3367//12669 3365//12670 3349//12671 3351//12672
f 3373//12673 3374//12674 3353//12675 3358//12676
f 3374//12677 3367//12678 3351//12679 3353//12680
f 3257//12681 3259//12682 3372//12683 3371//12684
f 3255//12685 3257//12686 3371//12687 3370//12688
f 3253//12689 3255//12690 3370//12691 3369//12692
f 3251//12693 3253//12694 3369//12695 3359//12696
f 3249//12697 3251//12698 3359//12699 3362//12700
f 3247//12701 3249//12702 3362//12703 3364//12704
f 3245//12705 3247//12706 3364//12707 3366//12708
f 3243//12709 3245//12710 3366//12711 3368//12712
f 3241//12713 3243//12714 3368//12715 3360//12716
f 3239//12717 3241//12718 3360//12719 3361//12720
f 3237//12721 3239//12722 3361//12723 3363//12724
f 3235//12725 3237//12726 3363//12727 3365//12728
f 3259//12729 3261//12730 3373//12731 3372//12732
f 3233//12733 3235//12734 3365//12735 3367//12736
f 3261//12737 3200//12738 3374//12739 3373//12740
f 3200//12741 3233//12742 3367//12743 3374//12744
f 3407//12745 3376//12746 3378//12747 3408//12748
f 3408//12749 3378//12750 3380//12751 3409//12752
f 3409//12753 3380//12754 3382//12755 3410//12756
f 3410//12757 3382//12758 3384//12759 3411//12760
f 3411//12761 3384//12762 3386//12763 3412//12764
f 3412//12765 3386//12766 3388//12767 3413//12768
f 3413//12769 3388//12770 3390//12771 3414//12772
f 3414//12773 3390//12774 3392//12775 3415//12776
f 3415//12777 3392//12778 3394//12779 3416//12780
f 3416//12781 3394//12782 3396//12783 3417//12784
f 3417//12785 3396//12786 3398//12787 3418//12788
f 3418//12789 3398//12790 3400//12791 3419//12792
f 3419//12793 3400//12794 3402//12795 3420//12796
f 3420//12797 3402//12798 3404//12799 3421//12800
f 3378//12801 3376//12802 3406//12803 3404//12804 3402//12805 3400//12806 3398//12807 3396//12808 3394//12809 3392//12810 3390//12811 3388//12812 3386//12813 3384//12814 3382//12815 3380//12816
f 3422//12817 3406//12818 3376//12819 3407//12820
f 3421//12821 3404//12822 3406//12823 3422//12824
f 3375//12825 3377//12826 3379//12827 3381//12828 3383//12829 3385//12830 3387//12831 3389//12832 3391//12833 3393//12834 3395//12835 3397//12836 3399//12837 3401//12838 3403//12839 3405//12840
f 3438//12841 3407//12842 3408//12843 3423//12844
f 3423//12845 3408//12846 3409//12847 3424//12848
f 3424//12849 3409//12850 3410//12851 3425//12852
f 3425//12853 3410//12854 3411//12855 3426//12856
f 3426//12857 3411//12858 3412//12859 3427//12860
f 3427//12861 3412//12862 3413//12863 3428//12864
f 3428//12865 3413//12866 3414//12867 3429//12868
f 3429//12869 3414//12870 3415//12871 3430//12872
f 3430//12873 3415//12874 3416//12875 3431//12876
f 3431//12877 3416//12878 3417//12879 3432//12880
f 3432//12881 3417//12882 3418//12883 3433//12884
f 3433//12885 3418//12886 3419//12887 3434//12888
f 3434//12889 3419//12890 3420//12891 3435//12892
f 3435//12893 3420//12894 3421//12895 3436//12896
f 3437//12897 3422//12898 3407//12899 3438//12900
f 3436//12901 3421//12902 3422//12903 3437//12904
f 3375//12905 3438//12906 3423//12907 3377//12908
f 3377//12909 3423//12910 3424//12911 3379//12912
f 3379//12913 3424//12914 3425//12915 3381//12916
f 3381//12917 3425//12918 3426//12919 3383//12920
f 3383//12921 3426//12922 3427//12923 3385//12924
f 3385//12925 3427//12926 3428//12927 3387//12928
f 3387//12929 3428//12930 3429//12931 3389//12932
f 3389//12933 3429//12934 3430//12935 3391//12936
f 3391//12937 3430//12938 3431//12939 3393//12940
f 3393//12941 3431//12942 3432//12943 3395//12944
f 3395//12945 3432//12946 3433//12947 3397//12948
f 3397//12949 3433//12950 3434//12951 3399//12952
f 3399//12953 3434//12954 3435//12955 3401//12956
f 3401//12957 3435//12958 3436//12959 3403//12960
f 3405//12961 3437//12962 3438//12963 3375//12964
f 3403//12965 3436//12966 3437//12967 3405//12968
f 3471//12969 3472//12970 3442//12971 3440//12972
f 3472//12973 3473//12974 3444//12975 3442//12976
f 3473//12977 3474//12978 3446//12979 3444//12980
f 3474//12981 3475//12982 3448//12983 3446//12984
f 3475//12985 3476//12986 3450//12987 3448//12988
f 3476//12989 3477//12990 3452//12991 3450//12992
f 3477//12993 3478//12994 3454//12995 3452//12996
f 3478//12997 3479//12998 3456//12999 3454//13000
f 3479//13001 3480//13002 3458//13003 3456//13004
f 3480//13005 3481//13006 3460//13007 3458//13008
f 3481//13009 3482//13010 3462//13011 3460//13012
f 3482//13013 3483//13014 3464//13015 3462//13016
f 3483//13017 3484//13018 3466//13019 3464//13020
f 3484//13021 3485//13022 3468//13023 3466//13024
f 3442//13025 3444//13026 3446//13027 3448//13028 3450//13029 3452//13030 3454//13031 3456//13032 3458//13033 3460//13034 3462//13035 3464//13036 3466//13037 3468//13038 3470//13039 3440//13040
f 3486//13041 3471//13042 3440//13043 3470//13044
f 3485//13045 3486//13046 3470//13047 3468//13048
f 3439//13049 3469//13050 3467//13051 3465//13052 3463//13053 3461//13054 3459//13055 3457//13056 3455//13057 3453//13058 3451//13059 3449//13060 3447//13061 3445//13062 3443//13063 3441//13064
f 3502//13065 3487//13066 3472//13067 3471//13068
f 3487//13069 3488//13070 3473//13071 3472//13072
f 3488//13073 3489//13074 3474//13075 3473//13076
f 3489//13077 3490//13078 3475//13079 3474//13080
f 3490//13081 3491//13082 3476//13083 3475//13084
f 3491//13085 3492//13086 3477//13087 3476//13088
f 3492//13089 3493//13090 3478//13091 3477//13092
f 3493//13093 3494//13094 3479//13095 3478//13096
f 3494//13097 3495//13098 3480//13099 3479//13100
f 3495//13101 3496//13102 3481//13103 3480//13104
f 3496//13105 3497//13106 3482//13107 3481//13108
f 3497//13109 3498//13110 3483//13111 3482//13112
f 3498//13113 3499//13114 3484//13115 3483//13116
f 3499//13117 3500//13118 3485//13119 3484//13120
f 3501//13121 3502//13122 3471//13123 3486//13124
f 3500//13125 3501//13126 3486//13127 3485//13128
f 3439//13129 3441//13130 3487//13131 3502//13132
f 3441//13133 3443//13134 3488//13135 3487//13136
f 3443//13137 3445//13138 3489//13139 3488//13140
f 3445//13141 3447//13142 3490//13143 3489//13144
f 3447//13145 3449//13146 3491//13147 3490//13148
f 3449//13149 3451//13150 3492//13151 3491//13152
f 3451//13153 3453//13154 3493//13155 3492//13156
f 3453//13157 3455//13158 3494//13159 3493//13160
f 3455//13161 3457//13162 3495//13163 3494//13164
f 3457//13165 3459//13166 3496//13167 3495//13168
f 3459//13169 3461//13170 3497//13171 3496//13172
f 3461//13173 3463//13174 3498//13175 3497//13176
f 3463//13177 3465//13178 3499//13179 3498//13180
f 3465//13181 3467//13182 3500//13183 3499//13184
f 3469//13185 3439//13186 3502//13187 3501//13188
f 3467//13189 3469//13190 3501//13191 3500//13192
f 3551//13193 3504//13194 3506//13195 3552//13196
f 3552//13197 3506//13198 3508//13199 3553//13200
f 3553//13201 3508//13202 3510//13203 3554//13204
f 3554//13205 3510//13206 3512//13207 3555//13208
f 3555//13209 3512//13210 3514//13211 3556//13212
f 3556//13213 3514//13214 3516//13215 3557//13216
f 3557//13217 3516//13218 3518//13219 3558//13220
f 3558//13221 3518//13222 3520//13223 3559//13224
f 3559//13225 3520//13226 3522//13227 3560//13228
f 3560//13229 3522//13230 3524//13231 3561//13232
f 3561//13233 3524//13234 3526//13235 3562//13236
f 3562//13237 3526//13238 3528//13239 3563//13240
f 3563//13241 3528//13242 3530//13243 3564//13244
f 3564//13245 3530//13246 3532//13247 3565//13248
f 3506//13249 3504//13250 3534//13251 3532//13252 3530//13253 3528//13254 3526//13255 3524//13256 3522//13257 3520//13258 3518//13259 3516//13260 3514//13261 3512//13262 3510//13263 3508//13264
f 3566//13265 3534//13266 3504//13267 3551//13268
f 3565//13269 3532//13270 3534//13271 3566//13272
f 3503//13273 3505//13274 3507//13275 3509//13276 3511//13277 3513//13278 3515//13279 3517//13280 3519//13281 3521//13282 3523//13283 3525//13284 3527//13285 3529//13286 3531//13287 3533//13288
f 3503//13289 3535//13290 3536//13291 3505//13292
f 3505//13293 3536//13294 3537//13295 3507//13296
f 3507//13297 3537//13298 3538//13299 3509//13300
f 3509//13301 3538//13302 3539//13303 3511//13304
f 3511//13305 3539//13306 3540//13307 3513//13308
f 3513//13309 3540//13310 3541//13311 3515//13312
f 3515//13313 3541//13314 3542//13315 3517//13316
f 3517//13317 3542//13318 3543//13319 3519//13320
f 3519//13321 3543//13322 3544//13323 3521//13324
f 3521//13325 3544//13326 3545//13327 3523//13328
f 3523//13329 3545//13330 3546//13331 3525//13332
f 3525//13333 3546//13334 3547//13335 3527//13336
f 3527//13337 3547//13338 3548//13339 3529//13340
f 3529//13341 3548//13342 3549//13343 3531//13344
f 3533//13345 3550//13346 3535//13347 3503//13348
f 3531//13349 3549//13350 3550//13351 3533//13352
f 3535//13353 3551//13354 3552//13355 3536//13356
f 3536//13357 3552//13358 3553//13359 3537//13360
f 3537//13361 3553//13362 3554//13363 3538//13364
f 3538//13365 3554//13366 3555//13367 3539//13368
f 3539//13369 3555//13370 3556//13371 3540//13372
f 3540//13373 3556//13374 3557//13375 3541//13376
f 3541//13377 3557//13378 3558//13379 3542//13380
f 3542//13381 3558//13382 3559//13383 3543//13384
f 3543//13385 3559//13386 3560//13387 3544//13388
f 3544//13389 3560//13390 3561//13391 3545//13392
f 3545//13393 3561//13394 3562//13395 3546//13396
f 3546//13397 3562//13398 3563//13399 3547//13400
f 3547//13401 3563//13402 3564//13403 3548//13404
f 3548//13405 3564//13406 3565//13407 3549//13408
f 3550//13409 3566//13410 3551//13411 3535//13412
f 3549//13413 3565//13414 3566//13415 3550//13416
f 3599//13417 3568//13418 3570//13419 3600//13420
f 3600//13421 3570//13422 3572//13423 3601//13424
f 3601//13425 3572//13426 3574//13427 3602//13428
f 3602//13429 3574//13430 3576//13431 3603//13432
f 3603//13433 3576//13434 3578//13435 3604//13436
f 3604//13437 3578//13438 3580//13439 3605//13440
f 3605//13441 3580//13442 3582//13443 3606//13444
f 3606//13445 3582//13446 3584//13447 3607//13448
f 3607//13449 3584//13450 3586//13451 3608//13452
f 3608//13453 3586//13454 3588//13455 3609//13456
f 3609//13457 3588//13458 3590//13459 3610//13460
f 3610//13461 3590//13462 3592//13463 3611//13464
f 3611//13465 3592//13466 3594//13467 3612//13468
f 3612//13469 3594//13470 3596//13471 3613//13472
f 3570//13473 3568//13474 3598//13475 3596//13476 3594//13477 3592//13478 3590//13479 3588//13480 3586//13481 3584//13482 3582//13483 3580//13484 3578//13485 3576//13486 3574//13487 3572//13488
f 3614//13489 3598//13490 3568//13491 3599//13492
f 3613//13493 3596//13494 3598//13495 3614//13496
f 3567//13497 3569//13498 3571//13499 3573//13500 3575//13501 3577//13502 3579//13503 3581//13504 3583//13505 3585//13506 3587//13507 3589//13508 3591//13509 3593//13510 3595//13511 3597//13512
f 3630//13513 3599//13514 3600//13515 3615//13516
f 3615//13517 3600//13518 3601//13519 3616//13520
f 3616//13521 3601//13522 3602//13523 3617//13524
f 3617//13525 3602//13526 3603//13527 3618//13528
f 3618//13529 3603//13530 3604//13531 3619//13532
f 3619//13533 3604//13534 3605//13535 3620//13536
f 3620//13537 3605//13538 3606//13539 3621//13540
f 3621//13541 3606//13542 3607//13543 3622//13544
f 3622//13545 3607//13546 3608//13547 3623//13548
f 3623//13549 3608//13550 3609//13551 3624//13552
f 3624//13553 3609//13554 3610//13555 3625//13556
f 3625//13557 3610//13558 3611//13559 3626//13560
f 3626//13561 3611//13562 3612//13563 3627//13564
f 3627//13565 3612//13566 3613//13567 3628//13568
f 3629//13569 3614//13570 3599//13571 3630//13572
f 3628//13573 3613//13574 3614//13575 3629//13576
f 3567//13577 3630//13578 3615//13579 3569//13580
f 3569//13581 3615//13582 3616//13583 3571//13584
f 3571//13585 3616//13586 3617//13587 3573//13588
f 3573//13589 3617//13590 3618//13591 3575//13592
f 3575//13593 3618//13594 3619//13595 3577//13596
f 3577//13597 3619//13598 3620//13599 3579//13600
f 3579//13601 3620//13602 3621//13603 3581//13604
f 3581//13605 3621//13606 3622//13607 3583//13608
f 3583//13609 3622//13610 3623//13611 3585//13612
f 3585//13613 3623//13614 3624//13615 3587//13616
f 3587//13617 3624//13618 3625//13619 3589//13620
f 3589//13621 3625//13622 3626//13623 3591//13624
f 3591//13625 3626//13626 3627//13627 3593//13628
f 3593//13629 3627//13630 3628//13631 3595//13632
f 3597//13633 3629//13634 3630//13635 3567//13636
f 3595//13637 3628//13638 3629//13639 3597//13640
f 3663//13641 3632//13642 3634//13643 3664//13644
f 3664//13645 3634//13646 3636//13647 3665//13648
f 3665//13649 3636//13650 3638//13651 3666//13652
f 3666//13653 3638//13654 3640//13655 3667//13656
f 3667//13657 3640//13658 3642//13659 3668//13660
f 3668//13661 3642//13662 3644//13663 3669//13664
f 3669//13665 3644//13666 3646//13667 3670//13668
f 3670//13669 3646//13670 3648//13671 3671//13672
f 3671//13673 3648//13674 3650//13675 3672//13676
f 3672//13677 3650//13678 3652//13679 3673//13680
f 3673//13681 3652//13682 3654//13683 3674//13684
f 3674//13685 3654//13686 3656//13687 3675//13688
f 3675//13689 3656//13690 3658//13691 3676//13692
f 3676//13693 3658//13694 3660//13695 3677//13696
f 3634//13697 3632//13698 3662//13699 3660//13700 3658//13701 3656//13702 3654//13703 3652//13704 3650//13705 3648//13706 3646//13707 3644//13708 3642//13709 3640//13710 3638//13711 3636//13712
f 3678//13713 3662//13714 3632//13715 3663//13716
f 3677//13717 3660//13718 3662//13719 3678//13720
f 3631//13721 3633//13722 3635//13723 3637//13724 3639//13725 3641//13726 3643//13727 3645//13728 3647//13729 3649//13730 3651//13731 3653//13732 3655//13733 3657//13734 3659//13735 3661//13736
f 3694//13737 3663//13738 3664//13739 3679//13740
f 3679//13741 3664//13742 3665//13743 3680//13744
f 3680//13745 3665//13746 3666//13747 3681//13748
f 3681//13749 3666//13750 3667//13751 3682//13752
f 3682//13753 3667//13754 3668//13755 3683//13756
f 3683//13757 3668//13758 3669//13759 3684//13760
f 3684//13761 3669//13762 3670//13763 3685//13764
f 3685//13765 3670//13766 3671//13767 3686//13768
f 3686//13769 3671//13770 3672//13771 3687//13772
f 3687//13773 3672//13774 3673//13775 3688//13776
f 3688//13777 3673//13778 3674//13779 3689//13780
f 3689//13781 3674//13782 3675//13783 3690//13784
f 3690//13785 3675//13786 3676//13787 3691//13788
f 3691//13789 3676//13790 3677//13791 3692//13792
f 3693//13793 3678//13794 3663//13795 3694//13796
f 3692//13797 3677//13798 3678//13799 3693//13800
f 3631//13801 3694//13802 3679//13803 3633//13804
f 3633//13805 3679//13806 3680//13807 3635//13808
f 3635//13809 3680//13810 3681//13811 3637//13812
f 3637//13813 3681//13814 3682//13815 3639//13816
f 3639//13817 3682//13818 3683//13819 3641//13820
f 3641//13821 3683//13822 3684//13823 3643//13824
f 3643//13825 3684//13826 3685//13827 3645//13828
f 3645//13829 3685//13830 3686//13831 3647//13832
f 3647//13833 3686//13834 3687//13835 3649//13836
f 3649//13837 3687//13838 3688//13839 3651//13840
f 3651//13841 3688//13842 3689//13843 3653//13844
f 3653//13845 3689//13846 3690//13847 3655//13848
f 3655//13849 3690//13850 3691//13851 3657//13852
f 3657//13853 3691//13854 3692//13855 3659//13856
f 3661//13857 3693//13858 3694//13859 3631//13860
f 3659//13861 3692//13862 3693//13863 3661//13864
usemtl supportsSG
f 3695//13865 3696//13866 3697//13867
f 3696//13868 3695//13869 3698//13870
f 3699//13871 3696//13872 3698//13873
f 3696//13874 3699//13875 3700//13876
f 3699//13877 3701//13878 3700//13879
f 3701//13880 3699//13881 3702//13882
f 3698//13883 3702//13884 3699//13885
f 3702//13886 3698//13887 3695//13888
f 3697//13889 3702//13890 3695//13891
f 3702//13892 3697//13893 3701//13894
f 3697//13895 3700//13896 3701//13897
f 3700//13898 3697//13899 3696//13900
f 3703//13901 3704//13902 3705//13903
f 3704//13904 3703//13905 3706//13906
f 3707//13907 3704//13908 3706//13909
f 3704//13910 3707//13911 3708//13912
f 3707//13913 3709//13914 3708//13915
f 3709//13916 3707//13917 3710//13918
f 3706//13919 3710//13920 3707//13921
f 3710//13922 3706//13923 3703//13924
f 3705//13925 3710//13926 3703//13927
f 3710//13928 3705//13929 3709//13930
f 3705//13931 3708//13932 3709//13933
f 3708//13934 3705//13935 3704//13936
usemtl railSG
f 3711//13937 3712//13938 3713//13939
f 3712//13940 3711//13941 3714//13942
f 3715//13943 3714//13944 3711//13945
f 3714//13946 3715//13947 3716//13948
f 3716//13949 3712//13950 3714//13951
f 3712//13952 3716//13953 3717//13954
f 3717//13955 3713//13956 3712//13957
f 3713//13958 3717//13959 3718//13960
f 3715//13961 3713//13962 3718//13963
f 3713//13964 3715//13965 3711//13966
f 3718//13967 3716//13968 3715//13969
f 3716//13970 3718//13971 3717//13972
f 3719//13973 3720//13974 3721//13975
f 3720//13976 3719//13977 3722//13978
f 3723//13979 3722//13980 3719//13981
f 3722//13982 3723//13983 3724//13984
f 3724//13985 3720//13986 3722//13987
f 3720//13988 3724//13989 3725//13990
f 3725//13991 3721//13992 3720//13993
f 3721//13994 3725//13995 3726//13996
f 3723//13997 3721//13998 3726//13999
f 3721//14000 3723//14001 3719//14002
f 3726//14003 3724//14004 3723//14005
f 3724//14006 3726//14007 3725//14008
f 3727//14009 3728//14010 3729//14011
f 3728//14012 3727//14013 3730//14014
f 3730//14015 3731//14016 3728//14017
f 3732//14018 3728//14019 3731//14020
f 3728//14021 3732//14022 3733//14023
f 3733//14024 3729//14025 3728//14026
f 3729//14027 3733//14028 3734//14029
f 3735//14030 3734//14031 3733//14032
f 3733//14033 3736//14034 3735//14035
f 3736//14036 3733//14037 3732//14038
f 3732//14039 3737//14040 3736//14041
f 3737//14042 3732//14043 3738//14044
f 3731//14045 3738//14046 3732//14047
f 3738//14048 3731//14049 3739//14050
f 3740//14051 3739//14052 3731//14053
f 3731//14054 3730//14055 3740//14056
f 3741//14057 3740//14058 3730//14059
f 3730//14060 3742//14061 3741//14062
f 3742//14063 3730//14064 3727//14065
f 3742//14066 3727//14067 3734//14068
f 3727//14069 3729//14070 3734//14071
f 3743//14072 3744//14073 3745//14074
f 3744//14075 3743//14076 3746//14077
f 3746//14078 3747//14079 3744//14080
f 3748//14081 3744//14082 3747//14083
f 3744//14084 3748//14085 3749//14086
f 3749//14087 3745//14088 3744//14089
f 3745//14090 3749//14091 3750//14092
f 3751//14093 3750//14094 3749//14095
f 3749//14096 3752//14097 3751//14098
f 3752//14099 3749//14100 3748//14101
f 3748//14102 3753//14103 3752//14104
f 3753//14105 3748//14106 3754//14107
f 3747//14108 3754//14109 3748//14110
f 3754//14111 3747//14112 3755//14113
f 3756//14114 3755//14115 3747//14116
f 3747//14117 3746//14118 3756//14119
f 3757//14120 3756//14121 3746//14122
f 3746//14123 3758//14124 3757//14125
f 3758//14126 3746//14127 3743//14128
f 3758//14129 3743//14130 3750//14131
f 3743//14132 3745//14133 3750//14134
f 3750//14135 3751//14136 3759//14137
f 3760//14138 3759//14139 3751//14140
f 3751//14141 3761//14142 3760//14143
f 3761//14144 3751//14145 3752//14146
f 3752//14147 3762//14148 3761//14149
f 3762//14150 3752//14151 3753//14152
f 3753//14153 3763//14154 3762//14155
f 3764//14156 3763//14157 3753//14158
f 3754//14159 3764//14160 3753//14161
f 3765//14162 3764//14163 3754//14164
f 3755//14165 3765//14166 3754//14167
f 3766//14168 3765//14169 3755//14170
f 3767//14171 3766//14172 3755//14173
f 3755//14174 3756//14175 3767//14176
f 3768//14177 3767//14178 3756//14179
f 3756//14180 3757//14181 3768//14182
f 3760//14183 3768//14184 3757//14185
f 3757//14186 3769//14187 3760//14188
f 3769//14189 3757//14190 3758//14191
f 3769//14192 3758//14193 3750//14194
f 3769//14195 3750//14196 3759//14197
f 3759//14198 3760//14199 3769//14200
f 3734//14201 3735//14202 3770//14203
f 3771//14204 3770//14205 3735//14206
f 3735//14207 3772//14208 3771//14209
f 3772//14210 3735//14211 3736//14212
f 3736//14213 3773//14214 3772//14215
f 3773//14216 3736//14217 3737//14218
f 3737//14219 3774//14220 3773//14221
f 3775//14222 3774//14223 3737//14224
f 3738//14225 3775//14226 3737//14227
f 3776//14228 3775//14229 3738//14230
f 3739//14231 3776//14232 3738//14233
f 3777//14234 3776//14235 3739//14236
f 3778//14237 3777//14238 3739//14239
f 3739//14240 3740//14241 3778//14242
f 3779//14243 3778//14244 3740//14245
f 3740//14246 3741//14247 3779//14248
f 3771//14249 3779//14250 3741//14251
f 3741//14252 3780//14253 3771//14254
f 3780//14255 3741//14256 3742//14257
f 3780//14258 3742//14259 3734//14260
f 3780//14261 3734//14262 3770//14263
f 3770//14264 3771//14265 3780//14266
f 3768//14267 3760//14268 3761//14269
f 3761//14270 3781//14271 3768//14272
f 3781//14273 3761//14274 3762//14275
f 3762//14276 3782//14277 3781//14278
f 3782//14279 3783//14280 3781//14281
f 3781//14282 3783//14283 3767//14284
f 3767//14285 3768//14286 3781//14287
f 3779//14288 3771//14289 3772//14290
f 3772//14291 3784//14292 3779//14293
f 3784//14294 3772//14295 3773//14296
f 3773//14297 3785//14298 3784//14299
f 3785//14300 3786//14301 3784//14302
f 3784//14303 3786//14304 3778//14305
f 3778//14306 3779//14307 3784//14308
f 3783//14309 3766//14310 3767//14311
f 3783//14312 3765//14313 3766//14314
f 3764//14315 3765//14316 3783//14317
f 3763//14318 3764//14319 3783//14320
f 3782//14321 3763//14322 3783//14323
f 3763//14324 3782//14325 3762//14326
f 3786//14327 3777//14328 3778//14329
f 3786//14330 3776//14331 3777//14332
f 3775//14333 3776//14334 3786//14335
f 3774//14336 3775//14337 3786//14338
f 3785//14339 3774//14340 3786//14341
f 3774//14342 3785//14343 3773//14344
usemtl tunnelSG
f 3787//14345 3788//14346 3789//14347
f 3787//14348 3790//14349 3788//14350
f 3791//14351 3792//14352 3793//14353
f 3794//14354 3791//14355 3793//14356
f 3795//14357 3796//14358 3797//14359
f 3798//14360 3795//14361 3797//14362
f 3799//14363 3800//14364 3796//14365
f 3795//14366 3799//14367 3796//14368
f 3801//14369 3802//14370 3800//14371
f 3799//14372 3801//14373 3800//14374
f 3793//14375 3792//14376 3803//14377
f 3793//14378 3803//14379 3804//14380
f 3805//14381 3793//14382 3804//14383
f 3805//14384 3804//14385 3806//14386
f 3807//14387 3805//14388 3806//14389
f 3807//14390 3806//14391 3808//14392
f 3809//14393 3807//14394 3808//14395
f 3809//14396 3808//14397 3788//14398
f 3790//14399 3809//14400 3788//14401
f 3792//14402 3798//14403 3803//14404
f 3792//14405 3810//14406 3798//14407
f 3810//14408 3795//14409 3798//14410
f 3810//14411 3811//14412 3795//14413
f 3811//14414 3799//14415 3795//14416
f 3811//14417 3812//14418 3799//14419
f 3812//14420 3801//14421 3799//14422
f 3798//14423 3797//14424 3813//14425
f 3803//14426 3798//14427 3813//14428
f 3797//14429 3791//14430 3794//14431
f 3813//14432 3797//14433 3794//14434
f 3813//14435 3794//14436 3814//14437
f 3815//14438 3813//14439 3814//14440
f 3815//14441 3814//14442 3816//14443
f 3817//14444 3815//14445 3816//14446
f 3817//14447 3816//14448 3818//14449
f 3819//14450 3817//14451 3818//14452
f 3819//14453 3818//14454 3787//14455
f 3789//14456 3819//14457 3787//14458
f 3796//14459 3820//14460 3791//14461
f 3797//14462 3796//14463 3791//14464
f 3800//14465 3821//14466 3820//14467
f 3796//14468 3800//14469 3820//14470
f 3802//14471 3822//14472 3821//14473
f 3800//14474 3802//14475 3821//14476
f 3803//14477 3813//14478 3815//14479
f 3804//14480 3803//14481 3815//14482
f 3794//14483 3793//14484 3805//14485
f 3814//14486 3794//14487 3805//14488
f 3788//14489 3808//14490 3789//14491
f 3812//14492 3822//14493 3801//14494
f 3801//14495 3822//14496 3802//14497
f 3804//14498 3815//14499 3817//14500
f 3806//14501 3804//14502 3817//14503
f 3806//14504 3817//14505 3819//14506
f 3808//14507 3806//14508 3819//14509
f 3808//14510 3819//14511 3789//14512
f 3814//14513 3805//14514 3807//14515
f 3816//14516 3814//14517 3807//14518
f 3816//14519 3807//14520 3809//14521
f 3818//14522 3816//14523 3809//14524
f 3818//14525 3809//14526 3790//14527
f 3787//14528 3818//14529 3790//14530
f 3820//14531 3810//14532 3792//14533
f 3791//14534 3820//14535 3792//14536
f 3821//14537 3811//14538 3810//14539
f 3820//14540 3821//14541 3810//14542
f 3822//14543 3812//14544 3811//14545
f 3821//14546 3822//14547 3811//14548
usemtl stepSG
f 3823//14549 3824//14550 3825//14551
f 3824//14552 3823//14553 3826//14554
f 3827//14555 3826//14556 3823//14557
f 3827//14558 3823//14559 3828//14560
f 3825//14561 3828//14562 3823//14563
f 3825//14564 3829//14565 3828//14566
f 3829//14567 3825//14568 3824//14569
f 3829//14570 3824//14571 3830//14572
f 3830//14573 3828//14574 3829//14575
f 3828//14576 3830//14577 3827//14578
f 3826//14579 3827//14580 3830//14581
f 3826//14582 3830//14583 3824//14584
f 3831//14585 3832//14586 3833//14587
f 3832//14588 3831//14589 3834//14590
f 3835//14591 3834//14592 3831//14593
f 3835//14594 3831//14595 3836//14596
f 3833//14597 3836//14598 3831//14599
f 3833//14600 3837//14601 3836//14602
f 3837//14603 3833//14604 3832//14605
f 3837//14606 3832//14607 3838//14608
f 3838//14609 3836//14610 3837//14611
f 3836//14612 3838//14613 3835//14614
f 3834//14615 3835//14616 3838//14617
f 3834//14618 3838//14619 3832//14620
f 3839//14621 3840//14622 3841//14623
f 3840//14624 3839//14625 3842//14626
f 3843//14627 3842//14628 3839//14629
f 3843//14630 3839//14631 3844//14632
f 3841//14633 3844//14634 3839//14635
f 3841//14636 3845//14637 3844//14638
f 3845//14639 3841//14640 3840//14641
f 3845//14642 3840//14643 3846//14644
f 3846//14645 3844//14646 3845//14647
f 3844//14648 3846//14649 3843//14650
f 3842//14651 3843//14652 3846//14653
f 3842//14654 3846//14655 3840//14656
f 3847//14657 3848//14658 3849//14659
f 3848//14660 3847//14661 3850//14662
f 3851//14663 3850//14664 3847//14665
f 3851//14666 3847//14667 3852//14668
f 3849//14669 3852//14670 3847//14671
f 3849//14672 3853//14673 3852//14674
f 3853//14675 3849//14676 3848//14677
f 3853//14678 3848//14679 3854//14680
f 3854//14681 3852//14682 3853//14683
f 3852//14684 3854//14685 3851//14686
f 3850//14687 3851//14688 3854//14689
f 3850//14690 3854//14691 3848//14692
f 3855//14693 3856//14694 3857//14695
f 3856//14696 3855//14697 3858//14698
f 3859//14699 3858//14700 3855//14701
f 3859//14702 3855//14703 3860//14704
f 3857//14705 3860//14706 3855//14707
f 3857//14708 3861//14709 3860//14710
f 3861//14711 3857//14712 3856//14713
f 3861//14714 3856//14715 3862//14716
f 3862//14717 3860//14718 3861//14719
f 3860//14720 3862//14721 3859//14722
f 3858//14723 3859//14724 3862//14725
f 3858//14726 3862//14727 3856//14728
f 3863//14729 3864//14730 3865//14731
f 3864//14732 3863//14733 3866//14734
f 3867//14735 3866//14736 3863//14737
f 3867//14738 3863//14739 3868//14740
f 3865//14741 3868//14742 3863//14743
f 3865//14744 3869//14745 3868//14746
f 3869//14747 3865//14748 3864//14749
f 3869//14750 3864//14751 3870//14752
f 3870//14753 3868//14754 3869//14755
f 3868//14756 3870//14757 3867//14758
f 3866//14759 3867//14760 3870//14761
f 3866//14762 3870//14763 3864//14764
f 3871//14765 3872//14766 3873//14767
f 3872//14768 3871//14769 3874//14770
f 3875//14771 3874//14772 3871//14773
f 3875//14774 3871//14775 3876//14776
f 3873//14777 3876//14778 3871//14779
f 3873//14780 3877//14781 3876//14782
f 3877//14783 3873//14784 3872//14785
f 3877//14786 3872//14787 3878//14788
f 3878//14789 3876//14790 3877//14791
f 3876//14792 3878//14793 3875//14794
f 3874//14795 3875//14796 3878//14797
f 3874//14798 3878//14799 3872//14800
f 3879//14801 3880//14802 3881//14803
f 3880//14804 3879//14805 3882//14806
f 3883//14807 3882//14808 3879//14809
f 3883//14810 3879//14811 3884//14812
f 3881//14813 3884//14814 3879//14815
f 3881//14816 3885//14817 3884//14818
f 3885//14819 3881//14820 3880//14821
f 3885//14822 3880//14823 3886//14824
f 3886//14825 3884//14826 3885//14827
f 3884//14828 3886//14829 3883//14830
f 3882//14831 3883//14832 3886//14833
f 3882//14834 3886//14835 3880//14836
usemtl slideSG
f 3887//14837 3888//14838 3889//14839
f 3890//14840 3889//14841 3888//14842
f 3890//14843 3888//14844 3891//14845
f 3892//14846 3891//14847 3888//14848
f 3892//14849 3888//14850 3893//14851
f 3894//14852 3893//14853 3888//14854
f 3894//14855 3895//14856 3893//14857
f 3894//14858 3896//14859 3895//14860
f 3897//14861 3895//14862 3896//14863
f 3898//14864 3893//14865 3895//14866
f 3899//14867 3894//14868 3900//14869
f 3888//14870 3900//14871 3894//14872
f 3901//14873 3899//14874 3902//14875
f 3900//14876 3902//14877 3899//14878
f 3903//14879 3901//14880 3904//14881
f 3902//14882 3904//14883 3901//14884
f 3905//14885 3903//14886 3906//14887
f 3904//14888 3906//14889 3903//14890
f 3907//14891 3908//14892 3909//14893
f 3910//14894 3909//14895 3908//14896
f 3911//14897 3891//14898 3912//14899
f 3892//14900 3912//14901 3891//14902
f 3912//14903 3892//14904 3913//14905
f 3893//14906 3913//14907 3892//14908
f 3913//14909 3893//14910 3914//14911
f 3898//14912 3914//14913 3893//14914
f 3915//14915 3911//14916 3916//14917
f 3912//14918 3916//14919 3911//14920
f 3916//14921 3912//14922 3917//14923
f 3913//14924 3917//14925 3912//14926
f 3917//14927 3913//14928 3918//14929
f 3914//14930 3918//14931 3913//14932
f 3919//14933 3915//14934 3920//14935
f 3916//14936 3920//14937 3915//14938
f 3920//14939 3916//14940 3921//14941
f 3917//14942 3921//14943 3916//14944
f 3921//14945 3917//14946 3922//14947
f 3918//14948 3922//14949 3917//14950
f 3923//14951 3921//14952 3924//14953
f 3921//14954 3923//14955 3920//14956
f 3925//14957 3920//14958 3923//14959
f 3920//14960 3925//14961 3919//14962
f 3926//14963 3919//14964 3925//14965
f 3922//14966 3924//14967 3921//14968
f 3910//14969 3927//14970 3909//14971
f 3928//14972 3909//14973 3927//14974
f 3929//14975 3930//14976 3931//14977
f 3932//14978 3931//14979 3930//14980
f 3933//14981 3887//14982 3934//14983
f 3889//14984 3934//14985 3887//14986
f 3935//14987 3933//14988 3936//14989
f 3934//14990 3936//14991 3933//14992
f 3937//14993 3935//14994 3938//14995
f 3936//14996 3938//14997 3935//14998
f 3932//14999 3937//15000 3931//15001
f 3938//15002 3931//15003 3937//15004
f 3939//15005 3896//15006 3899//15007
f 3894//15008 3899//15009 3896//15010
f 3940//15011 3939//15012 3901//15013
f 3899//15014 3901//15015 3939//15016
f 3941//15017 3940//15018 3903//15019
f 3901//15020 3903//15021 3940//15022
f 3908//15023 3941//15024 3905//15025
f 3903//15026 3905//15027 3941//15028
f 3908//15029 3905//15030 3910//15031
f 3927//15032 3910//15033 3905//15034
f 3942//15035 3930//15036 3943//15037
f 3929//15038 3943//15039 3930//15040
f 3887//15041 3933//15042 3888//15043
f 3900//15044 3888//15045 3933//15046
f 3933//15047 3935//15048 3900//15049
f 3902//15050 3900//15051 3935//15052
f 3935//15053 3937//15054 3902//15055
f 3904//15056 3902//15057 3937//15058
f 3937//15059 3932//15060 3904//15061
f 3906//15062 3904//15063 3932//15064
f 3906//15065 3932//15066 3942//15067
f 3930//15068 3942//15069 3932//15070
f 3896//15071 3939//15072 3897//15073
f 3944//15074 3897//15075 3939//15076
f 3939//15077 3940//15078 3944//15079
f 3945//15080 3944//15081 3940//15082
f 3940//15083 3941//15084 3945//15085
f 3946//15086 3945//15087 3941//15088
f 3941//15089 3908//15090 3946//15091
f 3907//15092 3946//15093 3908//15094
f 3947//15095 3948//15096 3949//15097
f 3950//15098 3949//15099 3948//15100
f 3951//15101 3947//15102 3952//15103
f 3949//15104 3952//15105 3947//15106
f 3953//15107 3951//15108 3954//15109
f 3952//15110 3954//15111 3951//15112
f 3955//15113 3895//15114 3944//15115
f 3897//15116 3944//15117 3895//15118
f 3914//15119 3898//15120 3955//15121
f 3895//15122 3955//15123 3898//15124
f 3956//15125 3955//15126 3945//15127
f 3944//15128 3945//15129 3955//15130
f 3918//15131 3914//15132 3956//15133
f 3955//15134 3956//15135 3914//15136
f 3957//15137 3956//15138 3946//15139
f 3945//15140 3946//15141 3956//15142
f 3922//15143 3918//15144 3957//15145
f 3956//15146 3957//15147 3918//15148
f 3946//15149 3907//15150 3957//15151
f 3958//15152 3957//15153 3907//15154
f 3957//15155 3958//15156 3922//15157
f 3924//15158 3922//15159 3958//15160
f 3958//15161 3928//15162 3924//15163
f 3958//15164 3907//15165 3928//15166
f 3909//15167 3928//15168 3907//15169
f 3959//15170 3924//15171 3928//15172
f 3928//15173 3953//15174 3959//15175
f 3954//15176 3959//15177 3953//15178
f 3890//15179 3960//15180 3889//15181
f 3934//15182 3889//15183 3960//15184
f 3960//15185 3961//15186 3934//15187
f 3936//15188 3934//15189 3961//15190
f 3961//15191 3962//15192 3936//15193
f 3938//15194 3936//15195 3962//15196
f 3962//15197 3963//15198 3938//15199
f 3931//15200 3938//15201 3963//15202
f 3931//15203 3963//15204 3929//15205
f 3943//15206 3929//15207 3963//15208
f 3943//15209 3963//15210 3964//15211
f 3926//15212 3964//15213 3963//15214
f 3963//15215 3962//15216 3926//15217
f 3919//15218 3926//15219 3962//15220
f 3962//15221 3961//15222 3919//15223
f 3915//15224 3919//15225 3961//15226
f 3961//15227 3960//15228 3915//15229
f 3911//15230 3915//15231 3960//15232
f 3960//15233 3890//15234 3911//15235
f 3891//15236 3911//15237 3890//15238
f 3964//15239 3950//15240 3943//15241
f 3948//15242 3943//15243 3950//15244
f 3927//15245 3905//15246 3942//15247
f 3906//15248 3942//15249 3905//15250
f 3943//15251 3948//15252 3942//15253
f 3947//15254 3942//15255 3948//15256
f 3942//15257 3947//15258 3927//15259
f 3951//15260 3927//15261 3947//15262
f 3927//15263 3951//15264 3928//15265
f 3953//15266 3928//15267 3951//15268
f 3923//15269 3924//15270 3965//15271
f 3959//15272 3965//15273 3924//15274
f 3959//15275 3954//15276 3965//15277
f 3952//15278 3965//15279 3954//15280
f 3965//15281 3952//15282 3966//15283
f 3966//15284 3925//15285 3965//15286
f 3966//15287 3964//15288 3925//15289
f 3926//15290 3925//15291 3964//15292
f 3923//15293 3965//15294 3925//15295
f 3950//15296 3964//15297 3949//15298
f 3966//15299 3949//15300 3964//15301
f 3949//15302 3966//15303 3952//15304
usemtl supportsSG
f 3967//15305 3968//15306 3969//15307
f 3968//15308 3967//15309 3970//15310
f 3971//15311 3970//15312 3967//15313
f 3971//15314 3967//15315 3972//15316
f 3969//15317 3972//15318 3967//15319
f 3969//15320 3973//15321 3972//15322
f 3973//15323 3969//15324 3968//15325
f 3973//15326 3968//15327 3974//15328
f 3974//15329 3972//15330 3973//15331
f 3972//15332 3974//15333 3971//15334
f 3970//15335 3971//15336 3974//15337
f 3970//15338 3974//15339 3968//15340
f 3975//15341 3976//15342 3977//15343
f 3976//15344 3975//15345 3978//15346
f 3979//15347 3978//15348 3975//15349
f 3979//15350 3975//15351 3980//15352
f 3977//15353 3980//15354 3975//15355
f 3977//15356 3981//15357 3980//15358
f 3981//15359 3977//15360 3976//15361
f 3981//15362 3976//15363 3982//15364
f 3982//15365 3980//15366 3981//15367
f 3980//15368 3982//15369 3979//15370
f 3978//15371 3979//15372 3982//15373
f 3978//15374 3982//15375 3976//15376
usemtl lambert2SG
f 3983/2240/15377 3984/2241/15378 3986/2242/15379 3985/2243/15380
